[
    {
        "bot_id": "B01U774L6SJ",
        "type": "message",
        "text": "",
        "user": "U01UE6SLDMH",
        "ts": "1690134199.616349",
        "app_id": "A01BP7R4KNY",
        "team": "T03FVM0K8",
        "bot_profile": {
            "id": "B01U774L6SJ",
            "deleted": false,
            "name": "GitHub",
            "updated": 1618484049,
            "app_id": "A01BP7R4KNY",
            "icons": {
                "image_36": "https:\/\/avatars.slack-edge.com\/2020-11-25\/1527503386626_319578f21381f9641cd8_36.png",
                "image_48": "https:\/\/avatars.slack-edge.com\/2020-11-25\/1527503386626_319578f21381f9641cd8_48.png",
                "image_72": "https:\/\/avatars.slack-edge.com\/2020-11-25\/1527503386626_319578f21381f9641cd8_72.png"
            },
            "team_id": "T03FVM0K8"
        },
        "attachments": [
            {
                "id": 1,
                "footer_icon": "https:\/\/slack.github.com\/static\/img\/favicon-neutral.png",
                "color": "24292f",
                "fallback": "[silverkeytech\/sawiris] 2 new commits pushed to _master_ by MGenidyO",
                "text": "`<https:\/\/github.com\/silverkeytech\/sawiris\/commit\/39792bcb7e5c54a00b6dd985fe6466adc9880963|39792bcb>` - LLBL to filter technical report activities\n`<https:\/\/github.com\/silverkeytech\/sawiris\/commit\/e04b567fc63d548194feb7b32fefd4641740b3ad|e04b567f>` - filter technical report activites",
                "pretext": "<https:\/\/github.com\/silverkeytech\/sawiris\/compare\/85e2d0b2d847...e04b567fc63d|2 new commits> pushed to `<https:\/\/github.com\/silverkeytech\/sawiris\/tree\/master|master>` by <https:\/\/github.com\/MGenidyO|MGenidyO>",
                "footer": "<https:\/\/github.com\/silverkeytech\/sawiris|silverkeytech\/sawiris>",
                "mrkdwn_in": [
                    "text"
                ]
            }
        ]
    },
    {
        "bot_id": "B01U774L6SJ",
        "type": "message",
        "text": "",
        "user": "U01UE6SLDMH",
        "ts": "1690139345.726599",
        "app_id": "A01BP7R4KNY",
        "team": "T03FVM0K8",
        "bot_profile": {
            "id": "B01U774L6SJ",
            "app_id": "A01BP7R4KNY",
            "name": "GitHub",
            "icons": {
                "image_36": "https:\/\/avatars.slack-edge.com\/2020-11-25\/1527503386626_319578f21381f9641cd8_36.png",
                "image_48": "https:\/\/avatars.slack-edge.com\/2020-11-25\/1527503386626_319578f21381f9641cd8_48.png",
                "image_72": "https:\/\/avatars.slack-edge.com\/2020-11-25\/1527503386626_319578f21381f9641cd8_72.png"
            },
            "deleted": false,
            "updated": 1618484049,
            "team_id": "T03FVM0K8"
        },
        "attachments": [
            {
                "id": 1,
                "footer_icon": "https:\/\/slack.github.com\/static\/img\/favicon-neutral.png",
                "color": "24292f",
                "fallback": "[silverkeytech\/sawiris] 3 new commits pushed to _master_ by MGenidyO",
                "text": "`<https:\/\/github.com\/silverkeytech\/sawiris\/commit\/a4fcd61d887b1459a04ba02e767540cc219298e6|a4fcd61d>` - audit report minimae he input validation and check if\n`<https:\/\/github.com\/silverkeytech\/sawiris\/commit\/24900dc6b8daa6e5d7d319ca3ac5dec81506dea8|24900dc6>` - ---\n`<https:\/\/github.com\/silverkeytech\/sawiris\/commit\/6be7fe8681f1c186c5c9f968da754f2a51ba765c|6be7fe86>` - ---",
                "pretext": "<https:\/\/github.com\/silverkeytech\/sawiris\/compare\/e04b567fc63d...6be7fe8681f1|3 new commits> pushed to `<https:\/\/github.com\/silverkeytech\/sawiris\/tree\/master|master>` by <https:\/\/github.com\/MGenidyO|MGenidyO>",
                "footer": "<https:\/\/github.com\/silverkeytech\/sawiris|silverkeytech\/sawiris>",
                "mrkdwn_in": [
                    "text"
                ]
            }
        ]
    }
]