[
    {
        "bot_id": "B01U774L6SJ",
        "type": "message",
        "text": "",
        "user": "U01UE6SLDMH",
        "ts": "1691508903.234009",
        "app_id": "A01BP7R4KNY",
        "team": "T03FVM0K8",
        "bot_profile": {
            "id": "B01U774L6SJ",
            "app_id": "A01BP7R4KNY",
            "name": "GitHub",
            "icons": {
                "image_36": "https:\/\/avatars.slack-edge.com\/2020-11-25\/1527503386626_319578f21381f9641cd8_36.png",
                "image_48": "https:\/\/avatars.slack-edge.com\/2020-11-25\/1527503386626_319578f21381f9641cd8_48.png",
                "image_72": "https:\/\/avatars.slack-edge.com\/2020-11-25\/1527503386626_319578f21381f9641cd8_72.png"
            },
            "deleted": false,
            "updated": 1618484049,
            "team_id": "T03FVM0K8"
        },
        "attachments": [
            {
                "id": 1,
                "footer_icon": "https:\/\/slack.github.com\/static\/img\/favicon-neutral.png",
                "color": "24292f",
                "fallback": "[silverkeytech\/sawiris] 1 new commit pushed to _master_ by MGenidyO",
                "text": "`<https:\/\/github.com\/silverkeytech\/sawiris\/commit\/6c0427eb1aeaa46479b06ac8769afdc70d30d8fe|6c0427eb>` - fix stage technical report markup string",
                "pretext": "<https:\/\/github.com\/silverkeytech\/sawiris\/compare\/6be7fe8681f1...6c0427eb1aea|1 new commit> pushed to `<https:\/\/github.com\/silverkeytech\/sawiris\/tree\/master|master>` by <https:\/\/github.com\/MGenidyO|MGenidyO>",
                "footer": "<https:\/\/github.com\/silverkeytech\/sawiris|silverkeytech\/sawiris>",
                "mrkdwn_in": [
                    "text"
                ]
            }
        ]
    }
]