[
    {
        "type": "message",
        "subtype": "bot_message",
        "text": "Sandra Hany is finished for today. Away.",
        "ts": "1692169399.469039",
        "username": "Silverkey Hub",
        "bot_id": "B05HFU026BH",
        "blocks": [
            {
                "type": "rich_text",
                "block_id": "W+eTt",
                "elements": [
                    {
                        "type": "rich_text_section",
                        "elements": [
                            {
                                "type": "text",
                                "text": "Sandra Hany is finished for today. Away."
                            }
                        ]
                    }
                ]
            }
        ]
    },
    {
        "type": "message",
        "subtype": "bot_message",
        "text": "Sandra Hany Started to work now.",
        "ts": "1692169401.611229",
        "username": "Silverkey Hub",
        "bot_id": "B05HFU026BH",
        "blocks": [
            {
                "type": "rich_text",
                "block_id": "ZEx",
                "elements": [
                    {
                        "type": "rich_text_section",
                        "elements": [
                            {
                                "type": "text",
                                "text": "Sandra Hany Started to work now."
                            }
                        ]
                    }
                ]
            }
        ]
    },
    {
        "type": "message",
        "subtype": "bot_message",
        "text": "Mohamed Sameer Started to work now.",
        "ts": "1692170390.971849",
        "username": "Silverkey Hub",
        "bot_id": "B05HFU026BH",
        "blocks": [
            {
                "type": "rich_text",
                "block_id": "uFa",
                "elements": [
                    {
                        "type": "rich_text_section",
                        "elements": [
                            {
                                "type": "text",
                                "text": "Mohamed Sameer Started to work now."
                            }
                        ]
                    }
                ]
            }
        ]
    },
    {
        "client_msg_id": "129a725a-e40d-41e0-aca1-3aab00ab4db7",
        "type": "message",
        "text": "Feeling sick. Will work later today If I got better",
        "user": "U027V0C9KEY",
        "ts": "1692171092.989519",
        "blocks": [
            {
                "type": "rich_text",
                "block_id": "2Kb",
                "elements": [
                    {
                        "type": "rich_text_section",
                        "elements": [
                            {
                                "type": "text",
                                "text": "Feeling sick. Will work later today If I got better"
                            }
                        ]
                    }
                ]
            }
        ],
        "team": "T03FVM0K8",
        "user_team": "T03FVM0K8",
        "source_team": "T03FVM0K8",
        "user_profile": {
            "avatar_hash": "b6b090a41de9",
            "image_72": "https:\/\/avatars.slack-edge.com\/2022-10-26\/4273295914469_b6b090a41de93d3b28e0_72.jpg",
            "first_name": "Amr",
            "real_name": "Amr Mohamed Zaki",
            "display_name": "Amr Zaki",
            "team": "T03FVM0K8",
            "name": "amrz",
            "is_restricted": false,
            "is_ultra_restricted": false
        },
        "thread_ts": "1692171092.989519",
        "reply_count": 2,
        "reply_users_count": 2,
        "latest_reply": "1692188085.826989",
        "reply_users": [
            "U0436S8PYJH",
            "UDDJGP5CL"
        ],
        "replies": [
            {
                "user": "U0436S8PYJH",
                "ts": "1692171731.769729"
            },
            {
                "user": "UDDJGP5CL",
                "ts": "1692188085.826989"
            }
        ],
        "is_locked": false,
        "subscribed": false
    },
    {
        "type": "message",
        "subtype": "bot_message",
        "text": "Mahy Started to work now.",
        "ts": "1692171217.123619",
        "username": "Silverkey Hub",
        "bot_id": "B05HFU026BH",
        "blocks": [
            {
                "type": "rich_text",
                "block_id": "TuT+",
                "elements": [
                    {
                        "type": "rich_text_section",
                        "elements": [
                            {
                                "type": "text",
                                "text": "Mahy Started to work now."
                            }
                        ]
                    }
                ]
            }
        ]
    },
    {
        "client_msg_id": "91B38BFF-1A0A-4F4C-AD13-6596726206A3",
        "type": "message",
        "text": "الف سلامة يا عمرو ",
        "user": "U0436S8PYJH",
        "ts": "1692171731.769729",
        "blocks": [
            {
                "type": "rich_text",
                "block_id": "siZ\/\/",
                "elements": [
                    {
                        "type": "rich_text_section",
                        "elements": [
                            {
                                "type": "text",
                                "text": "الف سلامة يا عمرو "
                            }
                        ]
                    }
                ]
            }
        ],
        "team": "T03FVM0K8",
        "user_team": "T03FVM0K8",
        "source_team": "T03FVM0K8",
        "user_profile": {
            "avatar_hash": "6f58dc50a77b",
            "image_72": "https:\/\/avatars.slack-edge.com\/2023-04-11\/5073365626599_6f58dc50a77b0c617526_72.jpg",
            "first_name": "Mohamed",
            "real_name": "Mohamed Sameer",
            "display_name": "Mohamed Sameer",
            "team": "T03FVM0K8",
            "name": "msameer",
            "is_restricted": false,
            "is_ultra_restricted": false
        },
        "thread_ts": "1692171092.989519",
        "parent_user_id": "U027V0C9KEY"
    },
    {
        "type": "message",
        "subtype": "bot_message",
        "text": "Youssef El baghdady is finished for today. Away.",
        "ts": "1692172426.179809",
        "username": "Silverkey Hub",
        "bot_id": "B05HFU026BH",
        "blocks": [
            {
                "type": "rich_text",
                "block_id": "gulik",
                "elements": [
                    {
                        "type": "rich_text_section",
                        "elements": [
                            {
                                "type": "text",
                                "text": "Youssef El baghdady is finished for today. Away."
                            }
                        ]
                    }
                ]
            }
        ]
    },
    {
        "type": "message",
        "subtype": "bot_message",
        "text": "Youssef El baghdady Started to work now.",
        "ts": "1692172427.911329",
        "username": "Silverkey Hub",
        "bot_id": "B05HFU026BH",
        "blocks": [
            {
                "type": "rich_text",
                "block_id": "elh",
                "elements": [
                    {
                        "type": "rich_text_section",
                        "elements": [
                            {
                                "type": "text",
                                "text": "Youssef El baghdady Started to work now."
                            }
                        ]
                    }
                ]
            }
        ]
    },
    {
        "type": "message",
        "subtype": "bot_message",
        "text": "Hannah Hatem is away for sometime.",
        "ts": "1692172804.095619",
        "username": "Silverkey Hub",
        "bot_id": "B05HFU026BH",
        "blocks": [
            {
                "type": "rich_text",
                "block_id": "BqNFT",
                "elements": [
                    {
                        "type": "rich_text_section",
                        "elements": [
                            {
                                "type": "text",
                                "text": "Hannah Hatem is away for sometime."
                            }
                        ]
                    }
                ]
            }
        ]
    },
    {
        "type": "message",
        "subtype": "bot_message",
        "text": "Mennanabilh Started to work now.",
        "ts": "1692172849.505779",
        "username": "Silverkey Hub",
        "bot_id": "B05HFU026BH",
        "blocks": [
            {
                "type": "rich_text",
                "block_id": "8pU",
                "elements": [
                    {
                        "type": "rich_text_section",
                        "elements": [
                            {
                                "type": "text",
                                "text": "Mennanabilh Started to work now."
                            }
                        ]
                    }
                ]
            }
        ]
    },
    {
        "type": "message",
        "subtype": "bot_message",
        "text": "Bassem-Adel-Eg Started to work now.",
        "ts": "1692173437.097629",
        "username": "Silverkey Hub",
        "bot_id": "B05HFU026BH",
        "blocks": [
            {
                "type": "rich_text",
                "block_id": "Zfc",
                "elements": [
                    {
                        "type": "rich_text_section",
                        "elements": [
                            {
                                "type": "text",
                                "text": "Bassem-Adel-Eg Started to work now."
                            }
                        ]
                    }
                ]
            }
        ]
    },
    {
        "type": "message",
        "subtype": "bot_message",
        "text": "Omnya_Ellethy is off today.",
        "ts": "1692173930.640079",
        "username": "Silverkey Hub",
        "bot_id": "B05HFU026BH",
        "blocks": [
            {
                "type": "rich_text",
                "block_id": "3usj",
                "elements": [
                    {
                        "type": "rich_text_section",
                        "elements": [
                            {
                                "type": "text",
                                "text": "Omnya_Ellethy is off today."
                            }
                        ]
                    }
                ]
            }
        ]
    },
    {
        "type": "message",
        "subtype": "bot_message",
        "text": "Dina Maged Started to work now.",
        "ts": "1692174397.229609",
        "username": "Silverkey Hub",
        "bot_id": "B05HFU026BH",
        "blocks": [
            {
                "type": "rich_text",
                "block_id": "fRTXD",
                "elements": [
                    {
                        "type": "rich_text_section",
                        "elements": [
                            {
                                "type": "text",
                                "text": "Dina Maged Started to work now."
                            }
                        ]
                    }
                ]
            }
        ]
    },
    {
        "type": "message",
        "subtype": "bot_message",
        "text": "abdulrahmanMs is finished for today. Away.",
        "ts": "1692175470.043819",
        "username": "Silverkey Hub",
        "bot_id": "B05HFU026BH",
        "blocks": [
            {
                "type": "rich_text",
                "block_id": "Mg2",
                "elements": [
                    {
                        "type": "rich_text_section",
                        "elements": [
                            {
                                "type": "text",
                                "text": "abdulrahmanMs is finished for today. Away."
                            }
                        ]
                    }
                ]
            }
        ]
    },
    {
        "type": "message",
        "subtype": "bot_message",
        "text": "abdulrahmanMs Started to work now.",
        "ts": "1692175470.956989",
        "username": "Silverkey Hub",
        "bot_id": "B05HFU026BH",
        "blocks": [
            {
                "type": "rich_text",
                "block_id": "7xbzA",
                "elements": [
                    {
                        "type": "rich_text_section",
                        "elements": [
                            {
                                "type": "text",
                                "text": "abdulrahmanMs Started to work now."
                            }
                        ]
                    }
                ]
            }
        ]
    },
    {
        "type": "message",
        "subtype": "bot_message",
        "text": "Waleed Muhammed Started to work now.",
        "ts": "1692175794.529629",
        "username": "Silverkey Hub",
        "bot_id": "B05HFU026BH",
        "blocks": [
            {
                "type": "rich_text",
                "block_id": "UzEx",
                "elements": [
                    {
                        "type": "rich_text_section",
                        "elements": [
                            {
                                "type": "text",
                                "text": "Waleed Muhammed Started to work now."
                            }
                        ]
                    }
                ]
            }
        ]
    },
    {
        "type": "message",
        "subtype": "bot_message",
        "text": "KarimMutwally Started to work now.",
        "ts": "1692176371.084899",
        "username": "Silverkey Hub",
        "bot_id": "B05HFU026BH",
        "blocks": [
            {
                "type": "rich_text",
                "block_id": "BdsMC",
                "elements": [
                    {
                        "type": "rich_text_section",
                        "elements": [
                            {
                                "type": "text",
                                "text": "KarimMutwally Started to work now."
                            }
                        ]
                    }
                ]
            }
        ]
    },
    {
        "type": "message",
        "subtype": "bot_message",
        "text": "Ahmed Saeed is finished for today. Away.",
        "ts": "1692176539.663409",
        "username": "Silverkey Hub",
        "bot_id": "B05HFU026BH",
        "blocks": [
            {
                "type": "rich_text",
                "block_id": "7Oxv",
                "elements": [
                    {
                        "type": "rich_text_section",
                        "elements": [
                            {
                                "type": "text",
                                "text": "Ahmed Saeed is finished for today. Away."
                            }
                        ]
                    }
                ]
            }
        ]
    },
    {
        "type": "message",
        "subtype": "bot_message",
        "text": "Ahmed Saeed Started to work now.",
        "ts": "1692176546.217629",
        "username": "Silverkey Hub",
        "bot_id": "B05HFU026BH",
        "blocks": [
            {
                "type": "rich_text",
                "block_id": "7=vlG",
                "elements": [
                    {
                        "type": "rich_text_section",
                        "elements": [
                            {
                                "type": "text",
                                "text": "Ahmed Saeed Started to work now."
                            }
                        ]
                    }
                ]
            }
        ]
    },
    {
        "type": "message",
        "subtype": "bot_message",
        "text": "Sherifr Started to work now.",
        "ts": "1692176596.507769",
        "username": "Silverkey Hub",
        "bot_id": "B05HFU026BH",
        "blocks": [
            {
                "type": "rich_text",
                "block_id": "0F8c",
                "elements": [
                    {
                        "type": "rich_text_section",
                        "elements": [
                            {
                                "type": "text",
                                "text": "Sherifr Started to work now."
                            }
                        ]
                    }
                ]
            }
        ]
    },
    {
        "type": "message",
        "subtype": "bot_message",
        "text": "Ahmed Ayman Saad Started to work now.",
        "ts": "1692176734.539069",
        "username": "Silverkey Hub",
        "bot_id": "B05HFU026BH",
        "blocks": [
            {
                "type": "rich_text",
                "block_id": "dq9p",
                "elements": [
                    {
                        "type": "rich_text_section",
                        "elements": [
                            {
                                "type": "text",
                                "text": "Ahmed Ayman Saad Started to work now."
                            }
                        ]
                    }
                ]
            }
        ]
    },
    {
        "client_msg_id": "99E03929-67F5-4776-AA8D-511A518571E7",
        "type": "message",
        "text": "Off today ",
        "user": "U1LF0P0LB",
        "ts": "1692177053.090369",
        "blocks": [
            {
                "type": "rich_text",
                "block_id": "j=HcI",
                "elements": [
                    {
                        "type": "rich_text_section",
                        "elements": [
                            {
                                "type": "text",
                                "text": "Off today "
                            }
                        ]
                    }
                ]
            }
        ],
        "team": "T03FVM0K8",
        "user_team": "T03FVM0K8",
        "source_team": "T03FVM0K8",
        "user_profile": {
            "avatar_hash": "cd60a7abee2c",
            "image_72": "https:\/\/avatars.slack-edge.com\/2023-07-18\/5590635945814_cd60a7abee2cd78addf5_72.jpg",
            "first_name": "Mohamed",
            "real_name": "Mohamed Taher",
            "display_name": "Mohamed Taher",
            "team": "T03FVM0K8",
            "name": "mohamed_taher",
            "is_restricted": false,
            "is_ultra_restricted": false
        }
    },
    {
        "type": "message",
        "subtype": "bot_message",
        "text": "Nouran M is back.",
        "ts": "1692178411.610469",
        "username": "Silverkey Hub",
        "bot_id": "B05HFU026BH",
        "blocks": [
            {
                "type": "rich_text",
                "block_id": "K\/WR",
                "elements": [
                    {
                        "type": "rich_text_section",
                        "elements": [
                            {
                                "type": "text",
                                "text": "Nouran M is back."
                            }
                        ]
                    }
                ]
            }
        ]
    },
    {
        "type": "message",
        "subtype": "bot_message",
        "text": "Amr Tealeb Started to work now.",
        "ts": "1692179972.894579",
        "username": "Silverkey Hub",
        "bot_id": "B05HFU026BH",
        "blocks": [
            {
                "type": "rich_text",
                "block_id": "lfoA2",
                "elements": [
                    {
                        "type": "rich_text_section",
                        "elements": [
                            {
                                "type": "text",
                                "text": "Amr Tealeb Started to work now."
                            }
                        ]
                    }
                ]
            }
        ]
    },
    {
        "type": "message",
        "subtype": "bot_message",
        "text": "nourhanhelmy1 Started to work now.",
        "ts": "1692182609.016669",
        "username": "Silverkey Hub",
        "bot_id": "B05HFU026BH",
        "blocks": [
            {
                "type": "rich_text",
                "block_id": "ZBR",
                "elements": [
                    {
                        "type": "rich_text_section",
                        "elements": [
                            {
                                "type": "text",
                                "text": "nourhanhelmy1 Started to work now."
                            }
                        ]
                    }
                ]
            }
        ]
    },
    {
        "type": "message",
        "subtype": "bot_message",
        "text": "MGenidyO is back.",
        "ts": "1692185445.739549",
        "username": "Silverkey Hub",
        "bot_id": "B05HFU026BH",
        "blocks": [
            {
                "type": "rich_text",
                "block_id": "W2W",
                "elements": [
                    {
                        "type": "rich_text_section",
                        "elements": [
                            {
                                "type": "text",
                                "text": "MGenidyO is back."
                            }
                        ]
                    }
                ]
            }
        ]
    },
    {
        "type": "message",
        "subtype": "bot_message",
        "text": "MGenidyO is finished for today. Away.",
        "ts": "1692185449.992669",
        "username": "Silverkey Hub",
        "bot_id": "B05HFU026BH",
        "blocks": [
            {
                "type": "rich_text",
                "block_id": "0D6",
                "elements": [
                    {
                        "type": "rich_text_section",
                        "elements": [
                            {
                                "type": "text",
                                "text": "MGenidyO is finished for today. Away."
                            }
                        ]
                    }
                ]
            }
        ]
    },
    {
        "type": "message",
        "subtype": "bot_message",
        "text": "MGenidyO Started to work now.",
        "ts": "1692185451.528169",
        "username": "Silverkey Hub",
        "bot_id": "B05HFU026BH",
        "blocks": [
            {
                "type": "rich_text",
                "block_id": "Hna=c",
                "elements": [
                    {
                        "type": "rich_text_section",
                        "elements": [
                            {
                                "type": "text",
                                "text": "MGenidyO Started to work now."
                            }
                        ]
                    }
                ]
            }
        ],
        "thread_ts": "1692185451.528169",
        "reply_count": 2,
        "reply_users_count": 1,
        "latest_reply": "1692207412.766929",
        "reply_users": [
            "UDDJGP5CL"
        ],
        "replies": [
            {
                "user": "UDDJGP5CL",
                "ts": "1692205434.597419"
            },
            {
                "user": "UDDJGP5CL",
                "ts": "1692207412.766929"
            }
        ],
        "is_locked": false,
        "subscribed": false
    },
    {
        "type": "message",
        "subtype": "bot_message",
        "text": "KarimMutwally is away for sometime.",
        "ts": "1692185520.931029",
        "username": "Silverkey Hub",
        "bot_id": "B05HFU026BH",
        "blocks": [
            {
                "type": "rich_text",
                "block_id": "\/XwX",
                "elements": [
                    {
                        "type": "rich_text_section",
                        "elements": [
                            {
                                "type": "text",
                                "text": "KarimMutwally is away for sometime."
                            }
                        ]
                    }
                ]
            }
        ]
    },
    {
        "type": "message",
        "subtype": "bot_message",
        "text": "Mariam Essam Ghanem Started to work now.",
        "ts": "1692187580.699619",
        "username": "Silverkey Hub",
        "bot_id": "B05HFU026BH",
        "blocks": [
            {
                "type": "rich_text",
                "block_id": "G04DJ",
                "elements": [
                    {
                        "type": "rich_text_section",
                        "elements": [
                            {
                                "type": "text",
                                "text": "Mariam Essam Ghanem Started to work now."
                            }
                        ]
                    }
                ]
            }
        ]
    },
    {
        "type": "message",
        "subtype": "bot_message",
        "text": "Mohamed Sameer is away for sometime.",
        "ts": "1692187914.939359",
        "username": "Silverkey Hub",
        "bot_id": "B05HFU026BH",
        "blocks": [
            {
                "type": "rich_text",
                "block_id": "GUk=n",
                "elements": [
                    {
                        "type": "rich_text_section",
                        "elements": [
                            {
                                "type": "text",
                                "text": "Mohamed Sameer is away for sometime."
                            }
                        ]
                    }
                ]
            }
        ],
        "thread_ts": "1692187914.939359",
        "reply_count": 1,
        "reply_users_count": 1,
        "latest_reply": "1692187943.702939",
        "reply_users": [
            "U0436S8PYJH"
        ],
        "replies": [
            {
                "user": "U0436S8PYJH",
                "ts": "1692187943.702939"
            }
        ],
        "is_locked": false,
        "subscribed": false
    },
    {
        "client_msg_id": "7EDD03EB-0744-4CE7-890B-11BF05EF7AFC",
        "type": "message",
        "text": "I’m taking a break because I’m feeling sick since this morning. I will try to be back as soon as possible. If anything urgent you can call me.",
        "user": "U0436S8PYJH",
        "ts": "1692187943.702939",
        "blocks": [
            {
                "type": "rich_text",
                "block_id": "gU4H",
                "elements": [
                    {
                        "type": "rich_text_section",
                        "elements": [
                            {
                                "type": "text",
                                "text": "I’m taking a break because I’m feeling sick since this morning. I will try to be back as soon as possible. If anything urgent you can call me."
                            }
                        ]
                    }
                ]
            }
        ],
        "team": "T03FVM0K8",
        "user_team": "T03FVM0K8",
        "source_team": "T03FVM0K8",
        "user_profile": {
            "avatar_hash": "6f58dc50a77b",
            "image_72": "https:\/\/avatars.slack-edge.com\/2023-04-11\/5073365626599_6f58dc50a77b0c617526_72.jpg",
            "first_name": "Mohamed",
            "real_name": "Mohamed Sameer",
            "display_name": "Mohamed Sameer",
            "team": "T03FVM0K8",
            "name": "msameer",
            "is_restricted": false,
            "is_ultra_restricted": false
        },
        "thread_ts": "1692187914.939359"
    },
    {
        "client_msg_id": "6a18269a-b309-45bb-99af-26d18e838840",
        "type": "message",
        "text": "الف سلامة عليك يا عمرو",
        "user": "UDDJGP5CL",
        "ts": "1692188085.826989",
        "blocks": [
            {
                "type": "rich_text",
                "block_id": "aUD",
                "elements": [
                    {
                        "type": "rich_text_section",
                        "elements": [
                            {
                                "type": "text",
                                "text": "الف سلامة عليك يا عمرو"
                            }
                        ]
                    }
                ]
            }
        ],
        "team": "T03FVM0K8",
        "user_team": "T03FVM0K8",
        "source_team": "T03FVM0K8",
        "user_profile": {
            "avatar_hash": "037560a56aad",
            "image_72": "https:\/\/avatars.slack-edge.com\/2023-07-17\/5613165629632_037560a56aad6a6cde14_72.jpg",
            "first_name": "Mohammed",
            "real_name": "Mohammed Genidy Omera",
            "display_name": "",
            "team": "T03FVM0K8",
            "name": "mohammedo",
            "is_restricted": false,
            "is_ultra_restricted": false
        },
        "thread_ts": "1692171092.989519",
        "parent_user_id": "U027V0C9KEY"
    },
    {
        "type": "message",
        "subtype": "bot_message",
        "text": "Ahmed Ayman Saad is away for sometime.",
        "ts": "1692188163.124869",
        "username": "Silverkey Hub",
        "bot_id": "B05HFU026BH",
        "blocks": [
            {
                "type": "rich_text",
                "block_id": "MgRjV",
                "elements": [
                    {
                        "type": "rich_text_section",
                        "elements": [
                            {
                                "type": "text",
                                "text": "Ahmed Ayman Saad is away for sometime."
                            }
                        ]
                    }
                ]
            }
        ]
    },
    {
        "type": "message",
        "subtype": "bot_message",
        "text": "Yehia Tarek Ragab Started to work now.",
        "ts": "1692188754.504229",
        "username": "Silverkey Hub",
        "bot_id": "B05HFU026BH",
        "blocks": [
            {
                "type": "rich_text",
                "block_id": "emv\/q",
                "elements": [
                    {
                        "type": "rich_text_section",
                        "elements": [
                            {
                                "type": "text",
                                "text": "Yehia Tarek Ragab Started to work now."
                            }
                        ]
                    }
                ]
            }
        ]
    },
    {
        "type": "message",
        "subtype": "bot_message",
        "text": "Ahmed Ayman Saad is back.",
        "ts": "1692190263.961469",
        "username": "Silverkey Hub",
        "bot_id": "B05HFU026BH",
        "blocks": [
            {
                "type": "rich_text",
                "block_id": "S2tO",
                "elements": [
                    {
                        "type": "rich_text_section",
                        "elements": [
                            {
                                "type": "text",
                                "text": "Ahmed Ayman Saad is back."
                            }
                        ]
                    }
                ]
            }
        ]
    },
    {
        "type": "message",
        "subtype": "bot_message",
        "text": "KarimMutwally is back.",
        "ts": "1692192342.954159",
        "username": "Silverkey Hub",
        "bot_id": "B05HFU026BH",
        "blocks": [
            {
                "type": "rich_text",
                "block_id": "By35",
                "elements": [
                    {
                        "type": "rich_text_section",
                        "elements": [
                            {
                                "type": "text",
                                "text": "KarimMutwally is back."
                            }
                        ]
                    }
                ]
            }
        ]
    },
    {
        "type": "message",
        "subtype": "channel_join",
        "ts": "1692193997.473609",
        "user": "U05N9C6DS3A",
        "text": "<@U05N9C6DS3A> has joined the channel"
    },
    {
        "type": "message",
        "subtype": "bot_message",
        "text": "Millania Sameh Milad Bebawy is finished for today. Away.",
        "ts": "1692194000.246289",
        "username": "Silverkey Hub",
        "bot_id": "B05HFU026BH",
        "blocks": [
            {
                "type": "rich_text",
                "block_id": "LPTt",
                "elements": [
                    {
                        "type": "rich_text_section",
                        "elements": [
                            {
                                "type": "text",
                                "text": "Millania Sameh Milad Bebawy is finished for today. Away."
                            }
                        ]
                    }
                ]
            }
        ]
    },
    {
        "type": "message",
        "subtype": "bot_message",
        "text": "Millania Sameh Milad Bebawy Started to work now.",
        "ts": "1692194002.281489",
        "username": "Silverkey Hub",
        "bot_id": "B05HFU026BH",
        "blocks": [
            {
                "type": "rich_text",
                "block_id": "jLql",
                "elements": [
                    {
                        "type": "rich_text_section",
                        "elements": [
                            {
                                "type": "text",
                                "text": "Millania Sameh Milad Bebawy Started to work now."
                            }
                        ]
                    }
                ]
            }
        ]
    },
    {
        "type": "message",
        "subtype": "bot_message",
        "text": "Mahy is finished for today. Away.",
        "ts": "1692195010.555219",
        "username": "Silverkey Hub",
        "bot_id": "B05HFU026BH",
        "blocks": [
            {
                "type": "rich_text",
                "block_id": "bzQ",
                "elements": [
                    {
                        "type": "rich_text_section",
                        "elements": [
                            {
                                "type": "text",
                                "text": "Mahy is finished for today. Away."
                            }
                        ]
                    }
                ]
            }
        ]
    },
    {
        "type": "message",
        "subtype": "bot_message",
        "text": "Nouran M is finished for today. Away.",
        "ts": "1692195026.002869",
        "username": "Silverkey Hub",
        "bot_id": "B05HFU026BH",
        "blocks": [
            {
                "type": "rich_text",
                "block_id": "IgV",
                "elements": [
                    {
                        "type": "rich_text_section",
                        "elements": [
                            {
                                "type": "text",
                                "text": "Nouran M is finished for today. Away."
                            }
                        ]
                    }
                ]
            }
        ]
    },
    {
        "type": "message",
        "subtype": "bot_message",
        "text": "Mahdy96 is finished for today. Away.",
        "ts": "1692195043.981669",
        "username": "Silverkey Hub",
        "bot_id": "B05HFU026BH",
        "blocks": [
            {
                "type": "rich_text",
                "block_id": "QEbK",
                "elements": [
                    {
                        "type": "rich_text_section",
                        "elements": [
                            {
                                "type": "text",
                                "text": "Mahdy96 is finished for today. Away."
                            }
                        ]
                    }
                ]
            }
        ]
    },
    {
        "type": "message",
        "subtype": "bot_message",
        "text": "Mariam Essam Ghanem is away for sometime.",
        "ts": "1692195923.603689",
        "username": "Silverkey Hub",
        "bot_id": "B05HFU026BH",
        "blocks": [
            {
                "type": "rich_text",
                "block_id": "8rCm",
                "elements": [
                    {
                        "type": "rich_text_section",
                        "elements": [
                            {
                                "type": "text",
                                "text": "Mariam Essam Ghanem is away for sometime."
                            }
                        ]
                    }
                ]
            }
        ]
    },
    {
        "type": "message",
        "subtype": "bot_message",
        "text": "Yomna Ragab is finished for today. Away.",
        "ts": "1692196545.426349",
        "username": "Silverkey Hub",
        "bot_id": "B05HFU026BH",
        "blocks": [
            {
                "type": "rich_text",
                "block_id": "2fW",
                "elements": [
                    {
                        "type": "rich_text_section",
                        "elements": [
                            {
                                "type": "text",
                                "text": "Yomna Ragab is finished for today. Away."
                            }
                        ]
                    }
                ]
            }
        ]
    },
    {
        "type": "message",
        "subtype": "bot_message",
        "text": "Ahmed Ayman Saad is finished for today. Away.",
        "ts": "1692197266.530799",
        "username": "Silverkey Hub",
        "bot_id": "B05HFU026BH",
        "blocks": [
            {
                "type": "rich_text",
                "block_id": "aKBfu",
                "elements": [
                    {
                        "type": "rich_text_section",
                        "elements": [
                            {
                                "type": "text",
                                "text": "Ahmed Ayman Saad is finished for today. Away."
                            }
                        ]
                    }
                ]
            }
        ]
    },
    {
        "type": "message",
        "subtype": "bot_message",
        "text": "Mennanabilh is finished for today. Away.",
        "ts": "1692197272.239299",
        "username": "Silverkey Hub",
        "bot_id": "B05HFU026BH",
        "blocks": [
            {
                "type": "rich_text",
                "block_id": "cr4u",
                "elements": [
                    {
                        "type": "rich_text_section",
                        "elements": [
                            {
                                "type": "text",
                                "text": "Mennanabilh is finished for today. Away."
                            }
                        ]
                    }
                ]
            }
        ]
    },
    {
        "type": "message",
        "subtype": "bot_message",
        "text": "yasminazcodes Started to work now.",
        "ts": "1692197522.347889",
        "username": "Silverkey Hub",
        "bot_id": "B05HFU026BH",
        "blocks": [
            {
                "type": "rich_text",
                "block_id": "3HES",
                "elements": [
                    {
                        "type": "rich_text_section",
                        "elements": [
                            {
                                "type": "text",
                                "text": "yasminazcodes Started to work now."
                            }
                        ]
                    }
                ]
            }
        ]
    },
    {
        "type": "message",
        "subtype": "bot_message",
        "text": "Mariam Essam Ghanem is back.",
        "ts": "1692197734.596809",
        "username": "Silverkey Hub",
        "bot_id": "B05HFU026BH",
        "blocks": [
            {
                "type": "rich_text",
                "block_id": "UQBMN",
                "elements": [
                    {
                        "type": "rich_text_section",
                        "elements": [
                            {
                                "type": "text",
                                "text": "Mariam Essam Ghanem is back."
                            }
                        ]
                    }
                ]
            }
        ]
    },
    {
        "type": "message",
        "subtype": "bot_message",
        "text": "Mohamed Magdy is finished for today. Away.",
        "ts": "1692197760.215169",
        "username": "Silverkey Hub",
        "bot_id": "B05HFU026BH",
        "blocks": [
            {
                "type": "rich_text",
                "block_id": "SXX6x",
                "elements": [
                    {
                        "type": "rich_text_section",
                        "elements": [
                            {
                                "type": "text",
                                "text": "Mohamed Magdy is finished for today. Away."
                            }
                        ]
                    }
                ]
            }
        ]
    },
    {
        "type": "message",
        "subtype": "bot_message",
        "text": "Hannah Hatem is back.",
        "ts": "1692198349.014059",
        "username": "Silverkey Hub",
        "bot_id": "B05HFU026BH",
        "blocks": [
            {
                "type": "rich_text",
                "block_id": "=5UD",
                "elements": [
                    {
                        "type": "rich_text_section",
                        "elements": [
                            {
                                "type": "text",
                                "text": "Hannah Hatem is back."
                            }
                        ]
                    }
                ]
            }
        ]
    },
    {
        "type": "message",
        "subtype": "bot_message",
        "text": "Bassel Sharaf is finished for today. Away.",
        "ts": "1692198441.600489",
        "username": "Silverkey Hub",
        "bot_id": "B05HFU026BH",
        "blocks": [
            {
                "type": "rich_text",
                "block_id": "mwJ1",
                "elements": [
                    {
                        "type": "rich_text_section",
                        "elements": [
                            {
                                "type": "text",
                                "text": "Bassel Sharaf is finished for today. Away."
                            }
                        ]
                    }
                ]
            }
        ]
    },
    {
        "type": "message",
        "subtype": "bot_message",
        "text": "nourhanhelmy1 is away for sometime.",
        "ts": "1692199806.343289",
        "username": "Silverkey Hub",
        "bot_id": "B05HFU026BH",
        "blocks": [
            {
                "type": "rich_text",
                "block_id": "xSa2",
                "elements": [
                    {
                        "type": "rich_text_section",
                        "elements": [
                            {
                                "type": "text",
                                "text": "nourhanhelmy1 is away for sometime."
                            }
                        ]
                    }
                ]
            }
        ]
    },
    {
        "type": "message",
        "subtype": "bot_message",
        "text": "nourhanhelmy1 is back.",
        "ts": "1692200697.654589",
        "username": "Silverkey Hub",
        "bot_id": "B05HFU026BH",
        "blocks": [
            {
                "type": "rich_text",
                "block_id": "GUa1",
                "elements": [
                    {
                        "type": "rich_text_section",
                        "elements": [
                            {
                                "type": "text",
                                "text": "nourhanhelmy1 is back."
                            }
                        ]
                    }
                ]
            }
        ]
    },
    {
        "type": "message",
        "subtype": "bot_message",
        "text": "Youssef El baghdady is finished for today. Away.",
        "ts": "1692201669.238449",
        "username": "Silverkey Hub",
        "bot_id": "B05HFU026BH",
        "blocks": [
            {
                "type": "rich_text",
                "block_id": "mHl0e",
                "elements": [
                    {
                        "type": "rich_text_section",
                        "elements": [
                            {
                                "type": "text",
                                "text": "Youssef El baghdady is finished for today. Away."
                            }
                        ]
                    }
                ]
            }
        ]
    },
    {
        "type": "message",
        "subtype": "bot_message",
        "text": "Dina Maged is finished for today. Away.",
        "ts": "1692201925.086599",
        "username": "Silverkey Hub",
        "bot_id": "B05HFU026BH",
        "blocks": [
            {
                "type": "rich_text",
                "block_id": "nbJ0K",
                "elements": [
                    {
                        "type": "rich_text_section",
                        "elements": [
                            {
                                "type": "text",
                                "text": "Dina Maged is finished for today. Away."
                            }
                        ]
                    }
                ]
            }
        ]
    },
    {
        "type": "message",
        "subtype": "bot_message",
        "text": "Mariam Essam Ghanem is away for sometime.",
        "ts": "1692202160.051739",
        "username": "Silverkey Hub",
        "bot_id": "B05HFU026BH",
        "blocks": [
            {
                "type": "rich_text",
                "block_id": "Nau",
                "elements": [
                    {
                        "type": "rich_text_section",
                        "elements": [
                            {
                                "type": "text",
                                "text": "Mariam Essam Ghanem is away for sometime."
                            }
                        ]
                    }
                ]
            }
        ]
    },
    {
        "type": "message",
        "subtype": "bot_message",
        "text": "Rofaydaaa is finished for today. Away.",
        "ts": "1692203507.020729",
        "username": "Silverkey Hub",
        "bot_id": "B05HFU026BH",
        "blocks": [
            {
                "type": "rich_text",
                "block_id": "fAjH",
                "elements": [
                    {
                        "type": "rich_text_section",
                        "elements": [
                            {
                                "type": "text",
                                "text": "Rofaydaaa is finished for today. Away."
                            }
                        ]
                    }
                ]
            }
        ]
    },
    {
        "type": "message",
        "subtype": "bot_message",
        "text": "Rofaydaaa Started to work now.",
        "ts": "1692203513.671029",
        "username": "Silverkey Hub",
        "bot_id": "B05HFU026BH",
        "blocks": [
            {
                "type": "rich_text",
                "block_id": "mKA",
                "elements": [
                    {
                        "type": "rich_text_section",
                        "elements": [
                            {
                                "type": "text",
                                "text": "Rofaydaaa Started to work now."
                            }
                        ]
                    }
                ]
            }
        ]
    },
    {
        "type": "message",
        "subtype": "bot_message",
        "text": "Mazen Amr is finished for today. Away.",
        "ts": "1692204854.669829",
        "username": "Silverkey Hub",
        "bot_id": "B05HFU026BH",
        "blocks": [
            {
                "type": "rich_text",
                "block_id": "YqL",
                "elements": [
                    {
                        "type": "rich_text_section",
                        "elements": [
                            {
                                "type": "text",
                                "text": "Mazen Amr is finished for today. Away."
                            }
                        ]
                    }
                ]
            }
        ]
    },
    {
        "client_msg_id": "21386bb1-35b5-491a-a1a8-3741afa18e78",
        "type": "message",
        "text": "away from 5 pm, internet issue back now",
        "user": "UDDJGP5CL",
        "ts": "1692205434.597419",
        "blocks": [
            {
                "type": "rich_text",
                "block_id": "dCue",
                "elements": [
                    {
                        "type": "rich_text_section",
                        "elements": [
                            {
                                "type": "text",
                                "text": "away from 5 pm, internet issue back now"
                            }
                        ]
                    }
                ]
            }
        ],
        "team": "T03FVM0K8",
        "user_team": "T03FVM0K8",
        "source_team": "T03FVM0K8",
        "user_profile": {
            "avatar_hash": "037560a56aad",
            "image_72": "https:\/\/avatars.slack-edge.com\/2023-07-17\/5613165629632_037560a56aad6a6cde14_72.jpg",
            "first_name": "Mohammed",
            "real_name": "Mohammed Genidy Omera",
            "display_name": "",
            "team": "T03FVM0K8",
            "name": "mohammedo",
            "is_restricted": false,
            "is_ultra_restricted": false
        },
        "edited": {
            "user": "UDDJGP5CL",
            "ts": "1692205456.000000"
        },
        "thread_ts": "1692185451.528169"
    },
    {
        "type": "message",
        "subtype": "bot_message",
        "text": "manarrn Started to work now.",
        "ts": "1692205666.759729",
        "username": "Silverkey Hub",
        "bot_id": "B05HFU026BH",
        "blocks": [
            {
                "type": "rich_text",
                "block_id": "32z",
                "elements": [
                    {
                        "type": "rich_text_section",
                        "elements": [
                            {
                                "type": "text",
                                "text": "manarrn Started to work now."
                            }
                        ]
                    }
                ]
            }
        ]
    },
    {
        "type": "message",
        "subtype": "bot_message",
        "text": "KarimMutwally is finished for today. Away.",
        "ts": "1692206075.845679",
        "username": "Silverkey Hub",
        "bot_id": "B05HFU026BH",
        "blocks": [
            {
                "type": "rich_text",
                "block_id": "2djQ",
                "elements": [
                    {
                        "type": "rich_text_section",
                        "elements": [
                            {
                                "type": "text",
                                "text": "KarimMutwally is finished for today. Away."
                            }
                        ]
                    }
                ]
            }
        ]
    },
    {
        "type": "message",
        "subtype": "bot_message",
        "text": "Mariam Essam Ghanem is back.",
        "ts": "1692206162.865739",
        "username": "Silverkey Hub",
        "bot_id": "B05HFU026BH",
        "blocks": [
            {
                "type": "rich_text",
                "block_id": "IpI1K",
                "elements": [
                    {
                        "type": "rich_text_section",
                        "elements": [
                            {
                                "type": "text",
                                "text": "Mariam Essam Ghanem is back."
                            }
                        ]
                    }
                ]
            }
        ]
    },
    {
        "type": "message",
        "subtype": "bot_message",
        "text": "Sherifr is away for sometime.",
        "ts": "1692207107.165349",
        "username": "Silverkey Hub",
        "bot_id": "B05HFU026BH",
        "blocks": [
            {
                "type": "rich_text",
                "block_id": "uwz",
                "elements": [
                    {
                        "type": "rich_text_section",
                        "elements": [
                            {
                                "type": "text",
                                "text": "Sherifr is away for sometime."
                            }
                        ]
                    }
                ]
            }
        ]
    },
    {
        "client_msg_id": "ad8f7161-2def-4f59-8401-8f308516e728",
        "type": "message",
        "text": "away 30 mins",
        "user": "UDDJGP5CL",
        "ts": "1692207412.766929",
        "blocks": [
            {
                "type": "rich_text",
                "block_id": "B7GuT",
                "elements": [
                    {
                        "type": "rich_text_section",
                        "elements": [
                            {
                                "type": "text",
                                "text": "away 30 mins"
                            }
                        ]
                    }
                ]
            }
        ],
        "team": "T03FVM0K8",
        "user_team": "T03FVM0K8",
        "source_team": "T03FVM0K8",
        "user_profile": {
            "avatar_hash": "037560a56aad",
            "image_72": "https:\/\/avatars.slack-edge.com\/2023-07-17\/5613165629632_037560a56aad6a6cde14_72.jpg",
            "first_name": "Mohammed",
            "real_name": "Mohammed Genidy Omera",
            "display_name": "",
            "team": "T03FVM0K8",
            "name": "mohammedo",
            "is_restricted": false,
            "is_ultra_restricted": false
        },
        "edited": {
            "user": "UDDJGP5CL",
            "ts": "1692207423.000000"
        },
        "thread_ts": "1692185451.528169"
    },
    {
        "type": "message",
        "subtype": "bot_message",
        "text": "Hannah Hatem is finished for today. Away.",
        "ts": "1692207796.580819",
        "username": "Silverkey Hub",
        "bot_id": "B05HFU026BH",
        "blocks": [
            {
                "type": "rich_text",
                "block_id": "t+dy3",
                "elements": [
                    {
                        "type": "rich_text_section",
                        "elements": [
                            {
                                "type": "text",
                                "text": "Hannah Hatem is finished for today. Away."
                            }
                        ]
                    }
                ]
            }
        ]
    },
    {
        "type": "message",
        "subtype": "bot_message",
        "text": "Amr Zaki Started to work now.",
        "ts": "1692209554.426119",
        "username": "Silverkey Hub",
        "bot_id": "B05HFU026BH",
        "blocks": [
            {
                "type": "rich_text",
                "block_id": "gpsxR",
                "elements": [
                    {
                        "type": "rich_text_section",
                        "elements": [
                            {
                                "type": "text",
                                "text": "Amr Zaki Started to work now."
                            }
                        ]
                    }
                ]
            }
        ]
    },
    {
        "type": "message",
        "subtype": "bot_message",
        "text": "Salma Ahmed Mahfouz Started to work now.",
        "ts": "1692210331.428599",
        "username": "Silverkey Hub",
        "bot_id": "B05HFU026BH",
        "blocks": [
            {
                "type": "rich_text",
                "block_id": "mPvR",
                "elements": [
                    {
                        "type": "rich_text_section",
                        "elements": [
                            {
                                "type": "text",
                                "text": "Salma Ahmed Mahfouz Started to work now."
                            }
                        ]
                    }
                ]
            }
        ]
    },
    {
        "type": "message",
        "subtype": "bot_message",
        "text": "Sherifr is back.",
        "ts": "1692211092.829059",
        "username": "Silverkey Hub",
        "bot_id": "B05HFU026BH",
        "blocks": [
            {
                "type": "rich_text",
                "block_id": "XFnRs",
                "elements": [
                    {
                        "type": "rich_text_section",
                        "elements": [
                            {
                                "type": "text",
                                "text": "Sherifr is back."
                            }
                        ]
                    }
                ]
            }
        ]
    },
    {
        "type": "message",
        "subtype": "bot_message",
        "text": "Waleed Muhammed is finished for today. Away.",
        "ts": "1692212023.854039",
        "username": "Silverkey Hub",
        "bot_id": "B05HFU026BH",
        "blocks": [
            {
                "type": "rich_text",
                "block_id": "AKmmM",
                "elements": [
                    {
                        "type": "rich_text_section",
                        "elements": [
                            {
                                "type": "text",
                                "text": "Waleed Muhammed is finished for today. Away."
                            }
                        ]
                    }
                ]
            }
        ]
    },
    {
        "type": "message",
        "subtype": "bot_message",
        "text": "Amr Tealeb is finished for today. Away.",
        "ts": "1692213042.796709",
        "username": "Silverkey Hub",
        "bot_id": "B05HFU026BH",
        "blocks": [
            {
                "type": "rich_text",
                "block_id": "Ks\/B",
                "elements": [
                    {
                        "type": "rich_text_section",
                        "elements": [
                            {
                                "type": "text",
                                "text": "Amr Tealeb is finished for today. Away."
                            }
                        ]
                    }
                ]
            }
        ]
    },
    {
        "type": "message",
        "subtype": "bot_message",
        "text": "merhanhesham is finished for today. Away.",
        "ts": "1692213617.810209",
        "username": "Silverkey Hub",
        "bot_id": "B05HFU026BH",
        "blocks": [
            {
                "type": "rich_text",
                "block_id": "y79tA",
                "elements": [
                    {
                        "type": "rich_text_section",
                        "elements": [
                            {
                                "type": "text",
                                "text": "merhanhesham is finished for today. Away."
                            }
                        ]
                    }
                ]
            }
        ]
    },
    {
        "type": "message",
        "subtype": "bot_message",
        "text": "merhanhesham Started to work now.",
        "ts": "1692213619.541239",
        "username": "Silverkey Hub",
        "bot_id": "B05HFU026BH",
        "blocks": [
            {
                "type": "rich_text",
                "block_id": "xdY",
                "elements": [
                    {
                        "type": "rich_text_section",
                        "elements": [
                            {
                                "type": "text",
                                "text": "merhanhesham Started to work now."
                            }
                        ]
                    }
                ]
            }
        ]
    },
    {
        "type": "message",
        "subtype": "bot_message",
        "text": "Salma Ahmed Mahfouz is away for sometime.",
        "ts": "1692214428.195639",
        "username": "Silverkey Hub",
        "bot_id": "B05HFU026BH",
        "blocks": [
            {
                "type": "rich_text",
                "block_id": "fLnoM",
                "elements": [
                    {
                        "type": "rich_text_section",
                        "elements": [
                            {
                                "type": "text",
                                "text": "Salma Ahmed Mahfouz is away for sometime."
                            }
                        ]
                    }
                ]
            }
        ]
    },
    {
        "type": "message",
        "subtype": "bot_message",
        "text": "Yehia Tarek Ragab is finished for today. Away.",
        "ts": "1692214515.033709",
        "username": "Silverkey Hub",
        "bot_id": "B05HFU026BH",
        "blocks": [
            {
                "type": "rich_text",
                "block_id": "ipY",
                "elements": [
                    {
                        "type": "rich_text_section",
                        "elements": [
                            {
                                "type": "text",
                                "text": "Yehia Tarek Ragab is finished for today. Away."
                            }
                        ]
                    }
                ]
            }
        ]
    },
    {
        "type": "message",
        "subtype": "bot_message",
        "text": "Sherifr is finished for today. Away.",
        "ts": "1692217160.038179",
        "username": "Silverkey Hub",
        "bot_id": "B05HFU026BH",
        "blocks": [
            {
                "type": "rich_text",
                "block_id": "0wKHh",
                "elements": [
                    {
                        "type": "rich_text_section",
                        "elements": [
                            {
                                "type": "text",
                                "text": "Sherifr is finished for today. Away."
                            }
                        ]
                    }
                ]
            }
        ]
    },
    {
        "type": "message",
        "subtype": "bot_message",
        "text": "Bassem-Adel-Eg is finished for today. Away.",
        "ts": "1692217358.371259",
        "username": "Silverkey Hub",
        "bot_id": "B05HFU026BH",
        "blocks": [
            {
                "type": "rich_text",
                "block_id": "1Gw",
                "elements": [
                    {
                        "type": "rich_text_section",
                        "elements": [
                            {
                                "type": "text",
                                "text": "Bassem-Adel-Eg is finished for today. Away."
                            }
                        ]
                    }
                ]
            }
        ]
    },
    {
        "type": "message",
        "subtype": "bot_message",
        "text": "Amr Zaki is finished for today. Away.",
        "ts": "1692220274.678119",
        "username": "Silverkey Hub",
        "bot_id": "B05HFU026BH",
        "blocks": [
            {
                "type": "rich_text",
                "block_id": "W0LbJ",
                "elements": [
                    {
                        "type": "rich_text_section",
                        "elements": [
                            {
                                "type": "text",
                                "text": "Amr Zaki is finished for today. Away."
                            }
                        ]
                    }
                ]
            }
        ]
    },
    {
        "type": "message",
        "subtype": "bot_message",
        "text": "Nouran M Started to work now.",
        "ts": "1692221812.513469",
        "username": "Silverkey Hub",
        "bot_id": "B05HFU026BH",
        "blocks": [
            {
                "type": "rich_text",
                "block_id": "9rmH",
                "elements": [
                    {
                        "type": "rich_text_section",
                        "elements": [
                            {
                                "type": "text",
                                "text": "Nouran M Started to work now."
                            }
                        ]
                    }
                ]
            }
        ]
    },
    {
        "type": "message",
        "subtype": "bot_message",
        "text": "Mariam Essam Ghanem is finished for today. Away.",
        "ts": "1692221954.000959",
        "username": "Silverkey Hub",
        "bot_id": "B05HFU026BH",
        "blocks": [
            {
                "type": "rich_text",
                "block_id": "P=1Y8",
                "elements": [
                    {
                        "type": "rich_text_section",
                        "elements": [
                            {
                                "type": "text",
                                "text": "Mariam Essam Ghanem is finished for today. Away."
                            }
                        ]
                    }
                ]
            }
        ]
    },
    {
        "type": "message",
        "subtype": "bot_message",
        "text": "yasminazcodes is away for sometime.",
        "ts": "1692225115.828229",
        "username": "Silverkey Hub",
        "bot_id": "B05HFU026BH",
        "blocks": [
            {
                "type": "rich_text",
                "block_id": "=1808",
                "elements": [
                    {
                        "type": "rich_text_section",
                        "elements": [
                            {
                                "type": "text",
                                "text": "yasminazcodes is away for sometime."
                            }
                        ]
                    }
                ]
            }
        ]
    },
    {
        "type": "message",
        "subtype": "bot_message",
        "text": "nourhanhelmy1 is finished for today. Away.",
        "ts": "1692227625.090719",
        "username": "Silverkey Hub",
        "bot_id": "B05HFU026BH",
        "blocks": [
            {
                "type": "rich_text",
                "block_id": "w1G",
                "elements": [
                    {
                        "type": "rich_text_section",
                        "elements": [
                            {
                                "type": "text",
                                "text": "nourhanhelmy1 is finished for today. Away."
                            }
                        ]
                    }
                ]
            }
        ]
    },
    {
        "type": "message",
        "subtype": "bot_message",
        "text": "merhanhesham is finished for today. Away.",
        "ts": "1692232660.334699",
        "username": "Silverkey Hub",
        "bot_id": "B05HFU026BH",
        "blocks": [
            {
                "type": "rich_text",
                "block_id": "f\/RYC",
                "elements": [
                    {
                        "type": "rich_text_section",
                        "elements": [
                            {
                                "type": "text",
                                "text": "merhanhesham is finished for today. Away."
                            }
                        ]
                    }
                ]
            }
        ]
    },
    {
        "type": "message",
        "subtype": "bot_message",
        "text": "Nouran M is away for sometime.",
        "ts": "1692236031.362249",
        "username": "Silverkey Hub",
        "bot_id": "B05HFU026BH",
        "blocks": [
            {
                "type": "rich_text",
                "block_id": "YG\/k",
                "elements": [
                    {
                        "type": "rich_text_section",
                        "elements": [
                            {
                                "type": "text",
                                "text": "Nouran M is away for sometime."
                            }
                        ]
                    }
                ]
            }
        ]
    },
    {
        "type": "message",
        "subtype": "bot_message",
        "text": "manarrn is finished for today. Away.",
        "ts": "1692237573.455819",
        "username": "Silverkey Hub",
        "bot_id": "B05HFU026BH",
        "blocks": [
            {
                "type": "rich_text",
                "block_id": "oFdA",
                "elements": [
                    {
                        "type": "rich_text_section",
                        "elements": [
                            {
                                "type": "text",
                                "text": "manarrn is finished for today. Away."
                            }
                        ]
                    }
                ]
            }
        ]
    },
    {
        "type": "message",
        "subtype": "bot_message",
        "text": "Hannah Hatem Started to work now.",
        "ts": "1692247097.797549",
        "username": "Silverkey Hub",
        "bot_id": "B05HFU026BH",
        "blocks": [
            {
                "type": "rich_text",
                "block_id": "mZty",
                "elements": [
                    {
                        "type": "rich_text_section",
                        "elements": [
                            {
                                "type": "text",
                                "text": "Hannah Hatem Started to work now."
                            }
                        ]
                    }
                ]
            }
        ]
    },
    {
        "type": "message",
        "subtype": "bot_message",
        "text": "Amr Zaki Started to work now.",
        "ts": "1692249322.184649",
        "username": "Silverkey Hub",
        "bot_id": "B05HFU026BH",
        "blocks": [
            {
                "type": "rich_text",
                "block_id": "HuK",
                "elements": [
                    {
                        "type": "rich_text_section",
                        "elements": [
                            {
                                "type": "text",
                                "text": "Amr Zaki Started to work now."
                            }
                        ]
                    }
                ]
            }
        ]
    },
    {
        "type": "message",
        "subtype": "bot_message",
        "text": "Ahmad Gadallah is finished for today. Away.",
        "ts": "1692249735.483859",
        "username": "Silverkey Hub",
        "bot_id": "B05HFU026BH",
        "blocks": [
            {
                "type": "rich_text",
                "block_id": "s21PF",
                "elements": [
                    {
                        "type": "rich_text_section",
                        "elements": [
                            {
                                "type": "text",
                                "text": "Ahmad Gadallah is finished for today. Away."
                            }
                        ]
                    }
                ]
            }
        ]
    },
    {
        "type": "message",
        "subtype": "bot_message",
        "text": "Ahmad Gadallah Started to work now.",
        "ts": "1692249737.249449",
        "username": "Silverkey Hub",
        "bot_id": "B05HFU026BH",
        "blocks": [
            {
                "type": "rich_text",
                "block_id": "k9TJ",
                "elements": [
                    {
                        "type": "rich_text_section",
                        "elements": [
                            {
                                "type": "text",
                                "text": "Ahmad Gadallah Started to work now."
                            }
                        ]
                    }
                ]
            }
        ],
        "thread_ts": "1692249737.249449",
        "reply_count": 1,
        "reply_users_count": 1,
        "latest_reply": "1692249761.364709",
        "reply_users": [
            "U027PSQ8ZUK"
        ],
        "replies": [
            {
                "user": "U027PSQ8ZUK",
                "ts": "1692249761.364709"
            }
        ],
        "is_locked": false,
        "subscribed": false
    },
    {
        "client_msg_id": "DB66E627-EB9F-490E-8EF7-6DB2B6A0DADE",
        "type": "message",
        "text": "Training with giz",
        "user": "U027PSQ8ZUK",
        "ts": "1692249761.364709",
        "blocks": [
            {
                "type": "rich_text",
                "block_id": "G2SS",
                "elements": [
                    {
                        "type": "rich_text_section",
                        "elements": [
                            {
                                "type": "text",
                                "text": "Training with giz"
                            }
                        ]
                    }
                ]
            }
        ],
        "team": "T03FVM0K8",
        "user_team": "T03FVM0K8",
        "source_team": "T03FVM0K8",
        "user_profile": {
            "avatar_hash": "9c0b97dae87e",
            "image_72": "https:\/\/avatars.slack-edge.com\/2021-07-11\/2285724744848_9c0b97dae87ec533fb16_72.jpg",
            "first_name": "Ahmad",
            "real_name": "Ahmad Gadallah",
            "display_name": "Ahmad Gadallah",
            "team": "T03FVM0K8",
            "name": "ahmadg",
            "is_restricted": false,
            "is_ultra_restricted": false
        },
        "thread_ts": "1692249737.249449"
    },
    {
        "type": "message",
        "subtype": "bot_message",
        "text": "Mohamed Abdelrahman is finished for today. Away.",
        "ts": "1692249938.869779",
        "username": "Silverkey Hub",
        "bot_id": "B05HFU026BH",
        "blocks": [
            {
                "type": "rich_text",
                "block_id": "jz2Z8",
                "elements": [
                    {
                        "type": "rich_text_section",
                        "elements": [
                            {
                                "type": "text",
                                "text": "Mohamed Abdelrahman is finished for today. Away."
                            }
                        ]
                    }
                ]
            }
        ]
    },
    {
        "type": "message",
        "subtype": "bot_message",
        "text": "Mohamed Abdelrahman Started to work now.",
        "ts": "1692249940.825379",
        "username": "Silverkey Hub",
        "bot_id": "B05HFU026BH",
        "blocks": [
            {
                "type": "rich_text",
                "block_id": "az2",
                "elements": [
                    {
                        "type": "rich_text_section",
                        "elements": [
                            {
                                "type": "text",
                                "text": "Mohamed Abdelrahman Started to work now."
                            }
                        ]
                    }
                ]
            }
        ]
    },
    {
        "type": "message",
        "subtype": "bot_message",
        "text": "Yomna Ragab Started to work now.",
        "ts": "1692251977.934749",
        "username": "Silverkey Hub",
        "bot_id": "B05HFU026BH",
        "blocks": [
            {
                "type": "rich_text",
                "block_id": "UBY",
                "elements": [
                    {
                        "type": "rich_text_section",
                        "elements": [
                            {
                                "type": "text",
                                "text": "Yomna Ragab Started to work now."
                            }
                        ]
                    }
                ]
            }
        ],
        "thread_ts": "1692251977.934749",
        "reply_count": 1,
        "reply_users_count": 1,
        "latest_reply": "1692254421.048789",
        "reply_users": [
            "U027JMN1NUR"
        ],
        "replies": [
            {
                "user": "U027JMN1NUR",
                "ts": "1692254421.048789"
            }
        ],
        "is_locked": false,
        "subscribed": false
    },
    {
        "client_msg_id": "005eea4f-d07f-4551-ac97-2bf3fca121cb",
        "type": "message",
        "text": "Training for giz edu inspection",
        "user": "U027JMN1NUR",
        "ts": "1692254421.048789",
        "blocks": [
            {
                "type": "rich_text",
                "block_id": "WdY",
                "elements": [
                    {
                        "type": "rich_text_section",
                        "elements": [
                            {
                                "type": "text",
                                "text": "Training for giz edu inspection"
                            }
                        ]
                    }
                ]
            }
        ],
        "team": "T03FVM0K8",
        "user_team": "T03FVM0K8",
        "source_team": "T03FVM0K8",
        "user_profile": {
            "avatar_hash": "75c971f6e9cd",
            "image_72": "https:\/\/avatars.slack-edge.com\/2021-07-06\/2256745934769_75c971f6e9cded94ea12_72.png",
            "first_name": "Yomna",
            "real_name": "Yomna Ragab",
            "display_name": "Yomna Ragab",
            "team": "T03FVM0K8",
            "name": "yomnat",
            "is_restricted": false,
            "is_ultra_restricted": false
        },
        "thread_ts": "1692251977.934749"
    },
    {
        "type": "message",
        "subtype": "bot_message",
        "text": "Reham Abdelraheem Started to work now.",
        "ts": "1692254494.150249",
        "username": "Silverkey Hub",
        "bot_id": "B05HFU026BH",
        "blocks": [
            {
                "type": "rich_text",
                "block_id": "4qX",
                "elements": [
                    {
                        "type": "rich_text_section",
                        "elements": [
                            {
                                "type": "text",
                                "text": "Reham Abdelraheem Started to work now."
                            }
                        ]
                    }
                ]
            }
        ],
        "thread_ts": "1692254494.150249",
        "reply_count": 1,
        "reply_users_count": 1,
        "latest_reply": "1692254518.156069",
        "reply_users": [
            "UD7FEGEF8"
        ],
        "replies": [
            {
                "user": "UD7FEGEF8",
                "ts": "1692254518.156069"
            }
        ],
        "is_locked": false,
        "subscribed": false
    },
    {
        "client_msg_id": "ddf6a694-d6b9-49f0-ad67-22fb57812ac6",
        "type": "message",
        "text": "training for giz-qms",
        "user": "UD7FEGEF8",
        "ts": "1692254518.156069",
        "blocks": [
            {
                "type": "rich_text",
                "block_id": "C7QfV",
                "elements": [
                    {
                        "type": "rich_text_section",
                        "elements": [
                            {
                                "type": "text",
                                "text": "training for giz-qms"
                            }
                        ]
                    }
                ]
            }
        ],
        "team": "T03FVM0K8",
        "user_team": "T03FVM0K8",
        "source_team": "T03FVM0K8",
        "user_profile": {
            "avatar_hash": "g083a5c40ff6",
            "image_72": "https:\/\/secure.gravatar.com\/avatar\/5083a5c40ff6db7ba5ab35355b7b2066.jpg?s=72&d=https%3A%2F%2Fa.slack-edge.com%2Fdf10d%2Fimg%2Favatars%2Fava_0023-72.png",
            "first_name": "",
            "real_name": "Reham Abdelraheem",
            "display_name": "",
            "team": "T03FVM0K8",
            "name": "rehama",
            "is_restricted": false,
            "is_ultra_restricted": false
        },
        "thread_ts": "1692254494.150249"
    },
    {
        "type": "message",
        "subtype": "bot_message",
        "text": "Mohamed Sameer is back.",
        "ts": "1692254753.282839",
        "username": "Silverkey Hub",
        "bot_id": "B05HFU026BH",
        "blocks": [
            {
                "type": "rich_text",
                "block_id": "JPxY",
                "elements": [
                    {
                        "type": "rich_text_section",
                        "elements": [
                            {
                                "type": "text",
                                "text": "Mohamed Sameer is back."
                            }
                        ]
                    }
                ]
            }
        ]
    },
    {
        "type": "message",
        "subtype": "bot_message",
        "text": "Mohamed Sameer is finished for today. Away.",
        "ts": "1692254754.972679",
        "username": "Silverkey Hub",
        "bot_id": "B05HFU026BH",
        "blocks": [
            {
                "type": "rich_text",
                "block_id": "4aBK",
                "elements": [
                    {
                        "type": "rich_text_section",
                        "elements": [
                            {
                                "type": "text",
                                "text": "Mohamed Sameer is finished for today. Away."
                            }
                        ]
                    }
                ]
            }
        ]
    },
    {
        "type": "message",
        "subtype": "bot_message",
        "text": "Mohamed Sameer Started to work now.",
        "ts": "1692254756.649929",
        "username": "Silverkey Hub",
        "bot_id": "B05HFU026BH",
        "blocks": [
            {
                "type": "rich_text",
                "block_id": "bqt3t",
                "elements": [
                    {
                        "type": "rich_text_section",
                        "elements": [
                            {
                                "type": "text",
                                "text": "Mohamed Sameer Started to work now."
                            }
                        ]
                    }
                ]
            }
        ]
    },
    {
        "type": "message",
        "subtype": "bot_message",
        "text": "Sherifr Started to work now.",
        "ts": "1692254920.891509",
        "username": "Silverkey Hub",
        "bot_id": "B05HFU026BH",
        "blocks": [
            {
                "type": "rich_text",
                "block_id": "YGf",
                "elements": [
                    {
                        "type": "rich_text_section",
                        "elements": [
                            {
                                "type": "text",
                                "text": "Sherifr Started to work now."
                            }
                        ]
                    }
                ]
            }
        ]
    }
]