[
    {
        "type": "message",
        "subtype": "bot_message",
        "text": "Salma Ahmed Mahfouz is back.",
        "ts": "1691219262.558619",
        "username": "Silverkey Hub",
        "bot_id": "B05HFU026BH",
        "blocks": [
            {
                "type": "rich_text",
                "block_id": "B6\/FE",
                "elements": [
                    {
                        "type": "rich_text_section",
                        "elements": [
                            {
                                "type": "text",
                                "text": "Salma Ahmed Mahfouz is back."
                            }
                        ]
                    }
                ]
            }
        ]
    },
    {
        "type": "message",
        "subtype": "bot_message",
        "text": "Salma Ahmed Mahfouz is away for sometime.",
        "ts": "1691225998.319719",
        "username": "Silverkey Hub",
        "bot_id": "B05HFU026BH",
        "blocks": [
            {
                "type": "rich_text",
                "block_id": "1BJA",
                "elements": [
                    {
                        "type": "rich_text_section",
                        "elements": [
                            {
                                "type": "text",
                                "text": "Salma Ahmed Mahfouz is away for sometime."
                            }
                        ]
                    }
                ]
            }
        ]
    },
    {
        "type": "message",
        "subtype": "bot_message",
        "text": "Bassem-Adel-Eg Started to work now.",
        "ts": "1691226508.554209",
        "username": "Silverkey Hub",
        "bot_id": "B05HFU026BH",
        "blocks": [
            {
                "type": "rich_text",
                "block_id": "W+ZFz",
                "elements": [
                    {
                        "type": "rich_text_section",
                        "elements": [
                            {
                                "type": "text",
                                "text": "Bassem-Adel-Eg Started to work now."
                            }
                        ]
                    }
                ]
            }
        ]
    },
    {
        "type": "message",
        "subtype": "bot_message",
        "text": "Salma Ahmed Mahfouz is back.",
        "ts": "1691226838.243439",
        "username": "Silverkey Hub",
        "bot_id": "B05HFU026BH",
        "blocks": [
            {
                "type": "rich_text",
                "block_id": "TAWnu",
                "elements": [
                    {
                        "type": "rich_text_section",
                        "elements": [
                            {
                                "type": "text",
                                "text": "Salma Ahmed Mahfouz is back."
                            }
                        ]
                    }
                ]
            }
        ]
    },
    {
        "type": "message",
        "subtype": "bot_message",
        "text": "Marwan Mostafa Started to work now.",
        "ts": "1691227558.678389",
        "username": "Silverkey Hub",
        "bot_id": "B05HFU026BH",
        "blocks": [
            {
                "type": "rich_text",
                "block_id": "IP8",
                "elements": [
                    {
                        "type": "rich_text_section",
                        "elements": [
                            {
                                "type": "text",
                                "text": "Marwan Mostafa Started to work now."
                            }
                        ]
                    }
                ]
            }
        ]
    },
    {
        "type": "message",
        "subtype": "bot_message",
        "text": "Rofaydaaa Started to work now.",
        "ts": "1691235101.255339",
        "username": "Silverkey Hub",
        "bot_id": "B05HFU026BH",
        "blocks": [
            {
                "type": "rich_text",
                "block_id": "3j0i",
                "elements": [
                    {
                        "type": "rich_text_section",
                        "elements": [
                            {
                                "type": "text",
                                "text": "Rofaydaaa Started to work now."
                            }
                        ]
                    }
                ]
            }
        ]
    },
    {
        "type": "message",
        "subtype": "bot_message",
        "text": "Mariam Essam Ghanem Started to work now.",
        "ts": "1691235699.109929",
        "username": "Silverkey Hub",
        "bot_id": "B05HFU026BH",
        "blocks": [
            {
                "type": "rich_text",
                "block_id": "vE2",
                "elements": [
                    {
                        "type": "rich_text_section",
                        "elements": [
                            {
                                "type": "text",
                                "text": "Mariam Essam Ghanem Started to work now."
                            }
                        ]
                    }
                ]
            }
        ]
    },
    {
        "type": "message",
        "subtype": "bot_message",
        "text": "Amr Tealeb Started to work now.",
        "ts": "1691235713.949829",
        "username": "Silverkey Hub",
        "bot_id": "B05HFU026BH",
        "blocks": [
            {
                "type": "rich_text",
                "block_id": "gtsx",
                "elements": [
                    {
                        "type": "rich_text_section",
                        "elements": [
                            {
                                "type": "text",
                                "text": "Amr Tealeb Started to work now."
                            }
                        ]
                    }
                ]
            }
        ]
    },
    {
        "client_msg_id": "e001143e-7ec6-4277-813d-766970bf27e7",
        "type": "message",
        "text": "still working",
        "user": "U05DVMHBGF8",
        "ts": "1691238425.844439",
        "blocks": [
            {
                "type": "rich_text",
                "block_id": "i\/F",
                "elements": [
                    {
                        "type": "rich_text_section",
                        "elements": [
                            {
                                "type": "text",
                                "text": "still working"
                            }
                        ]
                    }
                ]
            }
        ],
        "team": "T03FVM0K8",
        "user_team": "T03FVM0K8",
        "source_team": "T03FVM0K8",
        "user_profile": {
            "avatar_hash": "2e9a0e8d7894",
            "image_72": "https:\/\/avatars.slack-edge.com\/2023-07-17\/5589280126579_2e9a0e8d789482aacf2a_72.jpg",
            "first_name": "Salma",
            "real_name": "Salma Ahmed",
            "display_name": "Salma Ahmed",
            "team": "T03FVM0K8",
            "name": "salma.ahmed01",
            "is_restricted": false,
            "is_ultra_restricted": false
        }
    },
    {
        "type": "message",
        "subtype": "bot_message",
        "text": "Reham Abdelraheem is finished for today. Away.",
        "ts": "1691240266.484409",
        "username": "Silverkey Hub",
        "bot_id": "B05HFU026BH",
        "blocks": [
            {
                "type": "rich_text",
                "block_id": "3C0X",
                "elements": [
                    {
                        "type": "rich_text_section",
                        "elements": [
                            {
                                "type": "text",
                                "text": "Reham Abdelraheem is finished for today. Away."
                            }
                        ]
                    }
                ]
            }
        ]
    },
    {
        "type": "message",
        "subtype": "bot_message",
        "text": "Reham Abdelraheem Started to work now.",
        "ts": "1691240267.941249",
        "username": "Silverkey Hub",
        "bot_id": "B05HFU026BH",
        "blocks": [
            {
                "type": "rich_text",
                "block_id": "S+bF",
                "elements": [
                    {
                        "type": "rich_text_section",
                        "elements": [
                            {
                                "type": "text",
                                "text": "Reham Abdelraheem Started to work now."
                            }
                        ]
                    }
                ]
            }
        ]
    },
    {
        "type": "message",
        "subtype": "bot_message",
        "text": "nourhanhelmy1 Started to work now.",
        "ts": "1691243037.026319",
        "username": "Silverkey Hub",
        "bot_id": "B05HFU026BH",
        "blocks": [
            {
                "type": "rich_text",
                "block_id": "38i",
                "elements": [
                    {
                        "type": "rich_text_section",
                        "elements": [
                            {
                                "type": "text",
                                "text": "nourhanhelmy1 Started to work now."
                            }
                        ]
                    }
                ]
            }
        ]
    },
    {
        "type": "message",
        "subtype": "bot_message",
        "text": "Salma Ahmed Mahfouz is away for sometime.",
        "ts": "1691243259.850629",
        "username": "Silverkey Hub",
        "bot_id": "B05HFU026BH",
        "blocks": [
            {
                "type": "rich_text",
                "block_id": "wjN",
                "elements": [
                    {
                        "type": "rich_text_section",
                        "elements": [
                            {
                                "type": "text",
                                "text": "Salma Ahmed Mahfouz is away for sometime."
                            }
                        ]
                    }
                ]
            }
        ]
    },
    {
        "type": "message",
        "subtype": "bot_message",
        "text": "Salma Ahmed Mahfouz is back.",
        "ts": "1691246691.582089",
        "username": "Silverkey Hub",
        "bot_id": "B05HFU026BH",
        "blocks": [
            {
                "type": "rich_text",
                "block_id": "260u",
                "elements": [
                    {
                        "type": "rich_text_section",
                        "elements": [
                            {
                                "type": "text",
                                "text": "Salma Ahmed Mahfouz is back."
                            }
                        ]
                    }
                ]
            }
        ]
    },
    {
        "client_msg_id": "c8404934-8407-4161-b6ca-02690ad0852f",
        "type": "message",
        "text": "to me: we have to work on the day date",
        "user": "UDDJGP5CL",
        "ts": "1691247128.073269",
        "blocks": [
            {
                "type": "rich_text",
                "block_id": "TMo",
                "elements": [
                    {
                        "type": "rich_text_section",
                        "elements": [
                            {
                                "type": "text",
                                "text": "to me: we have to work on the day date"
                            }
                        ]
                    }
                ]
            }
        ],
        "team": "T03FVM0K8",
        "user_team": "T03FVM0K8",
        "source_team": "T03FVM0K8",
        "user_profile": {
            "avatar_hash": "037560a56aad",
            "image_72": "https:\/\/avatars.slack-edge.com\/2023-07-17\/5613165629632_037560a56aad6a6cde14_72.jpg",
            "first_name": "Mohammed",
            "real_name": "Mohammed Genidy Omera",
            "display_name": "",
            "team": "T03FVM0K8",
            "name": "mohammedo",
            "is_restricted": false,
            "is_ultra_restricted": false
        },
        "thread_ts": "1691157093.474799",
        "parent_user_id": "U03FWCWLL"
    },
    {
        "client_msg_id": "a3b0e6d8-fab5-4764-a854-78c9f3febc15",
        "type": "message",
        "text": "if I forgot to click on the end day button.\nshould asking me to set the yesterday's ending time to let me starting a new day.",
        "user": "UDDJGP5CL",
        "ts": "1691247376.627289",
        "blocks": [
            {
                "type": "rich_text",
                "block_id": "ZmLl",
                "elements": [
                    {
                        "type": "rich_text_section",
                        "elements": [
                            {
                                "type": "text",
                                "text": "if I forgot to click on the end day button.\nshould asking me to set the yesterday's ending time to let me starting a new day."
                            }
                        ]
                    }
                ]
            }
        ],
        "team": "T03FVM0K8",
        "user_team": "T03FVM0K8",
        "source_team": "T03FVM0K8",
        "user_profile": {
            "avatar_hash": "037560a56aad",
            "image_72": "https:\/\/avatars.slack-edge.com\/2023-07-17\/5613165629632_037560a56aad6a6cde14_72.jpg",
            "first_name": "Mohammed",
            "real_name": "Mohammed Genidy Omera",
            "display_name": "",
            "team": "T03FVM0K8",
            "name": "mohammedo",
            "is_restricted": false,
            "is_ultra_restricted": false
        },
        "edited": {
            "user": "UDDJGP5CL",
            "ts": "1691247530.000000"
        },
        "thread_ts": "1691157093.474799",
        "parent_user_id": "U03FWCWLL"
    },
    {
        "type": "message",
        "subtype": "bot_message",
        "text": "Marwan Mostafa is away for sometime.",
        "ts": "1691248895.119849",
        "username": "Silverkey Hub",
        "bot_id": "B05HFU026BH",
        "blocks": [
            {
                "type": "rich_text",
                "block_id": "ORQb",
                "elements": [
                    {
                        "type": "rich_text_section",
                        "elements": [
                            {
                                "type": "text",
                                "text": "Marwan Mostafa is away for sometime."
                            }
                        ]
                    }
                ]
            }
        ]
    },
    {
        "type": "message",
        "subtype": "bot_message",
        "text": "Nada is finished for today. Away.",
        "ts": "1691251341.142049",
        "username": "Silverkey Hub",
        "bot_id": "B05HFU026BH",
        "blocks": [
            {
                "type": "rich_text",
                "block_id": "9M7",
                "elements": [
                    {
                        "type": "rich_text_section",
                        "elements": [
                            {
                                "type": "text",
                                "text": "Nada is finished for today. Away."
                            }
                        ]
                    }
                ]
            }
        ]
    },
    {
        "type": "message",
        "subtype": "bot_message",
        "text": "Nada Started to work now.",
        "ts": "1691251343.085739",
        "username": "Silverkey Hub",
        "bot_id": "B05HFU026BH",
        "blocks": [
            {
                "type": "rich_text",
                "block_id": "XlZ0",
                "elements": [
                    {
                        "type": "rich_text_section",
                        "elements": [
                            {
                                "type": "text",
                                "text": "Nada Started to work now."
                            }
                        ]
                    }
                ]
            }
        ]
    },
    {
        "type": "message",
        "subtype": "bot_message",
        "text": "merhanhesham Started to work now.",
        "ts": "1691255464.641419",
        "username": "Silverkey Hub",
        "bot_id": "B05HFU026BH",
        "blocks": [
            {
                "type": "rich_text",
                "block_id": "0M3dK",
                "elements": [
                    {
                        "type": "rich_text_section",
                        "elements": [
                            {
                                "type": "text",
                                "text": "merhanhesham Started to work now."
                            }
                        ]
                    }
                ]
            }
        ]
    },
    {
        "client_msg_id": "2216b0bb-8409-40a9-b138-f66dd6d646e1",
        "type": "message",
        "text": "i think any idea that comes up that you can do something in the past is (*abuse*) we shouldn't allow the user to set yesterday end day\n\ni like <@UD7FEGEF8> idea\n• i think you can add an alert when the user wants to close the browser\/tab (are you done for today? (Yes\/no) if yes so set end of the day if no don't allow the user to close this tab\n• ask the user after 8 hours or 4 hours if he \/she still working \nThis is simple and will get the job done :wink:",
        "user": "U02P5PUDENL",
        "ts": "1691256155.913429",
        "blocks": [
            {
                "type": "rich_text",
                "block_id": "0+gi",
                "elements": [
                    {
                        "type": "rich_text_section",
                        "elements": [
                            {
                                "type": "text",
                                "text": "i think any idea that comes up that you can do something in the past is ("
                            },
                            {
                                "type": "text",
                                "text": "abuse",
                                "style": {
                                    "bold": true
                                }
                            },
                            {
                                "type": "text",
                                "text": ") we shouldn't allow the user to set yesterday end day\n\ni like "
                            },
                            {
                                "type": "user",
                                "user_id": "UD7FEGEF8"
                            },
                            {
                                "type": "text",
                                "text": " idea\n"
                            }
                        ]
                    },
                    {
                        "type": "rich_text_list",
                        "elements": [
                            {
                                "type": "rich_text_section",
                                "elements": [
                                    {
                                        "type": "text",
                                        "text": "i think you can add an alert when the user wants to close the browser\/tab (are you done for today? (Yes\/no) if yes so set end of the day if no don't allow the user to close this tab"
                                    }
                                ]
                            },
                            {
                                "type": "rich_text_section",
                                "elements": [
                                    {
                                        "type": "text",
                                        "text": "ask the user after 8 hours or 4 hours if he \/she still working "
                                    }
                                ]
                            }
                        ],
                        "style": "bullet",
                        "indent": 0,
                        "border": 0
                    },
                    {
                        "type": "rich_text_section",
                        "elements": [
                            {
                                "type": "text",
                                "text": "This is simple and will get the job done "
                            },
                            {
                                "type": "emoji",
                                "name": "wink",
                                "unicode": "1f609"
                            }
                        ]
                    }
                ]
            }
        ],
        "team": "T03FVM0K8",
        "user_team": "T03FVM0K8",
        "source_team": "T03FVM0K8",
        "user_profile": {
            "avatar_hash": "d70abf884c2f",
            "image_72": "https:\/\/avatars.slack-edge.com\/2021-11-30\/2774693826662_d70abf884c2f70031520_72.jpg",
            "first_name": "Fares",
            "real_name": "Fares",
            "display_name": "Fares",
            "team": "T03FVM0K8",
            "name": "fares",
            "is_restricted": false,
            "is_ultra_restricted": false
        },
        "edited": {
            "user": "U02P5PUDENL",
            "ts": "1691257537.000000"
        },
        "thread_ts": "1691157093.474799",
        "parent_user_id": "U03FWCWLL"
    },
    {
        "client_msg_id": "dc620e49-5908-47bf-9f3d-23b518c5e942",
        "type": "message",
        "text": "<@UDDJGP5CL> you lost the purpose of the feature already if you allow users to do this\nThe purpose of the topic that <@U03FWCWLL> talking about is (*don't forget to set your ending time*)",
        "user": "U02P5PUDENL",
        "ts": "1691256459.368709",
        "blocks": [
            {
                "type": "rich_text",
                "block_id": "z8lM",
                "elements": [
                    {
                        "type": "rich_text_section",
                        "elements": [
                            {
                                "type": "user",
                                "user_id": "UDDJGP5CL"
                            },
                            {
                                "type": "text",
                                "text": " you lost the purpose of the feature already if you allow users to do this\nThe purpose of the topic that "
                            },
                            {
                                "type": "user",
                                "user_id": "U03FWCWLL"
                            },
                            {
                                "type": "text",
                                "text": " talking about is ("
                            },
                            {
                                "type": "text",
                                "text": "don't forget to set your ending time",
                                "style": {
                                    "bold": true
                                }
                            },
                            {
                                "type": "text",
                                "text": ")"
                            }
                        ]
                    }
                ]
            }
        ],
        "team": "T03FVM0K8",
        "user_team": "T03FVM0K8",
        "source_team": "T03FVM0K8",
        "user_profile": {
            "avatar_hash": "d70abf884c2f",
            "image_72": "https:\/\/avatars.slack-edge.com\/2021-11-30\/2774693826662_d70abf884c2f70031520_72.jpg",
            "first_name": "Fares",
            "real_name": "Fares",
            "display_name": "Fares",
            "team": "T03FVM0K8",
            "name": "fares",
            "is_restricted": false,
            "is_ultra_restricted": false
        },
        "thread_ts": "1691157093.474799",
        "parent_user_id": "U03FWCWLL"
    },
    {
        "type": "message",
        "subtype": "bot_message",
        "text": "Bassem-Adel-Eg is finished for today. Away.",
        "ts": "1691259133.199159",
        "username": "Silverkey Hub",
        "bot_id": "B05HFU026BH",
        "blocks": [
            {
                "type": "rich_text",
                "block_id": "mP9V",
                "elements": [
                    {
                        "type": "rich_text_section",
                        "elements": [
                            {
                                "type": "text",
                                "text": "Bassem-Adel-Eg is finished for today. Away."
                            }
                        ]
                    }
                ]
            }
        ]
    },
    {
        "type": "message",
        "subtype": "bot_message",
        "text": "Salma Ahmed Mahfouz is away for sometime.",
        "ts": "1691262048.989229",
        "username": "Silverkey Hub",
        "bot_id": "B05HFU026BH",
        "blocks": [
            {
                "type": "rich_text",
                "block_id": "gyI9s",
                "elements": [
                    {
                        "type": "rich_text_section",
                        "elements": [
                            {
                                "type": "text",
                                "text": "Salma Ahmed Mahfouz is away for sometime."
                            }
                        ]
                    }
                ]
            }
        ]
    },
    {
        "type": "message",
        "subtype": "bot_message",
        "text": "Salma Ahmed Mahfouz is back.",
        "ts": "1691265232.901109",
        "username": "Silverkey Hub",
        "bot_id": "B05HFU026BH",
        "blocks": [
            {
                "type": "rich_text",
                "block_id": "CYV",
                "elements": [
                    {
                        "type": "rich_text_section",
                        "elements": [
                            {
                                "type": "text",
                                "text": "Salma Ahmed Mahfouz is back."
                            }
                        ]
                    }
                ]
            }
        ]
    },
    {
        "type": "message",
        "subtype": "bot_message",
        "text": "Salma Ahmed Mahfouz is finished for today. Away.",
        "ts": "1691265234.767779",
        "username": "Silverkey Hub",
        "bot_id": "B05HFU026BH",
        "blocks": [
            {
                "type": "rich_text",
                "block_id": "ptif=",
                "elements": [
                    {
                        "type": "rich_text_section",
                        "elements": [
                            {
                                "type": "text",
                                "text": "Salma Ahmed Mahfouz is finished for today. Away."
                            }
                        ]
                    }
                ]
            }
        ]
    },
    {
        "type": "message",
        "subtype": "bot_message",
        "text": "Nada is finished for today. Away.",
        "ts": "1691265806.720749",
        "username": "Silverkey Hub",
        "bot_id": "B05HFU026BH",
        "blocks": [
            {
                "type": "rich_text",
                "block_id": "ZHnR",
                "elements": [
                    {
                        "type": "rich_text_section",
                        "elements": [
                            {
                                "type": "text",
                                "text": "Nada is finished for today. Away."
                            }
                        ]
                    }
                ]
            }
        ]
    },
    {
        "type": "message",
        "subtype": "bot_message",
        "text": "nourhanhelmy1 is finished for today. Away.",
        "ts": "1691269476.873089",
        "username": "Silverkey Hub",
        "bot_id": "B05HFU026BH",
        "blocks": [
            {
                "type": "rich_text",
                "block_id": "Pr8k",
                "elements": [
                    {
                        "type": "rich_text_section",
                        "elements": [
                            {
                                "type": "text",
                                "text": "nourhanhelmy1 is finished for today. Away."
                            }
                        ]
                    }
                ]
            }
        ]
    },
    {
        "type": "message",
        "subtype": "bot_message",
        "text": "Nouran M Started to work now.",
        "ts": "1691270182.755729",
        "username": "Silverkey Hub",
        "bot_id": "B05HFU026BH",
        "blocks": [
            {
                "type": "rich_text",
                "block_id": "dA\/C",
                "elements": [
                    {
                        "type": "rich_text_section",
                        "elements": [
                            {
                                "type": "text",
                                "text": "Nouran M Started to work now."
                            }
                        ]
                    }
                ]
            }
        ]
    },
    {
        "type": "message",
        "subtype": "bot_message",
        "text": "Amr Tealeb is finished for today. Away.",
        "ts": "1691274041.715099",
        "username": "Silverkey Hub",
        "bot_id": "B05HFU026BH",
        "blocks": [
            {
                "type": "rich_text",
                "block_id": "znn",
                "elements": [
                    {
                        "type": "rich_text_section",
                        "elements": [
                            {
                                "type": "text",
                                "text": "Amr Tealeb is finished for today. Away."
                            }
                        ]
                    }
                ]
            }
        ]
    },
    {
        "type": "message",
        "subtype": "bot_message",
        "text": "Mariam Essam Ghanem is finished for today. Away.",
        "ts": "1691279715.534219",
        "username": "Silverkey Hub",
        "bot_id": "B05HFU026BH",
        "blocks": [
            {
                "type": "rich_text",
                "block_id": "OBl28",
                "elements": [
                    {
                        "type": "rich_text_section",
                        "elements": [
                            {
                                "type": "text",
                                "text": "Mariam Essam Ghanem is finished for today. Away."
                            }
                        ]
                    }
                ]
            }
        ]
    },
    {
        "type": "message",
        "subtype": "bot_message",
        "text": "Nouran M is away for sometime.",
        "ts": "1691283696.593739",
        "username": "Silverkey Hub",
        "bot_id": "B05HFU026BH",
        "blocks": [
            {
                "type": "rich_text",
                "block_id": "yl6+",
                "elements": [
                    {
                        "type": "rich_text_section",
                        "elements": [
                            {
                                "type": "text",
                                "text": "Nouran M is away for sometime."
                            }
                        ]
                    }
                ]
            }
        ]
    },
    {
        "type": "message",
        "subtype": "bot_message",
        "text": "Reham Abdelraheem is finished for today. Away.",
        "ts": "1691283791.868289",
        "username": "Silverkey Hub",
        "bot_id": "B05HFU026BH",
        "blocks": [
            {
                "type": "rich_text",
                "block_id": "TkV+",
                "elements": [
                    {
                        "type": "rich_text_section",
                        "elements": [
                            {
                                "type": "text",
                                "text": "Reham Abdelraheem is finished for today. Away."
                            }
                        ]
                    }
                ]
            }
        ]
    },
    {
        "type": "message",
        "subtype": "bot_message",
        "text": "merhanhesham is finished for today. Away.",
        "ts": "1691285819.897909",
        "username": "Silverkey Hub",
        "bot_id": "B05HFU026BH",
        "blocks": [
            {
                "type": "rich_text",
                "block_id": "ttzYf",
                "elements": [
                    {
                        "type": "rich_text_section",
                        "elements": [
                            {
                                "type": "text",
                                "text": "merhanhesham is finished for today. Away."
                            }
                        ]
                    }
                ]
            }
        ]
    },
    {
        "type": "message",
        "subtype": "bot_message",
        "text": "Mohamed Magdy Started to work now.",
        "ts": "1691298003.345319",
        "username": "Silverkey Hub",
        "bot_id": "B05HFU026BH",
        "blocks": [
            {
                "type": "rich_text",
                "block_id": "7oo5H",
                "elements": [
                    {
                        "type": "rich_text_section",
                        "elements": [
                            {
                                "type": "text",
                                "text": "Mohamed Magdy Started to work now."
                            }
                        ]
                    }
                ]
            }
        ],
        "thread_ts": "1691298003.345319",
        "reply_count": 1,
        "reply_users_count": 1,
        "latest_reply": "1691298017.664409",
        "reply_users": [
            "UASMV9W7N"
        ],
        "replies": [
            {
                "user": "UASMV9W7N",
                "ts": "1691298017.664409"
            }
        ],
        "is_locked": false,
        "subscribed": false
    },
    {
        "client_msg_id": "8BD96940-50CC-493E-8898-C9D472F54C78",
        "type": "message",
        "text": "onsite meeting at Taly",
        "user": "UASMV9W7N",
        "ts": "1691298017.664409",
        "blocks": [
            {
                "type": "rich_text",
                "block_id": "0CP",
                "elements": [
                    {
                        "type": "rich_text_section",
                        "elements": [
                            {
                                "type": "text",
                                "text": "onsite meeting at Taly"
                            }
                        ]
                    }
                ]
            }
        ],
        "team": "T03FVM0K8",
        "user_team": "T03FVM0K8",
        "source_team": "T03FVM0K8",
        "user_profile": {
            "avatar_hash": "69dcb4073f2f",
            "image_72": "https:\/\/avatars.slack-edge.com\/2023-07-08\/5560161003857_69dcb4073f2f7c5f6175_72.png",
            "first_name": "Mohamed",
            "real_name": "Mohamed Magdy",
            "display_name": "Mohamed Magdy",
            "team": "T03FVM0K8",
            "name": "mohamedm",
            "is_restricted": false,
            "is_ultra_restricted": false
        },
        "thread_ts": "1691298003.345319"
    },
    {
        "type": "message",
        "subtype": "bot_message",
        "text": "Amr Zaki Started to work now.",
        "ts": "1691298293.187229",
        "username": "Silverkey Hub",
        "bot_id": "B05HFU026BH",
        "blocks": [
            {
                "type": "rich_text",
                "block_id": "pjuD",
                "elements": [
                    {
                        "type": "rich_text_section",
                        "elements": [
                            {
                                "type": "text",
                                "text": "Amr Zaki Started to work now."
                            }
                        ]
                    }
                ]
            }
        ]
    },
    {
        "type": "message",
        "subtype": "bot_message",
        "text": "Bassem-Adel-Eg Started to work now.",
        "ts": "1691299159.304169",
        "username": "Silverkey Hub",
        "bot_id": "B05HFU026BH",
        "blocks": [
            {
                "type": "rich_text",
                "block_id": "V2sAM",
                "elements": [
                    {
                        "type": "rich_text_section",
                        "elements": [
                            {
                                "type": "text",
                                "text": "Bassem-Adel-Eg Started to work now."
                            }
                        ]
                    }
                ]
            }
        ]
    },
    {
        "type": "message",
        "subtype": "bot_message",
        "text": "Mahdy96 Started to work now.",
        "ts": "1691299210.504529",
        "username": "Silverkey Hub",
        "bot_id": "B05HFU026BH",
        "blocks": [
            {
                "type": "rich_text",
                "block_id": "R6sZ",
                "elements": [
                    {
                        "type": "rich_text_section",
                        "elements": [
                            {
                                "type": "text",
                                "text": "Mahdy96 Started to work now."
                            }
                        ]
                    }
                ]
            }
        ]
    },
    {
        "type": "message",
        "subtype": "bot_message",
        "text": "Hannah Hatem Started to work now.",
        "ts": "1691300877.015889",
        "username": "Silverkey Hub",
        "bot_id": "B05HFU026BH",
        "blocks": [
            {
                "type": "rich_text",
                "block_id": "RS5l9",
                "elements": [
                    {
                        "type": "rich_text_section",
                        "elements": [
                            {
                                "type": "text",
                                "text": "Hannah Hatem Started to work now."
                            }
                        ]
                    }
                ]
            }
        ]
    },
    {
        "type": "message",
        "subtype": "bot_message",
        "text": "AhmadGadallah2000 is finished for today. Away.",
        "ts": "1691302105.809509",
        "username": "Silverkey Hub",
        "bot_id": "B05HFU026BH",
        "blocks": [
            {
                "type": "rich_text",
                "block_id": "0PSZl",
                "elements": [
                    {
                        "type": "rich_text_section",
                        "elements": [
                            {
                                "type": "text",
                                "text": "AhmadGadallah2000 is finished for today. Away."
                            }
                        ]
                    }
                ]
            }
        ]
    },
    {
        "type": "message",
        "subtype": "bot_message",
        "text": "AhmadGadallah2000 Started to work now.",
        "ts": "1691302107.583719",
        "username": "Silverkey Hub",
        "bot_id": "B05HFU026BH",
        "blocks": [
            {
                "type": "rich_text",
                "block_id": "o1J",
                "elements": [
                    {
                        "type": "rich_text_section",
                        "elements": [
                            {
                                "type": "text",
                                "text": "AhmadGadallah2000 Started to work now."
                            }
                        ]
                    }
                ]
            }
        ]
    },
    {
        "type": "message",
        "subtype": "bot_message",
        "text": "Omnya_Ellethy is back.",
        "ts": "1691302332.369589",
        "username": "Silverkey Hub",
        "bot_id": "B05HFU026BH",
        "blocks": [
            {
                "type": "rich_text",
                "block_id": "yAA",
                "elements": [
                    {
                        "type": "rich_text_section",
                        "elements": [
                            {
                                "type": "text",
                                "text": "Omnya_Ellethy is back."
                            }
                        ]
                    }
                ]
            }
        ]
    },
    {
        "type": "message",
        "subtype": "bot_message",
        "text": "Omnya_Ellethy is finished for today. Away.",
        "ts": "1691302335.113289",
        "username": "Silverkey Hub",
        "bot_id": "B05HFU026BH",
        "blocks": [
            {
                "type": "rich_text",
                "block_id": "3MihO",
                "elements": [
                    {
                        "type": "rich_text_section",
                        "elements": [
                            {
                                "type": "text",
                                "text": "Omnya_Ellethy is finished for today. Away."
                            }
                        ]
                    }
                ]
            }
        ]
    },
    {
        "type": "message",
        "subtype": "bot_message",
        "text": "Omnya_Ellethy Started to work now.",
        "ts": "1691302337.046949",
        "username": "Silverkey Hub",
        "bot_id": "B05HFU026BH",
        "blocks": [
            {
                "type": "rich_text",
                "block_id": "HVGdS",
                "elements": [
                    {
                        "type": "rich_text_section",
                        "elements": [
                            {
                                "type": "text",
                                "text": "Omnya_Ellethy Started to work now."
                            }
                        ]
                    }
                ]
            }
        ]
    },
    {
        "client_msg_id": "a8729bd0-5690-4fda-a7c6-f18923264fba",
        "type": "message",
        "text": "working",
        "user": "U05EF0GJ1L1",
        "ts": "1691302564.911329",
        "blocks": [
            {
                "type": "rich_text",
                "block_id": "ERWH",
                "elements": [
                    {
                        "type": "rich_text_section",
                        "elements": [
                            {
                                "type": "text",
                                "text": "working"
                            }
                        ]
                    }
                ]
            }
        ],
        "team": "T03FVM0K8",
        "user_team": "T03FVM0K8",
        "source_team": "T03FVM0K8",
        "user_profile": {
            "avatar_hash": "a35e8d11ef4e",
            "image_72": "https:\/\/avatars.slack-edge.com\/2023-07-03\/5543224487760_a35e8d11ef4ea78eb113_72.jpg",
            "first_name": "Taher",
            "real_name": "Taher Matar",
            "display_name": "Taher Matar",
            "team": "T03FVM0K8",
            "name": "tahrmtr45",
            "is_restricted": false,
            "is_ultra_restricted": false
        }
    },
    {
        "type": "message",
        "subtype": "bot_message",
        "text": "Mohamed Abdelrahman Started to work now.",
        "ts": "1691304770.441559",
        "username": "Silverkey Hub",
        "bot_id": "B05HFU026BH",
        "blocks": [
            {
                "type": "rich_text",
                "block_id": "DbQO",
                "elements": [
                    {
                        "type": "rich_text_section",
                        "elements": [
                            {
                                "type": "text",
                                "text": "Mohamed Abdelrahman Started to work now."
                            }
                        ]
                    }
                ]
            }
        ]
    },
    {
        "client_msg_id": "8245d4cd-8d67-452e-a57c-5352b6391b2f",
        "type": "message",
        "text": "<@U03FWCWLL> I worked last Friday, is there a way to add a manual entry.",
        "user": "UGUP6SQUT",
        "ts": "1691305007.152049",
        "blocks": [
            {
                "type": "rich_text",
                "block_id": "iqjYw",
                "elements": [
                    {
                        "type": "rich_text_section",
                        "elements": [
                            {
                                "type": "user",
                                "user_id": "U03FWCWLL"
                            },
                            {
                                "type": "text",
                                "text": " I worked last Friday, is there a way to add a manual entry."
                            }
                        ]
                    }
                ]
            }
        ],
        "team": "T03FVM0K8",
        "user_team": "T03FVM0K8",
        "source_team": "T03FVM0K8",
        "user_profile": {
            "avatar_hash": "g9c020706235",
            "image_72": "https:\/\/secure.gravatar.com\/avatar\/69c02070623529edb9971347f9a4519d.jpg?s=72&d=https%3A%2F%2Fa.slack-edge.com%2Fdf10d%2Fimg%2Favatars%2Fava_0024-72.png",
            "first_name": "",
            "real_name": "Bassem Adel",
            "display_name": "Bassem Adel",
            "team": "T03FVM0K8",
            "name": "bassema",
            "is_restricted": false,
            "is_ultra_restricted": false
        },
        "thread_ts": "1691305007.152049",
        "reply_count": 1,
        "reply_users_count": 1,
        "latest_reply": "1691314516.289039",
        "reply_users": [
            "U03FWCWLL"
        ],
        "replies": [
            {
                "user": "U03FWCWLL",
                "ts": "1691314516.289039"
            }
        ],
        "is_locked": false,
        "subscribed": false
    }
]