[
    {
        "type": "message",
        "subtype": "bot_message",
        "text": "abdulrahmannady Started to work now.",
        "ts": "1690959638.268709",
        "username": "Silverkey Hub",
        "bot_id": "B05HFU026BH",
        "blocks": [
            {
                "type": "rich_text",
                "block_id": "8B4",
                "elements": [
                    {
                        "type": "rich_text_section",
                        "elements": [
                            {
                                "type": "text",
                                "text": "abdulrahmannady Started to work now."
                            }
                        ]
                    }
                ]
            }
        ]
    },
    {
        "type": "message",
        "subtype": "bot_message",
        "text": "BelalAbdelbasetHassan Started to work now.",
        "ts": "1690959918.883319",
        "username": "Silverkey Hub",
        "bot_id": "B05HFU026BH",
        "blocks": [
            {
                "type": "rich_text",
                "block_id": "ZPv",
                "elements": [
                    {
                        "type": "rich_text_section",
                        "elements": [
                            {
                                "type": "text",
                                "text": "BelalAbdelbasetHassan Started to work now."
                            }
                        ]
                    }
                ]
            }
        ]
    },
    {
        "type": "message",
        "subtype": "bot_message",
        "text": "AhmadGadallah2000 is back.",
        "ts": "1690960073.222149",
        "username": "Silverkey Hub",
        "bot_id": "B05HFU026BH",
        "blocks": [
            {
                "type": "rich_text",
                "block_id": "0MILn",
                "elements": [
                    {
                        "type": "rich_text_section",
                        "elements": [
                            {
                                "type": "text",
                                "text": "AhmadGadallah2000 is back."
                            }
                        ]
                    }
                ]
            }
        ]
    },
    {
        "type": "message",
        "subtype": "bot_message",
        "text": "Sandra Hany is finished for today. Away.",
        "ts": "1690960144.639389",
        "username": "Silverkey Hub",
        "bot_id": "B05HFU026BH",
        "blocks": [
            {
                "type": "rich_text",
                "block_id": "1nv",
                "elements": [
                    {
                        "type": "rich_text_section",
                        "elements": [
                            {
                                "type": "text",
                                "text": "Sandra Hany is finished for today. Away."
                            }
                        ]
                    }
                ]
            }
        ]
    },
    {
        "type": "message",
        "subtype": "bot_message",
        "text": "Sandra Hany Started to work now.",
        "ts": "1690960146.508999",
        "username": "Silverkey Hub",
        "bot_id": "B05HFU026BH",
        "blocks": [
            {
                "type": "rich_text",
                "block_id": "5\/gwd",
                "elements": [
                    {
                        "type": "rich_text_section",
                        "elements": [
                            {
                                "type": "text",
                                "text": "Sandra Hany Started to work now."
                            }
                        ]
                    }
                ]
            }
        ]
    },
    {
        "client_msg_id": "b82a179b-9854-43d6-bbeb-82b08e52adeb",
        "type": "message",
        "text": "الف سلامة عليك يا عمرو",
        "user": "UUB64KVPC",
        "ts": "1690960954.188809",
        "blocks": [
            {
                "type": "rich_text",
                "block_id": "SF7aI",
                "elements": [
                    {
                        "type": "rich_text_section",
                        "elements": [
                            {
                                "type": "text",
                                "text": "الف سلامة عليك يا عمرو"
                            }
                        ]
                    }
                ]
            }
        ],
        "team": "T03FVM0K8",
        "user_team": "T03FVM0K8",
        "source_team": "T03FVM0K8",
        "user_profile": {
            "avatar_hash": "c69af9add57e",
            "image_72": "https:\/\/avatars.slack-edge.com\/2020-03-03\/967417135602_c69af9add57ed4df0680_72.jpg",
            "first_name": "Mahdi",
            "real_name": "Mahdi Mahmoud",
            "display_name": "mahdim",
            "team": "T03FVM0K8",
            "name": "mahdim",
            "is_restricted": false,
            "is_ultra_restricted": false
        },
        "thread_ts": "1690948957.283089"
    },
    {
        "client_msg_id": "d70dff92-3874-44f3-b534-63d1b4ff20d2",
        "type": "message",
        "text": "Working",
        "user": "UA6R38XA8",
        "ts": "1690962142.851299",
        "blocks": [
            {
                "type": "rich_text",
                "block_id": "nmd",
                "elements": [
                    {
                        "type": "rich_text_section",
                        "elements": [
                            {
                                "type": "text",
                                "text": "Working"
                            }
                        ]
                    }
                ]
            }
        ],
        "team": "T03FVM0K8",
        "user_team": "T03FVM0K8",
        "source_team": "T03FVM0K8",
        "user_profile": {
            "avatar_hash": "a3c1d7f64445",
            "image_72": "https:\/\/avatars.slack-edge.com\/2023-05-21\/5321281437360_a3c1d7f64445d4d77468_72.jpg",
            "first_name": "Abdallah",
            "real_name": "Abdallah Nasser",
            "display_name": "",
            "team": "T03FVM0K8",
            "name": "abdallahn",
            "is_restricted": false,
            "is_ultra_restricted": false
        }
    },
    {
        "type": "message",
        "subtype": "bot_message",
        "text": "Dody Gunawinata is finished for today. Away.",
        "ts": "1690962153.646819",
        "username": "Silverkey Hub",
        "bot_id": "B05HFU026BH",
        "blocks": [
            {
                "type": "rich_text",
                "block_id": "lxtP",
                "elements": [
                    {
                        "type": "rich_text_section",
                        "elements": [
                            {
                                "type": "text",
                                "text": "Dody Gunawinata is finished for today. Away."
                            }
                        ]
                    }
                ]
            }
        ]
    },
    {
        "type": "message",
        "subtype": "bot_message",
        "text": "Dody Gunawinata Started to work now.",
        "ts": "1690962155.334229",
        "username": "Silverkey Hub",
        "bot_id": "B05HFU026BH",
        "blocks": [
            {
                "type": "rich_text",
                "block_id": "mZav",
                "elements": [
                    {
                        "type": "rich_text_section",
                        "elements": [
                            {
                                "type": "text",
                                "text": "Dody Gunawinata Started to work now."
                            }
                        ]
                    }
                ]
            }
        ]
    },
    {
        "type": "message",
        "subtype": "bot_message",
        "text": "Omnya_Ellethy Started to work now.",
        "ts": "1690962278.516779",
        "username": "Silverkey Hub",
        "bot_id": "B05HFU026BH",
        "blocks": [
            {
                "type": "rich_text",
                "block_id": "SOjKe",
                "elements": [
                    {
                        "type": "rich_text_section",
                        "elements": [
                            {
                                "type": "text",
                                "text": "Omnya_Ellethy Started to work now."
                            }
                        ]
                    }
                ]
            }
        ]
    },
    {
        "client_msg_id": "698efdbc-bc06-487e-bea2-c991cca1a3a5",
        "type": "message",
        "text": "meeting at taly's office",
        "user": "UUB64KVPC",
        "ts": "1690962296.388289",
        "blocks": [
            {
                "type": "rich_text",
                "block_id": "7mdA",
                "elements": [
                    {
                        "type": "rich_text_section",
                        "elements": [
                            {
                                "type": "text",
                                "text": "meeting at taly's office"
                            }
                        ]
                    }
                ]
            }
        ],
        "team": "T03FVM0K8",
        "user_team": "T03FVM0K8",
        "source_team": "T03FVM0K8",
        "user_profile": {
            "avatar_hash": "c69af9add57e",
            "image_72": "https:\/\/avatars.slack-edge.com\/2020-03-03\/967417135602_c69af9add57ed4df0680_72.jpg",
            "first_name": "Mahdi",
            "real_name": "Mahdi Mahmoud",
            "display_name": "mahdim",
            "team": "T03FVM0K8",
            "name": "mahdim",
            "is_restricted": false,
            "is_ultra_restricted": false
        },
        "thread_ts": "1690953160.783829"
    },
    {
        "type": "message",
        "subtype": "bot_message",
        "text": "Mahy Started to work now.",
        "ts": "1690962714.317539",
        "username": "Silverkey Hub",
        "bot_id": "B05HFU026BH",
        "blocks": [
            {
                "type": "rich_text",
                "block_id": "p0i",
                "elements": [
                    {
                        "type": "rich_text_section",
                        "elements": [
                            {
                                "type": "text",
                                "text": "Mahy Started to work now."
                            }
                        ]
                    }
                ]
            }
        ]
    },
    {
        "type": "message",
        "subtype": "bot_message",
        "text": "Mohamed Magdy Started to work now.",
        "ts": "1690963169.587279",
        "username": "Silverkey Hub",
        "bot_id": "B05HFU026BH",
        "blocks": [
            {
                "type": "rich_text",
                "block_id": "9Rr",
                "elements": [
                    {
                        "type": "rich_text_section",
                        "elements": [
                            {
                                "type": "text",
                                "text": "Mohamed Magdy Started to work now."
                            }
                        ]
                    }
                ]
            }
        ]
    },
    {
        "type": "message",
        "subtype": "bot_message",
        "text": "Mennanabilh is off today.",
        "ts": "1690963359.145759",
        "username": "Silverkey Hub",
        "bot_id": "B05HFU026BH",
        "blocks": [
            {
                "type": "rich_text",
                "block_id": "8CJ",
                "elements": [
                    {
                        "type": "rich_text_section",
                        "elements": [
                            {
                                "type": "text",
                                "text": "Mennanabilh is off today."
                            }
                        ]
                    }
                ]
            }
        ]
    },
    {
        "client_msg_id": "64721619-aa9f-4551-ad7e-be50a727c0f4",
        "type": "message",
        "text": "الف سلامه",
        "user": "UA6R38XA8",
        "ts": "1690964152.862499",
        "blocks": [
            {
                "type": "rich_text",
                "block_id": "WsT",
                "elements": [
                    {
                        "type": "rich_text_section",
                        "elements": [
                            {
                                "type": "text",
                                "text": "الف سلامه"
                            }
                        ]
                    }
                ]
            }
        ],
        "team": "T03FVM0K8",
        "user_team": "T03FVM0K8",
        "source_team": "T03FVM0K8",
        "user_profile": {
            "avatar_hash": "a3c1d7f64445",
            "image_72": "https:\/\/avatars.slack-edge.com\/2023-05-21\/5321281437360_a3c1d7f64445d4d77468_72.jpg",
            "first_name": "Abdallah",
            "real_name": "Abdallah Nasser",
            "display_name": "",
            "team": "T03FVM0K8",
            "name": "abdallahn",
            "is_restricted": false,
            "is_ultra_restricted": false
        },
        "thread_ts": "1690948957.283089",
        "reactions": [
            {
                "name": "raised_hands",
                "users": [
                    "U027V0C9KEY"
                ],
                "count": 1
            }
        ]
    },
    {
        "type": "message",
        "subtype": "bot_message",
        "text": "Sherifr Started to work now.",
        "ts": "1690964719.547499",
        "username": "Silverkey Hub",
        "bot_id": "B05HFU026BH",
        "blocks": [
            {
                "type": "rich_text",
                "block_id": "=Ab",
                "elements": [
                    {
                        "type": "rich_text_section",
                        "elements": [
                            {
                                "type": "text",
                                "text": "Sherifr Started to work now."
                            }
                        ]
                    }
                ]
            }
        ]
    },
    {
        "type": "message",
        "subtype": "bot_message",
        "text": "KarimMutwally Started to work now.",
        "ts": "1690964950.815529",
        "username": "Silverkey Hub",
        "bot_id": "B05HFU026BH",
        "blocks": [
            {
                "type": "rich_text",
                "block_id": "y=c",
                "elements": [
                    {
                        "type": "rich_text_section",
                        "elements": [
                            {
                                "type": "text",
                                "text": "KarimMutwally Started to work now."
                            }
                        ]
                    }
                ]
            }
        ]
    },
    {
        "type": "message",
        "subtype": "bot_message",
        "text": "Yehia Tarek Ragab Started to work now.",
        "ts": "1690964987.028569",
        "username": "Silverkey Hub",
        "bot_id": "B05HFU026BH",
        "blocks": [
            {
                "type": "rich_text",
                "block_id": "3Dp1",
                "elements": [
                    {
                        "type": "rich_text_section",
                        "elements": [
                            {
                                "type": "text",
                                "text": "Yehia Tarek Ragab Started to work now."
                            }
                        ]
                    }
                ]
            }
        ]
    },
    {
        "type": "message",
        "subtype": "bot_message",
        "text": "Abdallah Nasser is finished for today. Away.",
        "ts": "1690965225.197229",
        "username": "Silverkey Hub",
        "bot_id": "B05HFU026BH",
        "blocks": [
            {
                "type": "rich_text",
                "block_id": "nzY",
                "elements": [
                    {
                        "type": "rich_text_section",
                        "elements": [
                            {
                                "type": "text",
                                "text": "Abdallah Nasser is finished for today. Away."
                            }
                        ]
                    }
                ]
            }
        ]
    },
    {
        "type": "message",
        "subtype": "bot_message",
        "text": "Abdallah Nasser Started to work now.",
        "ts": "1690965226.923349",
        "username": "Silverkey Hub",
        "bot_id": "B05HFU026BH",
        "blocks": [
            {
                "type": "rich_text",
                "block_id": "qJoE",
                "elements": [
                    {
                        "type": "rich_text_section",
                        "elements": [
                            {
                                "type": "text",
                                "text": "Abdallah Nasser Started to work now."
                            }
                        ]
                    }
                ]
            }
        ]
    },
    {
        "type": "message",
        "subtype": "bot_message",
        "text": "Yomna Ragab Started to work now.",
        "ts": "1690966339.541209",
        "username": "Silverkey Hub",
        "bot_id": "B05HFU026BH",
        "blocks": [
            {
                "type": "rich_text",
                "block_id": "mdrpG",
                "elements": [
                    {
                        "type": "rich_text_section",
                        "elements": [
                            {
                                "type": "text",
                                "text": "Yomna Ragab Started to work now."
                            }
                        ]
                    }
                ]
            }
        ],
        "thread_ts": "1690966339.541209",
        "reply_count": 2,
        "reply_users_count": 1,
        "latest_reply": "1690986443.718879",
        "reply_users": [
            "U027JMN1NUR"
        ],
        "replies": [
            {
                "user": "U027JMN1NUR",
                "ts": "1690981993.700469"
            },
            {
                "user": "U027JMN1NUR",
                "ts": "1690986443.718879"
            }
        ],
        "is_locked": false,
        "subscribed": false
    },
    {
        "type": "message",
        "subtype": "bot_message",
        "text": "Nada Started to work now.",
        "ts": "1690966467.125689",
        "username": "Silverkey Hub",
        "bot_id": "B05HFU026BH",
        "blocks": [
            {
                "type": "rich_text",
                "block_id": "x1D",
                "elements": [
                    {
                        "type": "rich_text_section",
                        "elements": [
                            {
                                "type": "text",
                                "text": "Nada Started to work now."
                            }
                        ]
                    }
                ]
            }
        ]
    },
    {
        "type": "message",
        "subtype": "bot_message",
        "text": "Dina Maged Started to work now.",
        "ts": "1690967497.452089",
        "username": "Silverkey Hub",
        "bot_id": "B05HFU026BH",
        "blocks": [
            {
                "type": "rich_text",
                "block_id": "0mD",
                "elements": [
                    {
                        "type": "rich_text_section",
                        "elements": [
                            {
                                "type": "text",
                                "text": "Dina Maged Started to work now."
                            }
                        ]
                    }
                ]
            }
        ]
    },
    {
        "type": "message",
        "subtype": "bot_message",
        "text": "Abdulrahman Mustafa Salah is finished for today. Away.",
        "ts": "1690967680.575429",
        "username": "Silverkey Hub",
        "bot_id": "B05HFU026BH",
        "blocks": [
            {
                "type": "rich_text",
                "block_id": "od0H",
                "elements": [
                    {
                        "type": "rich_text_section",
                        "elements": [
                            {
                                "type": "text",
                                "text": "Abdulrahman Mustafa Salah is finished for today. Away."
                            }
                        ]
                    }
                ]
            }
        ]
    },
    {
        "type": "message",
        "subtype": "bot_message",
        "text": "Abdulrahman Mustafa Salah Started to work now.",
        "ts": "1690967682.453509",
        "username": "Silverkey Hub",
        "bot_id": "B05HFU026BH",
        "blocks": [
            {
                "type": "rich_text",
                "block_id": "U2n",
                "elements": [
                    {
                        "type": "rich_text_section",
                        "elements": [
                            {
                                "type": "text",
                                "text": "Abdulrahman Mustafa Salah Started to work now."
                            }
                        ]
                    }
                ]
            }
        ]
    },
    {
        "type": "message",
        "subtype": "bot_message",
        "text": "Omnya_Ellethy is away for sometime.",
        "ts": "1690967896.257479",
        "username": "Silverkey Hub",
        "bot_id": "B05HFU026BH",
        "blocks": [
            {
                "type": "rich_text",
                "block_id": "TgY",
                "elements": [
                    {
                        "type": "rich_text_section",
                        "elements": [
                            {
                                "type": "text",
                                "text": "Omnya_Ellethy is away for sometime."
                            }
                        ]
                    }
                ]
            }
        ]
    },
    {
        "type": "message",
        "subtype": "bot_message",
        "text": "Reham Abdelraheem Started to work now.",
        "ts": "1690968065.240849",
        "username": "Silverkey Hub",
        "bot_id": "B05HFU026BH",
        "blocks": [
            {
                "type": "rich_text",
                "block_id": "sECY",
                "elements": [
                    {
                        "type": "rich_text_section",
                        "elements": [
                            {
                                "type": "text",
                                "text": "Reham Abdelraheem Started to work now."
                            }
                        ]
                    }
                ]
            }
        ]
    },
    {
        "type": "message",
        "subtype": "bot_message",
        "text": "Mohamed Sameer Started to work now.",
        "ts": "1690968181.079429",
        "username": "Silverkey Hub",
        "bot_id": "B05HFU026BH",
        "blocks": [
            {
                "type": "rich_text",
                "block_id": "zYO",
                "elements": [
                    {
                        "type": "rich_text_section",
                        "elements": [
                            {
                                "type": "text",
                                "text": "Mohamed Sameer Started to work now."
                            }
                        ]
                    }
                ]
            }
        ],
        "thread_ts": "1690968181.079429",
        "reply_count": 1,
        "reply_users_count": 1,
        "latest_reply": "1690968203.442329",
        "reply_users": [
            "U0436S8PYJH"
        ],
        "replies": [
            {
                "user": "U0436S8PYJH",
                "ts": "1690968203.442329"
            }
        ],
        "is_locked": false,
        "subscribed": false
    },
    {
        "client_msg_id": "e8169905-9f3a-4ee3-b851-5f336e71c6bb",
        "type": "message",
        "text": "working from 11 am",
        "user": "U0436S8PYJH",
        "ts": "1690968203.442329",
        "blocks": [
            {
                "type": "rich_text",
                "block_id": "ZNy",
                "elements": [
                    {
                        "type": "rich_text_section",
                        "elements": [
                            {
                                "type": "text",
                                "text": "working from 11 am"
                            }
                        ]
                    }
                ]
            }
        ],
        "team": "T03FVM0K8",
        "user_team": "T03FVM0K8",
        "source_team": "T03FVM0K8",
        "user_profile": {
            "avatar_hash": "6f58dc50a77b",
            "image_72": "https:\/\/avatars.slack-edge.com\/2023-04-11\/5073365626599_6f58dc50a77b0c617526_72.jpg",
            "first_name": "Mohamed",
            "real_name": "Mohamed Sameer",
            "display_name": "Mohamed Sameer",
            "team": "T03FVM0K8",
            "name": "msameer",
            "is_restricted": false,
            "is_ultra_restricted": false
        },
        "thread_ts": "1690968181.079429"
    },
    {
        "client_msg_id": "3c8c4d6a-dfae-4b09-a7d8-c3542a661f6e",
        "type": "message",
        "text": "Electricity down",
        "user": "UA6R38XA8",
        "ts": "1690970702.104069",
        "blocks": [
            {
                "type": "rich_text",
                "block_id": "JFz98",
                "elements": [
                    {
                        "type": "rich_text_section",
                        "elements": [
                            {
                                "type": "text",
                                "text": "Electricity down"
                            }
                        ]
                    }
                ]
            }
        ],
        "team": "T03FVM0K8",
        "user_team": "T03FVM0K8",
        "source_team": "T03FVM0K8",
        "user_profile": {
            "avatar_hash": "a3c1d7f64445",
            "image_72": "https:\/\/avatars.slack-edge.com\/2023-05-21\/5321281437360_a3c1d7f64445d4d77468_72.jpg",
            "first_name": "Abdallah",
            "real_name": "Abdallah Nasser",
            "display_name": "",
            "team": "T03FVM0K8",
            "name": "abdallahn",
            "is_restricted": false,
            "is_ultra_restricted": false
        }
    },
    {
        "type": "message",
        "subtype": "bot_message",
        "text": "Amr Tealeb Started to work now.",
        "ts": "1690973202.650799",
        "username": "Silverkey Hub",
        "bot_id": "B05HFU026BH",
        "blocks": [
            {
                "type": "rich_text",
                "block_id": "7M\/0g",
                "elements": [
                    {
                        "type": "rich_text_section",
                        "elements": [
                            {
                                "type": "text",
                                "text": "Amr Tealeb Started to work now."
                            }
                        ]
                    }
                ]
            }
        ]
    },
    {
        "type": "message",
        "subtype": "bot_message",
        "text": "Waleed Muhammed Started to work now.",
        "ts": "1690973878.615279",
        "username": "Silverkey Hub",
        "bot_id": "B05HFU026BH",
        "blocks": [
            {
                "type": "rich_text",
                "block_id": "F0Ld",
                "elements": [
                    {
                        "type": "rich_text_section",
                        "elements": [
                            {
                                "type": "text",
                                "text": "Waleed Muhammed Started to work now."
                            }
                        ]
                    }
                ]
            }
        ]
    },
    {
        "type": "message",
        "subtype": "bot_message",
        "text": "Omnya_Ellethy is back.",
        "ts": "1690974125.669669",
        "username": "Silverkey Hub",
        "bot_id": "B05HFU026BH",
        "blocks": [
            {
                "type": "rich_text",
                "block_id": "O501N",
                "elements": [
                    {
                        "type": "rich_text_section",
                        "elements": [
                            {
                                "type": "text",
                                "text": "Omnya_Ellethy is back."
                            }
                        ]
                    }
                ]
            }
        ]
    },
    {
        "type": "message",
        "subtype": "bot_message",
        "text": "Ahmed Saeed is off today.",
        "ts": "1690975124.337349",
        "username": "Silverkey Hub",
        "bot_id": "B05HFU026BH",
        "blocks": [
            {
                "type": "rich_text",
                "block_id": "Mf7j",
                "elements": [
                    {
                        "type": "rich_text_section",
                        "elements": [
                            {
                                "type": "text",
                                "text": "Ahmed Saeed is off today."
                            }
                        ]
                    }
                ]
            }
        ]
    },
    {
        "type": "message",
        "subtype": "bot_message",
        "text": "Alaa Elsanteel Started to work now.",
        "ts": "1690975735.119829",
        "username": "Silverkey Hub",
        "bot_id": "B05HFU026BH",
        "blocks": [
            {
                "type": "rich_text",
                "block_id": "i3z",
                "elements": [
                    {
                        "type": "rich_text_section",
                        "elements": [
                            {
                                "type": "text",
                                "text": "Alaa Elsanteel Started to work now."
                            }
                        ]
                    }
                ]
            }
        ]
    },
    {
        "type": "message",
        "subtype": "bot_message",
        "text": "Youssef El baghdady Started to work now.",
        "ts": "1690976353.205839",
        "username": "Silverkey Hub",
        "bot_id": "B05HFU026BH",
        "blocks": [
            {
                "type": "rich_text",
                "block_id": "unX",
                "elements": [
                    {
                        "type": "rich_text_section",
                        "elements": [
                            {
                                "type": "text",
                                "text": "Youssef El baghdady Started to work now."
                            }
                        ]
                    }
                ]
            }
        ]
    },
    {
        "client_msg_id": "a3a99203-ad6b-4b7b-85bf-3d8ab4b38af9",
        "type": "message",
        "text": "الف سلامة عليك يا عمرو",
        "user": "UDDJGP5CL",
        "ts": "1690976380.261989",
        "blocks": [
            {
                "type": "rich_text",
                "block_id": "FS2",
                "elements": [
                    {
                        "type": "rich_text_section",
                        "elements": [
                            {
                                "type": "text",
                                "text": "الف سلامة عليك يا عمرو"
                            }
                        ]
                    }
                ]
            }
        ],
        "team": "T03FVM0K8",
        "user_team": "T03FVM0K8",
        "source_team": "T03FVM0K8",
        "user_profile": {
            "avatar_hash": "037560a56aad",
            "image_72": "https:\/\/avatars.slack-edge.com\/2023-07-17\/5613165629632_037560a56aad6a6cde14_72.jpg",
            "first_name": "Mohammed",
            "real_name": "Mohammed Genidy Omera",
            "display_name": "",
            "team": "T03FVM0K8",
            "name": "mohammedo",
            "is_restricted": false,
            "is_ultra_restricted": false
        },
        "thread_ts": "1690948957.283089",
        "reactions": [
            {
                "name": "raised_hands",
                "users": [
                    "U027V0C9KEY",
                    "UDDJGP5CL"
                ],
                "count": 2
            }
        ]
    },
    {
        "client_msg_id": "ad6a476c-2337-47f0-8b66-59b51f3c9841",
        "type": "message",
        "text": "working",
        "user": "UDDJGP5CL",
        "ts": "1690976399.473949",
        "blocks": [
            {
                "type": "rich_text",
                "block_id": "r2Ly",
                "elements": [
                    {
                        "type": "rich_text_section",
                        "elements": [
                            {
                                "type": "text",
                                "text": "working"
                            }
                        ]
                    }
                ]
            }
        ],
        "team": "T03FVM0K8",
        "user_team": "T03FVM0K8",
        "source_team": "T03FVM0K8",
        "user_profile": {
            "avatar_hash": "037560a56aad",
            "image_72": "https:\/\/avatars.slack-edge.com\/2023-07-17\/5613165629632_037560a56aad6a6cde14_72.jpg",
            "first_name": "Mohammed",
            "real_name": "Mohammed Genidy Omera",
            "display_name": "",
            "team": "T03FVM0K8",
            "name": "mohammedo",
            "is_restricted": false,
            "is_ultra_restricted": false
        },
        "thread_ts": "1690976399.473949",
        "reply_count": 2,
        "reply_users_count": 1,
        "latest_reply": "1691000835.999289",
        "reply_users": [
            "UDDJGP5CL"
        ],
        "replies": [
            {
                "user": "UDDJGP5CL",
                "ts": "1690976423.669149"
            },
            {
                "user": "UDDJGP5CL",
                "ts": "1691000835.999289"
            }
        ],
        "is_locked": false,
        "subscribed": false
    },
    {
        "client_msg_id": "4ff15862-6e11-48bb-9c2e-23d8ef76d5ae",
        "type": "message",
        "text": "sorry for late, electricity issue",
        "user": "UDDJGP5CL",
        "ts": "1690976423.669149",
        "blocks": [
            {
                "type": "rich_text",
                "block_id": "e9q",
                "elements": [
                    {
                        "type": "rich_text_section",
                        "elements": [
                            {
                                "type": "text",
                                "text": "sorry for late, electricity issue"
                            }
                        ]
                    }
                ]
            }
        ],
        "team": "T03FVM0K8",
        "user_team": "T03FVM0K8",
        "source_team": "T03FVM0K8",
        "user_profile": {
            "avatar_hash": "037560a56aad",
            "image_72": "https:\/\/avatars.slack-edge.com\/2023-07-17\/5613165629632_037560a56aad6a6cde14_72.jpg",
            "first_name": "Mohammed",
            "real_name": "Mohammed Genidy Omera",
            "display_name": "",
            "team": "T03FVM0K8",
            "name": "mohammedo",
            "is_restricted": false,
            "is_ultra_restricted": false
        },
        "thread_ts": "1690976399.473949",
        "parent_user_id": "UDDJGP5CL"
    },
    {
        "client_msg_id": "bbfc0d45-c7a0-48fc-a126-9f0a66b3c69f",
        "type": "message",
        "text": "back",
        "user": "UA6R38XA8",
        "ts": "1690977972.496479",
        "blocks": [
            {
                "type": "rich_text",
                "block_id": "kVD",
                "elements": [
                    {
                        "type": "rich_text_section",
                        "elements": [
                            {
                                "type": "text",
                                "text": "back"
                            }
                        ]
                    }
                ]
            }
        ],
        "team": "T03FVM0K8",
        "user_team": "T03FVM0K8",
        "source_team": "T03FVM0K8",
        "user_profile": {
            "avatar_hash": "a3c1d7f64445",
            "image_72": "https:\/\/avatars.slack-edge.com\/2023-05-21\/5321281437360_a3c1d7f64445d4d77468_72.jpg",
            "first_name": "Abdallah",
            "real_name": "Abdallah Nasser",
            "display_name": "",
            "team": "T03FVM0K8",
            "name": "abdallahn",
            "is_restricted": false,
            "is_ultra_restricted": false
        }
    },
    {
        "type": "message",
        "subtype": "bot_message",
        "text": "Mariam Essam Ghanem Started to work now.",
        "ts": "1690978363.266539",
        "username": "Silverkey Hub",
        "bot_id": "B05HFU026BH",
        "blocks": [
            {
                "type": "rich_text",
                "block_id": "okR6",
                "elements": [
                    {
                        "type": "rich_text_section",
                        "elements": [
                            {
                                "type": "text",
                                "text": "Mariam Essam Ghanem Started to work now."
                            }
                        ]
                    }
                ]
            }
        ]
    },
    {
        "type": "message",
        "subtype": "bot_message",
        "text": "Pierre Amir Bassily is finished for today. Away.",
        "ts": "1690980601.831839",
        "username": "Silverkey Hub",
        "bot_id": "B05HFU026BH",
        "blocks": [
            {
                "type": "rich_text",
                "block_id": "cER",
                "elements": [
                    {
                        "type": "rich_text_section",
                        "elements": [
                            {
                                "type": "text",
                                "text": "Pierre Amir Bassily is finished for today. Away."
                            }
                        ]
                    }
                ]
            }
        ]
    },
    {
        "type": "message",
        "subtype": "bot_message",
        "text": "Pierre Amir Bassily Started to work now.",
        "ts": "1690980604.073659",
        "username": "Silverkey Hub",
        "bot_id": "B05HFU026BH",
        "blocks": [
            {
                "type": "rich_text",
                "block_id": "O+VLc",
                "elements": [
                    {
                        "type": "rich_text_section",
                        "elements": [
                            {
                                "type": "text",
                                "text": "Pierre Amir Bassily Started to work now."
                            }
                        ]
                    }
                ]
            }
        ]
    },
    {
        "type": "message",
        "subtype": "bot_message",
        "text": "Alaa Elsanteel is away for sometime.",
        "ts": "1690981958.712419",
        "username": "Silverkey Hub",
        "bot_id": "B05HFU026BH",
        "blocks": [
            {
                "type": "rich_text",
                "block_id": "vtn7",
                "elements": [
                    {
                        "type": "rich_text_section",
                        "elements": [
                            {
                                "type": "text",
                                "text": "Alaa Elsanteel is away for sometime."
                            }
                        ]
                    }
                ]
            }
        ]
    },
    {
        "client_msg_id": "7d12ee0f-b4f1-48f4-85ec-f84cc78ca3ca",
        "type": "message",
        "text": "Electricity down",
        "user": "U027JMN1NUR",
        "ts": "1690981993.700469",
        "blocks": [
            {
                "type": "rich_text",
                "block_id": "Ndn8B",
                "elements": [
                    {
                        "type": "rich_text_section",
                        "elements": [
                            {
                                "type": "text",
                                "text": "Electricity down"
                            }
                        ]
                    }
                ]
            }
        ],
        "team": "T03FVM0K8",
        "user_team": "T03FVM0K8",
        "source_team": "T03FVM0K8",
        "user_profile": {
            "avatar_hash": "75c971f6e9cd",
            "image_72": "https:\/\/avatars.slack-edge.com\/2021-07-06\/2256745934769_75c971f6e9cded94ea12_72.png",
            "first_name": "Yomna",
            "real_name": "Yomna Ragab",
            "display_name": "Yomna Ragab",
            "team": "T03FVM0K8",
            "name": "yomnat",
            "is_restricted": false,
            "is_ultra_restricted": false
        },
        "thread_ts": "1690966339.541209"
    },
    {
        "type": "message",
        "subtype": "bot_message",
        "text": "AhmadGadallah2000 is away for sometime.",
        "ts": "1690982766.363699",
        "username": "Silverkey Hub",
        "bot_id": "B05HFU026BH",
        "blocks": [
            {
                "type": "rich_text",
                "block_id": "QLJ",
                "elements": [
                    {
                        "type": "rich_text_section",
                        "elements": [
                            {
                                "type": "text",
                                "text": "AhmadGadallah2000 is away for sometime."
                            }
                        ]
                    }
                ]
            }
        ]
    },
    {
        "type": "message",
        "subtype": "bot_message",
        "text": "Dina Maged is away for sometime.",
        "ts": "1690983261.529539",
        "username": "Silverkey Hub",
        "bot_id": "B05HFU026BH",
        "blocks": [
            {
                "type": "rich_text",
                "block_id": "mfp",
                "elements": [
                    {
                        "type": "rich_text_section",
                        "elements": [
                            {
                                "type": "text",
                                "text": "Dina Maged is away for sometime."
                            }
                        ]
                    }
                ]
            }
        ]
    },
    {
        "type": "message",
        "subtype": "bot_message",
        "text": "KarimMutwally is away for sometime.",
        "ts": "1690983702.659089",
        "username": "Silverkey Hub",
        "bot_id": "B05HFU026BH",
        "blocks": [
            {
                "type": "rich_text",
                "block_id": "p2SL7",
                "elements": [
                    {
                        "type": "rich_text_section",
                        "elements": [
                            {
                                "type": "text",
                                "text": "KarimMutwally is away for sometime."
                            }
                        ]
                    }
                ]
            }
        ]
    },
    {
        "type": "message",
        "subtype": "bot_message",
        "text": "BelalAbdelbasetHassan is finished for today. Away.",
        "ts": "1690985020.815619",
        "username": "Silverkey Hub",
        "bot_id": "B05HFU026BH",
        "blocks": [
            {
                "type": "rich_text",
                "block_id": "cV+L",
                "elements": [
                    {
                        "type": "rich_text_section",
                        "elements": [
                            {
                                "type": "text",
                                "text": "BelalAbdelbasetHassan is finished for today. Away."
                            }
                        ]
                    }
                ]
            }
        ]
    },
    {
        "type": "message",
        "subtype": "bot_message",
        "text": "Hannah Hatem is finished for today. Away.",
        "ts": "1690985795.332559",
        "username": "Silverkey Hub",
        "bot_id": "B05HFU026BH",
        "blocks": [
            {
                "type": "rich_text",
                "block_id": "XvMaZ",
                "elements": [
                    {
                        "type": "rich_text_section",
                        "elements": [
                            {
                                "type": "text",
                                "text": "Hannah Hatem is finished for today. Away."
                            }
                        ]
                    }
                ]
            }
        ]
    },
    {
        "client_msg_id": "e3f9bc22-9327-4980-8008-709696d24769",
        "type": "message",
        "text": "Started working at 3:45 PM due to an urgent matter",
        "user": "U027V0C9KEY",
        "ts": "1690986009.116939",
        "blocks": [
            {
                "type": "rich_text",
                "block_id": "Z3qs",
                "elements": [
                    {
                        "type": "rich_text_section",
                        "elements": [
                            {
                                "type": "text",
                                "text": "Started working at 3:45 PM due to an urgent matter"
                            }
                        ]
                    }
                ]
            }
        ],
        "team": "T03FVM0K8",
        "user_team": "T03FVM0K8",
        "source_team": "T03FVM0K8",
        "user_profile": {
            "avatar_hash": "b6b090a41de9",
            "image_72": "https:\/\/avatars.slack-edge.com\/2022-10-26\/4273295914469_b6b090a41de93d3b28e0_72.jpg",
            "first_name": "Amr",
            "real_name": "Amr Mohamed Zaki",
            "display_name": "Amr Zaki",
            "team": "T03FVM0K8",
            "name": "amrz",
            "is_restricted": false,
            "is_ultra_restricted": false
        },
        "thread_ts": "1690986009.116939",
        "reply_count": 1,
        "reply_users_count": 1,
        "latest_reply": "1691009556.901079",
        "reply_users": [
            "U027V0C9KEY"
        ],
        "replies": [
            {
                "user": "U027V0C9KEY",
                "ts": "1691009556.901079"
            }
        ],
        "is_locked": false,
        "subscribed": false
    },
    {
        "type": "message",
        "subtype": "bot_message",
        "text": "KarimMutwally is back.",
        "ts": "1690986017.733139",
        "username": "Silverkey Hub",
        "bot_id": "B05HFU026BH",
        "blocks": [
            {
                "type": "rich_text",
                "block_id": "Rd1=0",
                "elements": [
                    {
                        "type": "rich_text_section",
                        "elements": [
                            {
                                "type": "text",
                                "text": "KarimMutwally is back."
                            }
                        ]
                    }
                ]
            }
        ]
    },
    {
        "client_msg_id": "be7c6371-a8b3-4944-ad6a-416b62696cd5",
        "type": "message",
        "text": "الله يسلمكم :heart:",
        "user": "U027V0C9KEY",
        "ts": "1690986029.486499",
        "blocks": [
            {
                "type": "rich_text",
                "block_id": "xE5",
                "elements": [
                    {
                        "type": "rich_text_section",
                        "elements": [
                            {
                                "type": "text",
                                "text": "الله يسلمكم "
                            },
                            {
                                "type": "emoji",
                                "name": "heart",
                                "unicode": "2764-fe0f"
                            }
                        ]
                    }
                ]
            }
        ],
        "team": "T03FVM0K8",
        "user_team": "T03FVM0K8",
        "source_team": "T03FVM0K8",
        "user_profile": {
            "avatar_hash": "b6b090a41de9",
            "image_72": "https:\/\/avatars.slack-edge.com\/2022-10-26\/4273295914469_b6b090a41de93d3b28e0_72.jpg",
            "first_name": "Amr",
            "real_name": "Amr Mohamed Zaki",
            "display_name": "Amr Zaki",
            "team": "T03FVM0K8",
            "name": "amrz",
            "is_restricted": false,
            "is_ultra_restricted": false
        },
        "thread_ts": "1690948957.283089"
    },
    {
        "type": "message",
        "subtype": "bot_message",
        "text": "Mahy is away for sometime.",
        "ts": "1690986416.045149",
        "username": "Silverkey Hub",
        "bot_id": "B05HFU026BH",
        "blocks": [
            {
                "type": "rich_text",
                "block_id": "QXnMj",
                "elements": [
                    {
                        "type": "rich_text_section",
                        "elements": [
                            {
                                "type": "text",
                                "text": "Mahy is away for sometime."
                            }
                        ]
                    }
                ]
            }
        ]
    },
    {
        "client_msg_id": "509245c8-025d-488c-ac18-b0b13ab18cba",
        "type": "message",
        "text": "Back",
        "user": "U027JMN1NUR",
        "ts": "1690986443.718879",
        "blocks": [
            {
                "type": "rich_text",
                "block_id": "UqT",
                "elements": [
                    {
                        "type": "rich_text_section",
                        "elements": [
                            {
                                "type": "text",
                                "text": "Back"
                            }
                        ]
                    }
                ]
            }
        ],
        "team": "T03FVM0K8",
        "user_team": "T03FVM0K8",
        "source_team": "T03FVM0K8",
        "user_profile": {
            "avatar_hash": "75c971f6e9cd",
            "image_72": "https:\/\/avatars.slack-edge.com\/2021-07-06\/2256745934769_75c971f6e9cded94ea12_72.png",
            "first_name": "Yomna",
            "real_name": "Yomna Ragab",
            "display_name": "Yomna Ragab",
            "team": "T03FVM0K8",
            "name": "yomnat",
            "is_restricted": false,
            "is_ultra_restricted": false
        },
        "thread_ts": "1690966339.541209"
    },
    {
        "type": "message",
        "subtype": "bot_message",
        "text": "manarrn Started to work now.",
        "ts": "1690987036.787339",
        "username": "Silverkey Hub",
        "bot_id": "B05HFU026BH",
        "blocks": [
            {
                "type": "rich_text",
                "block_id": "sFgy",
                "elements": [
                    {
                        "type": "rich_text_section",
                        "elements": [
                            {
                                "type": "text",
                                "text": "manarrn Started to work now."
                            }
                        ]
                    }
                ]
            }
        ]
    },
    {
        "type": "message",
        "subtype": "bot_message",
        "text": "Mohamed Taher is finished for today. Away.",
        "ts": "1690987436.359389",
        "username": "Silverkey Hub",
        "bot_id": "B05HFU026BH",
        "blocks": [
            {
                "type": "rich_text",
                "block_id": "nPp",
                "elements": [
                    {
                        "type": "rich_text_section",
                        "elements": [
                            {
                                "type": "text",
                                "text": "Mohamed Taher is finished for today. Away."
                            }
                        ]
                    }
                ]
            }
        ]
    },
    {
        "type": "message",
        "subtype": "bot_message",
        "text": "Mohamed Magdy is away for sometime.",
        "ts": "1690988293.420389",
        "username": "Silverkey Hub",
        "bot_id": "B05HFU026BH",
        "blocks": [
            {
                "type": "rich_text",
                "block_id": "0dEa",
                "elements": [
                    {
                        "type": "rich_text_section",
                        "elements": [
                            {
                                "type": "text",
                                "text": "Mohamed Magdy is away for sometime."
                            }
                        ]
                    }
                ]
            }
        ]
    },
    {
        "type": "message",
        "subtype": "bot_message",
        "text": "Dina Maged is back.",
        "ts": "1690988365.531649",
        "username": "Silverkey Hub",
        "bot_id": "B05HFU026BH",
        "blocks": [
            {
                "type": "rich_text",
                "block_id": "Drd+V",
                "elements": [
                    {
                        "type": "rich_text_section",
                        "elements": [
                            {
                                "type": "text",
                                "text": "Dina Maged is back."
                            }
                        ]
                    }
                ]
            }
        ]
    },
    {
        "client_msg_id": "6c5eff8b-88ed-4a73-86df-192e0cc8184f",
        "type": "message",
        "text": "away",
        "user": "UA6R38XA8",
        "ts": "1690988493.546609",
        "blocks": [
            {
                "type": "rich_text",
                "block_id": "1Ymew",
                "elements": [
                    {
                        "type": "rich_text_section",
                        "elements": [
                            {
                                "type": "text",
                                "text": "away"
                            }
                        ]
                    }
                ]
            }
        ],
        "team": "T03FVM0K8",
        "user_team": "T03FVM0K8",
        "source_team": "T03FVM0K8",
        "user_profile": {
            "avatar_hash": "a3c1d7f64445",
            "image_72": "https:\/\/avatars.slack-edge.com\/2023-05-21\/5321281437360_a3c1d7f64445d4d77468_72.jpg",
            "first_name": "Abdallah",
            "real_name": "Abdallah Nasser",
            "display_name": "",
            "team": "T03FVM0K8",
            "name": "abdallahn",
            "is_restricted": false,
            "is_ultra_restricted": false
        }
    },
    {
        "type": "message",
        "subtype": "bot_message",
        "text": "Omnya_Ellethy is away for sometime.",
        "ts": "1690989691.148019",
        "username": "Silverkey Hub",
        "bot_id": "B05HFU026BH",
        "blocks": [
            {
                "type": "rich_text",
                "block_id": "PhES",
                "elements": [
                    {
                        "type": "rich_text_section",
                        "elements": [
                            {
                                "type": "text",
                                "text": "Omnya_Ellethy is away for sometime."
                            }
                        ]
                    }
                ]
            }
        ]
    },
    {
        "type": "message",
        "subtype": "bot_message",
        "text": "Alaa Elsanteel is back.",
        "ts": "1690990296.415179",
        "username": "Silverkey Hub",
        "bot_id": "B05HFU026BH",
        "blocks": [
            {
                "type": "rich_text",
                "block_id": "O7t",
                "elements": [
                    {
                        "type": "rich_text_section",
                        "elements": [
                            {
                                "type": "text",
                                "text": "Alaa Elsanteel is back."
                            }
                        ]
                    }
                ]
            }
        ]
    },
    {
        "type": "message",
        "subtype": "bot_message",
        "text": "Yomna Ragab is away for sometime.",
        "ts": "1690990377.682099",
        "username": "Silverkey Hub",
        "bot_id": "B05HFU026BH",
        "blocks": [
            {
                "type": "rich_text",
                "block_id": "fuE=",
                "elements": [
                    {
                        "type": "rich_text_section",
                        "elements": [
                            {
                                "type": "text",
                                "text": "Yomna Ragab is away for sometime."
                            }
                        ]
                    }
                ]
            }
        ]
    },
    {
        "type": "message",
        "subtype": "bot_message",
        "text": "Mazen Amr is finished for today. Away.",
        "ts": "1690990563.519059",
        "username": "Silverkey Hub",
        "bot_id": "B05HFU026BH",
        "blocks": [
            {
                "type": "rich_text",
                "block_id": "D4Uj",
                "elements": [
                    {
                        "type": "rich_text_section",
                        "elements": [
                            {
                                "type": "text",
                                "text": "Mazen Amr is finished for today. Away."
                            }
                        ]
                    }
                ]
            }
        ]
    },
    {
        "type": "message",
        "subtype": "bot_message",
        "text": "Mahdy96 is finished for today. Away.",
        "ts": "1690990763.497839",
        "username": "Silverkey Hub",
        "bot_id": "B05HFU026BH",
        "blocks": [
            {
                "type": "rich_text",
                "block_id": "yBaA",
                "elements": [
                    {
                        "type": "rich_text_section",
                        "elements": [
                            {
                                "type": "text",
                                "text": "Mahdy96 is finished for today. Away."
                            }
                        ]
                    }
                ]
            }
        ]
    },
    {
        "type": "message",
        "subtype": "bot_message",
        "text": "Mariam Essam Ghanem is away for sometime.",
        "ts": "1690991207.731859",
        "username": "Silverkey Hub",
        "bot_id": "B05HFU026BH",
        "blocks": [
            {
                "type": "rich_text",
                "block_id": "=Z1E",
                "elements": [
                    {
                        "type": "rich_text_section",
                        "elements": [
                            {
                                "type": "text",
                                "text": "Mariam Essam Ghanem is away for sometime."
                            }
                        ]
                    }
                ]
            }
        ]
    },
    {
        "type": "message",
        "subtype": "bot_message",
        "text": "Dina Maged is away for sometime.",
        "ts": "1690991277.893979",
        "username": "Silverkey Hub",
        "bot_id": "B05HFU026BH",
        "blocks": [
            {
                "type": "rich_text",
                "block_id": "QEC",
                "elements": [
                    {
                        "type": "rich_text_section",
                        "elements": [
                            {
                                "type": "text",
                                "text": "Dina Maged is away for sometime."
                            }
                        ]
                    }
                ]
            }
        ]
    },
    {
        "type": "message",
        "subtype": "bot_message",
        "text": "Yomna Ragab is back.",
        "ts": "1690991759.273279",
        "username": "Silverkey Hub",
        "bot_id": "B05HFU026BH",
        "blocks": [
            {
                "type": "rich_text",
                "block_id": "pa\/FM",
                "elements": [
                    {
                        "type": "rich_text_section",
                        "elements": [
                            {
                                "type": "text",
                                "text": "Yomna Ragab is back."
                            }
                        ]
                    }
                ]
            }
        ]
    },
    {
        "type": "message",
        "subtype": "bot_message",
        "text": "manarrn is away for sometime.",
        "ts": "1690993589.562689",
        "username": "Silverkey Hub",
        "bot_id": "B05HFU026BH",
        "blocks": [
            {
                "type": "rich_text",
                "block_id": "cCAO",
                "elements": [
                    {
                        "type": "rich_text_section",
                        "elements": [
                            {
                                "type": "text",
                                "text": "manarrn is away for sometime."
                            }
                        ]
                    }
                ]
            }
        ]
    },
    {
        "type": "message",
        "subtype": "bot_message",
        "text": "Yomna Ragab is finished for today. Away.",
        "ts": "1690993975.545559",
        "username": "Silverkey Hub",
        "bot_id": "B05HFU026BH",
        "blocks": [
            {
                "type": "rich_text",
                "block_id": "JNLcs",
                "elements": [
                    {
                        "type": "rich_text_section",
                        "elements": [
                            {
                                "type": "text",
                                "text": "Yomna Ragab is finished for today. Away."
                            }
                        ]
                    }
                ]
            }
        ]
    },
    {
        "type": "message",
        "subtype": "bot_message",
        "text": "Mohamed Magdy is back.",
        "ts": "1690994712.973589",
        "username": "Silverkey Hub",
        "bot_id": "B05HFU026BH",
        "blocks": [
            {
                "type": "rich_text",
                "block_id": "H9T",
                "elements": [
                    {
                        "type": "rich_text_section",
                        "elements": [
                            {
                                "type": "text",
                                "text": "Mohamed Magdy is back."
                            }
                        ]
                    }
                ]
            }
        ]
    },
    {
        "type": "message",
        "subtype": "bot_message",
        "text": "merhanhesham Started to work now.",
        "ts": "1690995714.619219",
        "username": "Silverkey Hub",
        "bot_id": "B05HFU026BH",
        "blocks": [
            {
                "type": "rich_text",
                "block_id": "t=d",
                "elements": [
                    {
                        "type": "rich_text_section",
                        "elements": [
                            {
                                "type": "text",
                                "text": "merhanhesham Started to work now."
                            }
                        ]
                    }
                ]
            }
        ]
    },
    {
        "type": "message",
        "subtype": "bot_message",
        "text": "Mohamed Sameer is finished for today. Away.",
        "ts": "1690995720.310429",
        "username": "Silverkey Hub",
        "bot_id": "B05HFU026BH",
        "blocks": [
            {
                "type": "rich_text",
                "block_id": "tdd",
                "elements": [
                    {
                        "type": "rich_text_section",
                        "elements": [
                            {
                                "type": "text",
                                "text": "Mohamed Sameer is finished for today. Away."
                            }
                        ]
                    }
                ]
            }
        ]
    },
    {
        "type": "message",
        "subtype": "bot_message",
        "text": "Mahy is back.",
        "ts": "1690995801.916779",
        "username": "Silverkey Hub",
        "bot_id": "B05HFU026BH",
        "blocks": [
            {
                "type": "rich_text",
                "block_id": "xjZHw",
                "elements": [
                    {
                        "type": "rich_text_section",
                        "elements": [
                            {
                                "type": "text",
                                "text": "Mahy is back."
                            }
                        ]
                    }
                ]
            }
        ]
    },
    {
        "type": "message",
        "subtype": "bot_message",
        "text": "nourhanhelmy1 is finished for today. Away.",
        "ts": "1690996151.742629",
        "username": "Silverkey Hub",
        "bot_id": "B05HFU026BH",
        "blocks": [
            {
                "type": "rich_text",
                "block_id": "\/KDy",
                "elements": [
                    {
                        "type": "rich_text_section",
                        "elements": [
                            {
                                "type": "text",
                                "text": "nourhanhelmy1 is finished for today. Away."
                            }
                        ]
                    }
                ]
            }
        ]
    },
    {
        "type": "message",
        "subtype": "bot_message",
        "text": "Mariam Essam Ghanem is back.",
        "ts": "1690996256.046169",
        "username": "Silverkey Hub",
        "bot_id": "B05HFU026BH",
        "blocks": [
            {
                "type": "rich_text",
                "block_id": "HtWj",
                "elements": [
                    {
                        "type": "rich_text_section",
                        "elements": [
                            {
                                "type": "text",
                                "text": "Mariam Essam Ghanem is back."
                            }
                        ]
                    }
                ]
            }
        ]
    },
    {
        "type": "message",
        "subtype": "bot_message",
        "text": "KarimMutwally is finished for today. Away.",
        "ts": "1690997126.100309",
        "username": "Silverkey Hub",
        "bot_id": "B05HFU026BH",
        "blocks": [
            {
                "type": "rich_text",
                "block_id": "UgXu",
                "elements": [
                    {
                        "type": "rich_text_section",
                        "elements": [
                            {
                                "type": "text",
                                "text": "KarimMutwally is finished for today. Away."
                            }
                        ]
                    }
                ]
            }
        ]
    },
    {
        "client_msg_id": "4A07AF2E-630A-4580-8830-A634C1C61A23",
        "type": "message",
        "text": "Away ",
        "user": "U02P5PUDENL",
        "ts": "1690998536.122069",
        "blocks": [
            {
                "type": "rich_text",
                "block_id": "nAW",
                "elements": [
                    {
                        "type": "rich_text_section",
                        "elements": [
                            {
                                "type": "text",
                                "text": "Away "
                            }
                        ]
                    }
                ]
            }
        ],
        "team": "T03FVM0K8",
        "user_team": "T03FVM0K8",
        "source_team": "T03FVM0K8",
        "user_profile": {
            "avatar_hash": "d70abf884c2f",
            "image_72": "https:\/\/avatars.slack-edge.com\/2021-11-30\/2774693826662_d70abf884c2f70031520_72.jpg",
            "first_name": "Fares",
            "real_name": "Fares",
            "display_name": "Fares",
            "team": "T03FVM0K8",
            "name": "fares",
            "is_restricted": false,
            "is_ultra_restricted": false
        }
    },
    {
        "type": "message",
        "subtype": "bot_message",
        "text": "Yehia Tarek Ragab is finished for today. Away.",
        "ts": "1691000089.864399",
        "username": "Silverkey Hub",
        "bot_id": "B05HFU026BH",
        "blocks": [
            {
                "type": "rich_text",
                "block_id": "SMO+x",
                "elements": [
                    {
                        "type": "rich_text_section",
                        "elements": [
                            {
                                "type": "text",
                                "text": "Yehia Tarek Ragab is finished for today. Away."
                            }
                        ]
                    }
                ]
            }
        ]
    },
    {
        "type": "message",
        "subtype": "bot_message",
        "text": "Marwan Mostafa is back.",
        "ts": "1691000367.988029",
        "username": "Silverkey Hub",
        "bot_id": "B05HFU026BH",
        "blocks": [
            {
                "type": "rich_text",
                "block_id": "Vn1lD",
                "elements": [
                    {
                        "type": "rich_text_section",
                        "elements": [
                            {
                                "type": "text",
                                "text": "Marwan Mostafa is back."
                            }
                        ]
                    }
                ]
            }
        ]
    },
    {
        "client_msg_id": "b8bd8038-9c33-4a1e-8bac-e1565ed710f1",
        "type": "message",
        "text": "away",
        "user": "UDDJGP5CL",
        "ts": "1691000835.999289",
        "blocks": [
            {
                "type": "rich_text",
                "block_id": "0nR",
                "elements": [
                    {
                        "type": "rich_text_section",
                        "elements": [
                            {
                                "type": "text",
                                "text": "away"
                            }
                        ]
                    }
                ]
            }
        ],
        "team": "T03FVM0K8",
        "user_team": "T03FVM0K8",
        "source_team": "T03FVM0K8",
        "user_profile": {
            "avatar_hash": "037560a56aad",
            "image_72": "https:\/\/avatars.slack-edge.com\/2023-07-17\/5613165629632_037560a56aad6a6cde14_72.jpg",
            "first_name": "Mohammed",
            "real_name": "Mohammed Genidy Omera",
            "display_name": "",
            "team": "T03FVM0K8",
            "name": "mohammedo",
            "is_restricted": false,
            "is_ultra_restricted": false
        },
        "thread_ts": "1690976399.473949",
        "parent_user_id": "UDDJGP5CL"
    },
    {
        "type": "message",
        "subtype": "bot_message",
        "text": "Mohamed Magdy is finished for today. Away.",
        "ts": "1691003351.075079",
        "username": "Silverkey Hub",
        "bot_id": "B05HFU026BH",
        "blocks": [
            {
                "type": "rich_text",
                "block_id": "OCVi",
                "elements": [
                    {
                        "type": "rich_text_section",
                        "elements": [
                            {
                                "type": "text",
                                "text": "Mohamed Magdy is finished for today. Away."
                            }
                        ]
                    }
                ]
            }
        ]
    },
    {
        "type": "message",
        "subtype": "bot_message",
        "text": "AhmadGadallah2000 is back.",
        "ts": "1691003491.541759",
        "username": "Silverkey Hub",
        "bot_id": "B05HFU026BH",
        "blocks": [
            {
                "type": "rich_text",
                "block_id": "M3A6",
                "elements": [
                    {
                        "type": "rich_text_section",
                        "elements": [
                            {
                                "type": "text",
                                "text": "AhmadGadallah2000 is back."
                            }
                        ]
                    }
                ]
            }
        ]
    },
    {
        "type": "message",
        "subtype": "bot_message",
        "text": "Mahy is finished for today. Away.",
        "ts": "1691005800.388749",
        "username": "Silverkey Hub",
        "bot_id": "B05HFU026BH",
        "blocks": [
            {
                "type": "rich_text",
                "block_id": "5mE",
                "elements": [
                    {
                        "type": "rich_text_section",
                        "elements": [
                            {
                                "type": "text",
                                "text": "Mahy is finished for today. Away."
                            }
                        ]
                    }
                ]
            }
        ]
    },
    {
        "type": "message",
        "subtype": "bot_message",
        "text": "Youssef El baghdady is finished for today. Away.",
        "ts": "1691008505.972879",
        "username": "Silverkey Hub",
        "bot_id": "B05HFU026BH",
        "blocks": [
            {
                "type": "rich_text",
                "block_id": "KukbL",
                "elements": [
                    {
                        "type": "rich_text_section",
                        "elements": [
                            {
                                "type": "text",
                                "text": "Youssef El baghdady is finished for today. Away."
                            }
                        ]
                    }
                ]
            }
        ]
    },
    {
        "type": "message",
        "subtype": "thread_broadcast",
        "text": "Away",
        "user": "U027V0C9KEY",
        "ts": "1691009556.901079",
        "thread_ts": "1690986009.116939",
        "root": {
            "client_msg_id": "e3f9bc22-9327-4980-8008-709696d24769",
            "type": "message",
            "text": "Started working at 3:45 PM due to an urgent matter",
            "user": "U027V0C9KEY",
            "ts": "1690986009.116939",
            "blocks": [
                {
                    "type": "rich_text",
                    "block_id": "Z3qs",
                    "elements": [
                        {
                            "type": "rich_text_section",
                            "elements": [
                                {
                                    "type": "text",
                                    "text": "Started working at 3:45 PM due to an urgent matter"
                                }
                            ]
                        }
                    ]
                }
            ],
            "team": "T03FVM0K8",
            "thread_ts": "1690986009.116939",
            "reply_count": 1,
            "reply_users_count": 1,
            "latest_reply": "1691009556.901079",
            "reply_users": [
                "U027V0C9KEY"
            ],
            "replies": [
                {
                    "user": "U027V0C9KEY",
                    "ts": "1691009556.901079"
                }
            ],
            "is_locked": false,
            "subscribed": false
        },
        "blocks": [
            {
                "type": "rich_text",
                "block_id": "QSMI",
                "elements": [
                    {
                        "type": "rich_text_section",
                        "elements": [
                            {
                                "type": "text",
                                "text": "Away"
                            }
                        ]
                    }
                ]
            }
        ],
        "client_msg_id": "5e0e1d4c-2e66-49f8-b379-3d7dd5d14e84"
    },
    {
        "type": "message",
        "subtype": "bot_message",
        "text": "Mariam Essam Ghanem is finished for today. Away.",
        "ts": "1691011032.215609",
        "username": "Silverkey Hub",
        "bot_id": "B05HFU026BH",
        "blocks": [
            {
                "type": "rich_text",
                "block_id": "DLgLX",
                "elements": [
                    {
                        "type": "rich_text_section",
                        "elements": [
                            {
                                "type": "text",
                                "text": "Mariam Essam Ghanem is finished for today. Away."
                            }
                        ]
                    }
                ]
            }
        ]
    },
    {
        "type": "message",
        "subtype": "bot_message",
        "text": "Amr Tealeb is finished for today. Away.",
        "ts": "1691011972.465889",
        "username": "Silverkey Hub",
        "bot_id": "B05HFU026BH",
        "blocks": [
            {
                "type": "rich_text",
                "block_id": "qns",
                "elements": [
                    {
                        "type": "rich_text_section",
                        "elements": [
                            {
                                "type": "text",
                                "text": "Amr Tealeb is finished for today. Away."
                            }
                        ]
                    }
                ]
            }
        ]
    },
    {
        "type": "message",
        "subtype": "bot_message",
        "text": "Sherifr is finished for today. Away.",
        "ts": "1691014127.158879",
        "username": "Silverkey Hub",
        "bot_id": "B05HFU026BH",
        "blocks": [
            {
                "type": "rich_text",
                "block_id": "94OH",
                "elements": [
                    {
                        "type": "rich_text_section",
                        "elements": [
                            {
                                "type": "text",
                                "text": "Sherifr is finished for today. Away."
                            }
                        ]
                    }
                ]
            }
        ]
    },
    {
        "type": "message",
        "subtype": "bot_message",
        "text": "AhmadGadallah2000 is finished for today. Away.",
        "ts": "1691015350.135549",
        "username": "Silverkey Hub",
        "bot_id": "B05HFU026BH",
        "blocks": [
            {
                "type": "rich_text",
                "block_id": "dbqY",
                "elements": [
                    {
                        "type": "rich_text_section",
                        "elements": [
                            {
                                "type": "text",
                                "text": "AhmadGadallah2000 is finished for today. Away."
                            }
                        ]
                    }
                ]
            }
        ]
    },
    {
        "type": "message",
        "subtype": "bot_message",
        "text": "Alaa Elsanteel is finished for today. Away.",
        "ts": "1691016840.156389",
        "username": "Silverkey Hub",
        "bot_id": "B05HFU026BH",
        "blocks": [
            {
                "type": "rich_text",
                "block_id": "VtWNA",
                "elements": [
                    {
                        "type": "rich_text_section",
                        "elements": [
                            {
                                "type": "text",
                                "text": "Alaa Elsanteel is finished for today. Away."
                            }
                        ]
                    }
                ]
            }
        ]
    },
    {
        "type": "message",
        "subtype": "bot_message",
        "text": "Reham Abdelraheem is finished for today. Away.",
        "ts": "1691017004.854749",
        "username": "Silverkey Hub",
        "bot_id": "B05HFU026BH",
        "blocks": [
            {
                "type": "rich_text",
                "block_id": "LPb",
                "elements": [
                    {
                        "type": "rich_text_section",
                        "elements": [
                            {
                                "type": "text",
                                "text": "Reham Abdelraheem is finished for today. Away."
                            }
                        ]
                    }
                ]
            }
        ]
    },
    {
        "type": "message",
        "subtype": "bot_message",
        "text": "merhanhesham is finished for today. Away.",
        "ts": "1691023405.857469",
        "username": "Silverkey Hub",
        "bot_id": "B05HFU026BH",
        "blocks": [
            {
                "type": "rich_text",
                "block_id": "cJZD",
                "elements": [
                    {
                        "type": "rich_text_section",
                        "elements": [
                            {
                                "type": "text",
                                "text": "merhanhesham is finished for today. Away."
                            }
                        ]
                    }
                ]
            }
        ]
    },
    {
        "type": "message",
        "subtype": "bot_message",
        "text": "Waleed Muhammed is finished for today. Away.",
        "ts": "1691027953.278659",
        "username": "Silverkey Hub",
        "bot_id": "B05HFU026BH",
        "blocks": [
            {
                "type": "rich_text",
                "block_id": "pnVNQ",
                "elements": [
                    {
                        "type": "rich_text_section",
                        "elements": [
                            {
                                "type": "text",
                                "text": "Waleed Muhammed is finished for today. Away."
                            }
                        ]
                    }
                ]
            }
        ]
    },
    {
        "type": "message",
        "subtype": "bot_message",
        "text": "Amr Zaki Started to work now.",
        "ts": "1691037553.050129",
        "username": "Silverkey Hub",
        "bot_id": "B05HFU026BH",
        "blocks": [
            {
                "type": "rich_text",
                "block_id": "q5t",
                "elements": [
                    {
                        "type": "rich_text_section",
                        "elements": [
                            {
                                "type": "text",
                                "text": "Amr Zaki Started to work now."
                            }
                        ]
                    }
                ]
            }
        ]
    },
    {
        "type": "message",
        "subtype": "bot_message",
        "text": "YoussefDarwishh Started to work now.",
        "ts": "1691040007.228709",
        "username": "Silverkey Hub",
        "bot_id": "B05HFU026BH",
        "blocks": [
            {
                "type": "rich_text",
                "block_id": "V6DU9",
                "elements": [
                    {
                        "type": "rich_text_section",
                        "elements": [
                            {
                                "type": "text",
                                "text": "YoussefDarwishh Started to work now."
                            }
                        ]
                    }
                ]
            }
        ]
    },
    {
        "type": "message",
        "subtype": "bot_message",
        "text": "Hannah Hatem Started to work now.",
        "ts": "1691041229.641149",
        "username": "Silverkey Hub",
        "bot_id": "B05HFU026BH",
        "blocks": [
            {
                "type": "rich_text",
                "block_id": "s8pm",
                "elements": [
                    {
                        "type": "rich_text_section",
                        "elements": [
                            {
                                "type": "text",
                                "text": "Hannah Hatem Started to work now."
                            }
                        ]
                    }
                ]
            }
        ]
    },
    {
        "type": "message",
        "subtype": "bot_message",
        "text": "abdulrahmannady is finished for today. Away.",
        "ts": "1691044350.017009",
        "username": "Silverkey Hub",
        "bot_id": "B05HFU026BH",
        "blocks": [
            {
                "type": "rich_text",
                "block_id": "NBZH",
                "elements": [
                    {
                        "type": "rich_text_section",
                        "elements": [
                            {
                                "type": "text",
                                "text": "abdulrahmannady is finished for today. Away."
                            }
                        ]
                    }
                ]
            }
        ]
    },
    {
        "type": "message",
        "subtype": "bot_message",
        "text": "abdulrahmannady Started to work now.",
        "ts": "1691044354.400149",
        "username": "Silverkey Hub",
        "bot_id": "B05HFU026BH",
        "blocks": [
            {
                "type": "rich_text",
                "block_id": "Ioi",
                "elements": [
                    {
                        "type": "rich_text_section",
                        "elements": [
                            {
                                "type": "text",
                                "text": "abdulrahmannady Started to work now."
                            }
                        ]
                    }
                ]
            }
        ]
    },
    {
        "client_msg_id": "a674518d-8618-4675-930c-ee3dec38e9dd",
        "type": "message",
        "text": "Please Note I'll be off next Sunday 6-8-2023",
        "user": "U01JHGNLXTP",
        "ts": "1691044404.981679",
        "blocks": [
            {
                "type": "rich_text",
                "block_id": "3lNQ",
                "elements": [
                    {
                        "type": "rich_text_section",
                        "elements": [
                            {
                                "type": "text",
                                "text": "Please Note I'll be off next Sunday 6-8-2023"
                            }
                        ]
                    }
                ]
            }
        ],
        "team": "T03FVM0K8",
        "user_team": "T03FVM0K8",
        "source_team": "T03FVM0K8",
        "user_profile": {
            "avatar_hash": "09ed5d4ab51a",
            "image_72": "https:\/\/avatars.slack-edge.com\/2021-01-14\/1659764613696_09ed5d4ab51ade5f2170_72.jpg",
            "first_name": "Abdulrahman",
            "real_name": "Abdulrahman Nady",
            "display_name": "Abdulrahman Nady",
            "team": "T03FVM0K8",
            "name": "abdulrahmann",
            "is_restricted": false,
            "is_ultra_restricted": false
        }
    },
    {
        "type": "message",
        "subtype": "bot_message",
        "text": "Amr Zaki is away for sometime.",
        "ts": "1691044780.450019",
        "username": "Silverkey Hub",
        "bot_id": "B05HFU026BH",
        "blocks": [
            {
                "type": "rich_text",
                "block_id": "VG3Ba",
                "elements": [
                    {
                        "type": "rich_text_section",
                        "elements": [
                            {
                                "type": "text",
                                "text": "Amr Zaki is away for sometime."
                            }
                        ]
                    }
                ]
            }
        ]
    },
    {
        "type": "message",
        "subtype": "bot_message",
        "text": "Mohamed Abdelrahman is finished for today. Away.",
        "ts": "1691044917.801509",
        "username": "Silverkey Hub",
        "bot_id": "B05HFU026BH",
        "blocks": [
            {
                "type": "rich_text",
                "block_id": "OtGA",
                "elements": [
                    {
                        "type": "rich_text_section",
                        "elements": [
                            {
                                "type": "text",
                                "text": "Mohamed Abdelrahman is finished for today. Away."
                            }
                        ]
                    }
                ]
            }
        ]
    },
    {
        "type": "message",
        "subtype": "bot_message",
        "text": "Mohamed Abdelrahman Started to work now.",
        "ts": "1691044919.676439",
        "username": "Silverkey Hub",
        "bot_id": "B05HFU026BH",
        "blocks": [
            {
                "type": "rich_text",
                "block_id": "cDH",
                "elements": [
                    {
                        "type": "rich_text_section",
                        "elements": [
                            {
                                "type": "text",
                                "text": "Mohamed Abdelrahman Started to work now."
                            }
                        ]
                    }
                ]
            }
        ]
    },
    {
        "type": "message",
        "subtype": "bot_message",
        "text": "Sherifr Started to work now.",
        "ts": "1691045960.016069",
        "username": "Silverkey Hub",
        "bot_id": "B05HFU026BH",
        "blocks": [
            {
                "type": "rich_text",
                "block_id": "5a\/",
                "elements": [
                    {
                        "type": "rich_text_section",
                        "elements": [
                            {
                                "type": "text",
                                "text": "Sherifr Started to work now."
                            }
                        ]
                    }
                ]
            }
        ]
    }
]