[
    {
        "type": "message",
        "subtype": "bot_message",
        "text": "Marwan Mostafa Started to work now.",
        "ts": "1689928895.125329",
        "username": "Silverkey Hub",
        "bot_id": "B05HFU026BH",
        "blocks": [
            {
                "type": "rich_text",
                "block_id": "8c5g",
                "elements": [
                    {
                        "type": "rich_text_section",
                        "elements": [
                            {
                                "type": "text",
                                "text": "Marwan Mostafa Started to work now."
                            }
                        ]
                    }
                ]
            }
        ]
    },
    {
        "type": "message",
        "subtype": "bot_message",
        "text": "Salma Ahmed Mahfouz is away for sometime.",
        "ts": "1689932190.884989",
        "username": "Silverkey Hub",
        "bot_id": "B05HFU026BH",
        "blocks": [
            {
                "type": "rich_text",
                "block_id": "KOzc",
                "elements": [
                    {
                        "type": "rich_text_section",
                        "elements": [
                            {
                                "type": "text",
                                "text": "Salma Ahmed Mahfouz is away for sometime."
                            }
                        ]
                    }
                ]
            }
        ]
    },
    {
        "type": "message",
        "subtype": "bot_message",
        "text": "Sherifr Started to work now.",
        "ts": "1689932954.947089",
        "username": "Silverkey Hub",
        "bot_id": "B05HFU026BH",
        "blocks": [
            {
                "type": "rich_text",
                "block_id": "o3EmW",
                "elements": [
                    {
                        "type": "rich_text_section",
                        "elements": [
                            {
                                "type": "text",
                                "text": "Sherifr Started to work now."
                            }
                        ]
                    }
                ]
            }
        ]
    },
    {
        "type": "message",
        "subtype": "bot_message",
        "text": "Mariam Essam Ghanem is finished for today. Away.",
        "ts": "1689936807.776359",
        "username": "Silverkey Hub",
        "bot_id": "B05HFU026BH",
        "blocks": [
            {
                "type": "rich_text",
                "block_id": "8WF",
                "elements": [
                    {
                        "type": "rich_text_section",
                        "elements": [
                            {
                                "type": "text",
                                "text": "Mariam Essam Ghanem is finished for today. Away."
                            }
                        ]
                    }
                ]
            }
        ]
    },
    {
        "type": "message",
        "subtype": "bot_message",
        "text": "Mariam Essam Ghanem Started to work now.",
        "ts": "1689936812.523799",
        "username": "Silverkey Hub",
        "bot_id": "B05HFU026BH",
        "blocks": [
            {
                "type": "rich_text",
                "block_id": "VSTgq",
                "elements": [
                    {
                        "type": "rich_text_section",
                        "elements": [
                            {
                                "type": "text",
                                "text": "Mariam Essam Ghanem Started to work now."
                            }
                        ]
                    }
                ]
            }
        ]
    },
    {
        "type": "message",
        "subtype": "bot_message",
        "text": "Pierre Amir Bassily is off today.",
        "ts": "1689937566.223999",
        "username": "Silverkey Hub",
        "bot_id": "B05HFU026BH",
        "blocks": [
            {
                "type": "rich_text",
                "block_id": "yHAc",
                "elements": [
                    {
                        "type": "rich_text_section",
                        "elements": [
                            {
                                "type": "text",
                                "text": "Pierre Amir Bassily is off today."
                            }
                        ]
                    }
                ]
            }
        ]
    },
    {
        "type": "message",
        "subtype": "bot_message",
        "text": "Salma Ahmed Mahfouz is back.",
        "ts": "1689938653.289979",
        "username": "Silverkey Hub",
        "bot_id": "B05HFU026BH",
        "blocks": [
            {
                "type": "rich_text",
                "block_id": "HmCe\/",
                "elements": [
                    {
                        "type": "rich_text_section",
                        "elements": [
                            {
                                "type": "text",
                                "text": "Salma Ahmed Mahfouz is back."
                            }
                        ]
                    }
                ]
            }
        ]
    },
    {
        "type": "message",
        "subtype": "bot_message",
        "text": "Alaa Elsanteel Started to work now.",
        "ts": "1689939091.592859",
        "username": "Silverkey Hub",
        "bot_id": "B05HFU026BH",
        "blocks": [
            {
                "type": "rich_text",
                "block_id": "R=RC",
                "elements": [
                    {
                        "type": "rich_text_section",
                        "elements": [
                            {
                                "type": "text",
                                "text": "Alaa Elsanteel Started to work now."
                            }
                        ]
                    }
                ]
            }
        ]
    },
    {
        "type": "message",
        "subtype": "bot_message",
        "text": "Salma Ahmed Mahfouz is away for sometime.",
        "ts": "1689941477.018239",
        "username": "Silverkey Hub",
        "bot_id": "B05HFU026BH",
        "blocks": [
            {
                "type": "rich_text",
                "block_id": "\/cb",
                "elements": [
                    {
                        "type": "rich_text_section",
                        "elements": [
                            {
                                "type": "text",
                                "text": "Salma Ahmed Mahfouz is away for sometime."
                            }
                        ]
                    }
                ]
            }
        ]
    },
    {
        "type": "message",
        "subtype": "bot_message",
        "text": "Salma Ahmed Mahfouz is back.",
        "ts": "1689942885.532689",
        "username": "Silverkey Hub",
        "bot_id": "B05HFU026BH",
        "blocks": [
            {
                "type": "rich_text",
                "block_id": "muy",
                "elements": [
                    {
                        "type": "rich_text_section",
                        "elements": [
                            {
                                "type": "text",
                                "text": "Salma Ahmed Mahfouz is back."
                            }
                        ]
                    }
                ]
            }
        ]
    },
    {
        "type": "message",
        "subtype": "bot_message",
        "text": "Sandra Hany is finished for today. Away.",
        "ts": "1689943257.682049",
        "username": "Silverkey Hub",
        "bot_id": "B05HFU026BH",
        "blocks": [
            {
                "type": "rich_text",
                "block_id": "F=gHk",
                "elements": [
                    {
                        "type": "rich_text_section",
                        "elements": [
                            {
                                "type": "text",
                                "text": "Sandra Hany is finished for today. Away."
                            }
                        ]
                    }
                ]
            }
        ]
    },
    {
        "type": "message",
        "subtype": "bot_message",
        "text": "Sandra Hany Started to work now.",
        "ts": "1689943260.447929",
        "username": "Silverkey Hub",
        "bot_id": "B05HFU026BH",
        "blocks": [
            {
                "type": "rich_text",
                "block_id": "\/csD",
                "elements": [
                    {
                        "type": "rich_text_section",
                        "elements": [
                            {
                                "type": "text",
                                "text": "Sandra Hany Started to work now."
                            }
                        ]
                    }
                ]
            }
        ]
    },
    {
        "type": "message",
        "subtype": "bot_message",
        "text": "Mariam Essam Ghanem is away for sometime.",
        "ts": "1689946829.930359",
        "username": "Silverkey Hub",
        "bot_id": "B05HFU026BH",
        "blocks": [
            {
                "type": "rich_text",
                "block_id": "PJ1",
                "elements": [
                    {
                        "type": "rich_text_section",
                        "elements": [
                            {
                                "type": "text",
                                "text": "Mariam Essam Ghanem is away for sometime."
                            }
                        ]
                    }
                ]
            }
        ]
    },
    {
        "type": "message",
        "subtype": "bot_message",
        "text": "Alaa Elsanteel is away for sometime.",
        "ts": "1689949424.284069",
        "username": "Silverkey Hub",
        "bot_id": "B05HFU026BH",
        "blocks": [
            {
                "type": "rich_text",
                "block_id": "KO7r",
                "elements": [
                    {
                        "type": "rich_text_section",
                        "elements": [
                            {
                                "type": "text",
                                "text": "Alaa Elsanteel is away for sometime."
                            }
                        ]
                    }
                ]
            }
        ]
    },
    {
        "type": "message",
        "subtype": "bot_message",
        "text": "Salma Ahmed Mahfouz is away for sometime.",
        "ts": "1689949875.358489",
        "username": "Silverkey Hub",
        "bot_id": "B05HFU026BH",
        "blocks": [
            {
                "type": "rich_text",
                "block_id": "UHXf",
                "elements": [
                    {
                        "type": "rich_text_section",
                        "elements": [
                            {
                                "type": "text",
                                "text": "Salma Ahmed Mahfouz is away for sometime."
                            }
                        ]
                    }
                ]
            }
        ]
    },
    {
        "type": "message",
        "subtype": "bot_message",
        "text": "Mariam Essam Ghanem is back.",
        "ts": "1689955765.866139",
        "username": "Silverkey Hub",
        "bot_id": "B05HFU026BH",
        "blocks": [
            {
                "type": "rich_text",
                "block_id": "wCrl",
                "elements": [
                    {
                        "type": "rich_text_section",
                        "elements": [
                            {
                                "type": "text",
                                "text": "Mariam Essam Ghanem is back."
                            }
                        ]
                    }
                ]
            }
        ]
    },
    {
        "type": "message",
        "subtype": "bot_message",
        "text": "Rofaydaaa Started to work now.",
        "ts": "1689977271.468099",
        "username": "Silverkey Hub",
        "bot_id": "B05HFU026BH",
        "blocks": [
            {
                "type": "rich_text",
                "block_id": "lmhB",
                "elements": [
                    {
                        "type": "rich_text_section",
                        "elements": [
                            {
                                "type": "text",
                                "text": "Rofaydaaa Started to work now."
                            }
                        ]
                    }
                ]
            }
        ]
    },
    {
        "type": "message",
        "subtype": "bot_message",
        "text": "Mariam Essam Ghanem is finished for today. Away.",
        "ts": "1689977936.487999",
        "username": "Silverkey Hub",
        "bot_id": "B05HFU026BH",
        "blocks": [
            {
                "type": "rich_text",
                "block_id": "kiz",
                "elements": [
                    {
                        "type": "rich_text_section",
                        "elements": [
                            {
                                "type": "text",
                                "text": "Mariam Essam Ghanem is finished for today. Away."
                            }
                        ]
                    }
                ]
            }
        ]
    },
    {
        "type": "message",
        "subtype": "bot_message",
        "text": "Marwan Mostafa is finished for today. Away.",
        "ts": "1689983631.351069",
        "username": "Silverkey Hub",
        "bot_id": "B05HFU026BH",
        "blocks": [
            {
                "type": "rich_text",
                "block_id": "3aw",
                "elements": [
                    {
                        "type": "rich_text_section",
                        "elements": [
                            {
                                "type": "text",
                                "text": "Marwan Mostafa is finished for today. Away."
                            }
                        ]
                    }
                ]
            }
        ]
    },
    {
        "client_msg_id": "7D44867C-0CF6-433A-81F6-3E90E0205458",
        "type": "message",
        "text": "Working since 2am",
        "user": "U05ES2TQ40Y",
        "ts": "1689988398.811839",
        "blocks": [
            {
                "type": "rich_text",
                "block_id": "nZN",
                "elements": [
                    {
                        "type": "rich_text_section",
                        "elements": [
                            {
                                "type": "text",
                                "text": "Working since 2am"
                            }
                        ]
                    }
                ]
            }
        ],
        "team": "T03FVM0K8",
        "user_team": "T03FVM0K8",
        "source_team": "T03FVM0K8",
        "user_profile": {
            "avatar_hash": "g69a2f5d674e",
            "image_72": "https:\/\/secure.gravatar.com\/avatar\/69a2f5d674ec67dcbe6e2b04d96b32e9.jpg?s=72&d=https%3A%2F%2Fa.slack-edge.com%2Fdf10d%2Fimg%2Favatars%2Fava_0015-72.png",
            "first_name": "Merhan",
            "real_name": "Merhan Hesham Ahmed",
            "display_name": "Merhan Hesham Ahmed",
            "team": "T03FVM0K8",
            "name": "merhan100.hesham",
            "is_restricted": false,
            "is_ultra_restricted": false
        },
        "edited": {
            "user": "U05ES2TQ40Y",
            "ts": "1689990446.000000"
        }
    },
    {
        "type": "message",
        "subtype": "bot_message",
        "text": "nourhanhelmy1 Started to work now.",
        "ts": "1690005390.031529",
        "username": "Silverkey Hub",
        "bot_id": "B05HFU026BH",
        "blocks": [
            {
                "type": "rich_text",
                "block_id": "\/6q=6",
                "elements": [
                    {
                        "type": "rich_text_section",
                        "elements": [
                            {
                                "type": "text",
                                "text": "nourhanhelmy1 Started to work now."
                            }
                        ]
                    }
                ]
            }
        ]
    }
]