[
    {
        "type": "message",
        "subtype": "bot_message",
        "text": "Amr Zaki Started to work now.",
        "ts": "1692687728.317249",
        "username": "Silverkey Hub",
        "bot_id": "B05HFU026BH",
        "blocks": [
            {
                "type": "rich_text",
                "block_id": "zlLx",
                "elements": [
                    {
                        "type": "rich_text_section",
                        "elements": [
                            {
                                "type": "text",
                                "text": "Amr Zaki Started to work now."
                            }
                        ]
                    }
                ]
            }
        ]
    },
    {
        "type": "message",
        "subtype": "bot_message",
        "text": "Youssef El baghdady Started to work now.",
        "ts": "1692688045.713409",
        "username": "Silverkey Hub",
        "bot_id": "B05HFU026BH",
        "blocks": [
            {
                "type": "rich_text",
                "block_id": "dWo",
                "elements": [
                    {
                        "type": "rich_text_section",
                        "elements": [
                            {
                                "type": "text",
                                "text": "Youssef El baghdady Started to work now."
                            }
                        ]
                    }
                ]
            }
        ]
    },
    {
        "type": "message",
        "subtype": "bot_message",
        "text": "Mohamed Taher Started to work now.",
        "ts": "1692688491.624779",
        "username": "Silverkey Hub",
        "bot_id": "B05HFU026BH",
        "blocks": [
            {
                "type": "rich_text",
                "block_id": "q8SE",
                "elements": [
                    {
                        "type": "rich_text_section",
                        "elements": [
                            {
                                "type": "text",
                                "text": "Mohamed Taher Started to work now."
                            }
                        ]
                    }
                ]
            }
        ]
    },
    {
        "type": "message",
        "subtype": "bot_message",
        "text": "Dody Gunawinata is finished for today. Away.",
        "ts": "1692688535.868089",
        "username": "Silverkey Hub",
        "bot_id": "B05HFU026BH",
        "blocks": [
            {
                "type": "rich_text",
                "block_id": "FUG4",
                "elements": [
                    {
                        "type": "rich_text_section",
                        "elements": [
                            {
                                "type": "text",
                                "text": "Dody Gunawinata is finished for today. Away."
                            }
                        ]
                    }
                ]
            }
        ]
    },
    {
        "type": "message",
        "subtype": "bot_message",
        "text": "Dody Gunawinata Started to work now.",
        "ts": "1692688537.207089",
        "username": "Silverkey Hub",
        "bot_id": "B05HFU026BH",
        "blocks": [
            {
                "type": "rich_text",
                "block_id": "m7l",
                "elements": [
                    {
                        "type": "rich_text_section",
                        "elements": [
                            {
                                "type": "text",
                                "text": "Dody Gunawinata Started to work now."
                            }
                        ]
                    }
                ]
            }
        ]
    },
    {
        "type": "message",
        "subtype": "bot_message",
        "text": "YoussefDarwishh is away for sometime.",
        "ts": "1692688569.048419",
        "username": "Silverkey Hub",
        "bot_id": "B05HFU026BH",
        "blocks": [
            {
                "type": "rich_text",
                "block_id": "VLl",
                "elements": [
                    {
                        "type": "rich_text_section",
                        "elements": [
                            {
                                "type": "text",
                                "text": "YoussefDarwishh is away for sometime."
                            }
                        ]
                    }
                ]
            }
        ]
    },
    {
        "type": "message",
        "subtype": "bot_message",
        "text": "MGenidyO is finished for today. Away.",
        "ts": "1692689237.314099",
        "username": "Silverkey Hub",
        "bot_id": "B05HFU026BH",
        "blocks": [
            {
                "type": "rich_text",
                "block_id": "8M1su",
                "elements": [
                    {
                        "type": "rich_text_section",
                        "elements": [
                            {
                                "type": "text",
                                "text": "MGenidyO is finished for today. Away."
                            }
                        ]
                    }
                ]
            }
        ]
    },
    {
        "type": "message",
        "subtype": "bot_message",
        "text": "MGenidyO Started to work now.",
        "ts": "1692689240.274699",
        "username": "Silverkey Hub",
        "bot_id": "B05HFU026BH",
        "blocks": [
            {
                "type": "rich_text",
                "block_id": "1lB",
                "elements": [
                    {
                        "type": "rich_text_section",
                        "elements": [
                            {
                                "type": "text",
                                "text": "MGenidyO Started to work now."
                            }
                        ]
                    }
                ]
            }
        ],
        "thread_ts": "1692689240.274699",
        "reply_count": 1,
        "reply_users_count": 1,
        "latest_reply": "1692704679.129789",
        "reply_users": [
            "UDDJGP5CL"
        ],
        "replies": [
            {
                "user": "UDDJGP5CL",
                "ts": "1692704679.129789"
            }
        ],
        "is_locked": false,
        "subscribed": false
    },
    {
        "type": "message",
        "subtype": "bot_message",
        "text": "abdulrahmannady is finished for today. Away.",
        "ts": "1692689564.556899",
        "username": "Silverkey Hub",
        "bot_id": "B05HFU026BH",
        "blocks": [
            {
                "type": "rich_text",
                "block_id": "hub",
                "elements": [
                    {
                        "type": "rich_text_section",
                        "elements": [
                            {
                                "type": "text",
                                "text": "abdulrahmannady is finished for today. Away."
                            }
                        ]
                    }
                ]
            }
        ]
    },
    {
        "type": "message",
        "subtype": "bot_message",
        "text": "abdulrahmannady Started to work now.",
        "ts": "1692689566.577369",
        "username": "Silverkey Hub",
        "bot_id": "B05HFU026BH",
        "blocks": [
            {
                "type": "rich_text",
                "block_id": "GamXR",
                "elements": [
                    {
                        "type": "rich_text_section",
                        "elements": [
                            {
                                "type": "text",
                                "text": "abdulrahmannady Started to work now."
                            }
                        ]
                    }
                ]
            }
        ]
    },
    {
        "type": "message",
        "subtype": "bot_message",
        "text": "Sherifr Started to work now.",
        "ts": "1692689716.916999",
        "username": "Silverkey Hub",
        "bot_id": "B05HFU026BH",
        "blocks": [
            {
                "type": "rich_text",
                "block_id": "qgU",
                "elements": [
                    {
                        "type": "rich_text_section",
                        "elements": [
                            {
                                "type": "text",
                                "text": "Sherifr Started to work now."
                            }
                        ]
                    }
                ]
            }
        ]
    },
    {
        "client_msg_id": "7b60f4eb-5481-42fd-b43d-6759822c14f9",
        "type": "message",
        "text": "Working",
        "user": "U01J6S6PP8E",
        "ts": "1692689834.273059",
        "blocks": [
            {
                "type": "rich_text",
                "block_id": "RQ\/",
                "elements": [
                    {
                        "type": "rich_text_section",
                        "elements": [
                            {
                                "type": "text",
                                "text": "Working"
                            }
                        ]
                    }
                ]
            }
        ],
        "team": "T03FVM0K8",
        "user_team": "T03FVM0K8",
        "source_team": "T03FVM0K8",
        "user_profile": {
            "avatar_hash": "8d5eca8067f3",
            "image_72": "https:\/\/avatars.slack-edge.com\/2023-04-19\/5133874097077_8d5eca8067f39f6d320a_72.jpg",
            "first_name": "Menna",
            "real_name": "Menna Nabil",
            "display_name": "Menna",
            "team": "T03FVM0K8",
            "name": "mennan",
            "is_restricted": false,
            "is_ultra_restricted": false
        },
        "thread_ts": "1692689834.273059",
        "reply_count": 3,
        "reply_users_count": 2,
        "latest_reply": "1692691907.873009",
        "reply_users": [
            "U03FWCWLL",
            "U01J6S6PP8E"
        ],
        "replies": [
            {
                "user": "U03FWCWLL",
                "ts": "1692690699.944039"
            },
            {
                "user": "U03FWCWLL",
                "ts": "1692690715.462219"
            },
            {
                "user": "U01J6S6PP8E",
                "ts": "1692691907.873009"
            }
        ],
        "is_locked": false,
        "subscribed": false
    },
    {
        "type": "message",
        "subtype": "bot_message",
        "text": "Waleed Muhammed Started to work now.",
        "ts": "1692690223.789349",
        "username": "Silverkey Hub",
        "bot_id": "B05HFU026BH",
        "blocks": [
            {
                "type": "rich_text",
                "block_id": "xSOP",
                "elements": [
                    {
                        "type": "rich_text_section",
                        "elements": [
                            {
                                "type": "text",
                                "text": "Waleed Muhammed Started to work now."
                            }
                        ]
                    }
                ]
            }
        ]
    },
    {
        "type": "message",
        "subtype": "bot_message",
        "text": "Yehia Tarek Ragab Started to work now.",
        "ts": "1692690250.730739",
        "username": "Silverkey Hub",
        "bot_id": "B05HFU026BH",
        "blocks": [
            {
                "type": "rich_text",
                "block_id": "NUO=X",
                "elements": [
                    {
                        "type": "rich_text_section",
                        "elements": [
                            {
                                "type": "text",
                                "text": "Yehia Tarek Ragab Started to work now."
                            }
                        ]
                    }
                ]
            }
        ]
    },
    {
        "client_msg_id": "42b9b3f4-c6cf-4491-a446-665689fc3636",
        "type": "message",
        "text": "Menna please use the Hub to log your attendance. Writting here will not be taken into consideration",
        "user": "U03FWCWLL",
        "ts": "1692690699.944039",
        "blocks": [
            {
                "type": "rich_text",
                "block_id": "p=gV",
                "elements": [
                    {
                        "type": "rich_text_section",
                        "elements": [
                            {
                                "type": "text",
                                "text": "Menna please use the Hub to log your attendance. Writting here will not be taken into consideration"
                            }
                        ]
                    }
                ]
            }
        ],
        "team": "T03FVM0K8",
        "user_team": "T03FVM0K8",
        "source_team": "T03FVM0K8",
        "user_profile": {
            "avatar_hash": "ab9a763ac584",
            "image_72": "https:\/\/avatars.slack-edge.com\/2019-06-06\/645293626450_ab9a763ac58462796ac7_72.jpg",
            "first_name": "Sherif",
            "real_name": "Sherif",
            "display_name": "sherifr",
            "team": "T03FVM0K8",
            "name": "sherifr",
            "is_restricted": false,
            "is_ultra_restricted": false
        },
        "thread_ts": "1692689834.273059",
        "parent_user_id": "U01J6S6PP8E",
        "reactions": [
            {
                "name": "+1::skin-tone-4",
                "users": [
                    "U01J6S6PP8E"
                ],
                "count": 1
            }
        ]
    },
    {
        "client_msg_id": "5945cbb9-eddd-4854-9991-b98506b15952",
        "type": "message",
        "text": "<@U01J6S6PP8E>",
        "user": "U03FWCWLL",
        "ts": "1692690715.462219",
        "blocks": [
            {
                "type": "rich_text",
                "block_id": "ATywz",
                "elements": [
                    {
                        "type": "rich_text_section",
                        "elements": [
                            {
                                "type": "user",
                                "user_id": "U01J6S6PP8E"
                            }
                        ]
                    }
                ]
            }
        ],
        "team": "T03FVM0K8",
        "user_team": "T03FVM0K8",
        "source_team": "T03FVM0K8",
        "user_profile": {
            "avatar_hash": "ab9a763ac584",
            "image_72": "https:\/\/avatars.slack-edge.com\/2019-06-06\/645293626450_ab9a763ac58462796ac7_72.jpg",
            "first_name": "Sherif",
            "real_name": "Sherif",
            "display_name": "sherifr",
            "team": "T03FVM0K8",
            "name": "sherifr",
            "is_restricted": false,
            "is_ultra_restricted": false
        },
        "thread_ts": "1692689834.273059",
        "parent_user_id": "U01J6S6PP8E"
    },
    {
        "type": "message",
        "subtype": "bot_message",
        "text": "Ahmad Gadallah is finished for today. Away.",
        "ts": "1692690804.239989",
        "username": "Silverkey Hub",
        "bot_id": "B05HFU026BH",
        "blocks": [
            {
                "type": "rich_text",
                "block_id": "3u9SV",
                "elements": [
                    {
                        "type": "rich_text_section",
                        "elements": [
                            {
                                "type": "text",
                                "text": "Ahmad Gadallah is finished for today. Away."
                            }
                        ]
                    }
                ]
            }
        ]
    },
    {
        "type": "message",
        "subtype": "bot_message",
        "text": "Ahmad Gadallah Started to work now.",
        "ts": "1692690805.497159",
        "username": "Silverkey Hub",
        "bot_id": "B05HFU026BH",
        "blocks": [
            {
                "type": "rich_text",
                "block_id": "BdQAV",
                "elements": [
                    {
                        "type": "rich_text_section",
                        "elements": [
                            {
                                "type": "text",
                                "text": "Ahmad Gadallah Started to work now."
                            }
                        ]
                    }
                ]
            }
        ]
    },
    {
        "type": "message",
        "subtype": "bot_message",
        "text": "KarimMutwally Started to work now.",
        "ts": "1692691552.408359",
        "username": "Silverkey Hub",
        "bot_id": "B05HFU026BH",
        "blocks": [
            {
                "type": "rich_text",
                "block_id": "XIQLE",
                "elements": [
                    {
                        "type": "rich_text_section",
                        "elements": [
                            {
                                "type": "text",
                                "text": "KarimMutwally Started to work now."
                            }
                        ]
                    }
                ]
            }
        ]
    },
    {
        "client_msg_id": "53da5093-5ee2-4ffb-86e3-d8295b6a5448",
        "type": "message",
        "text": "Okay",
        "user": "U01J6S6PP8E",
        "ts": "1692691907.873009",
        "blocks": [
            {
                "type": "rich_text",
                "block_id": "E4\/",
                "elements": [
                    {
                        "type": "rich_text_section",
                        "elements": [
                            {
                                "type": "text",
                                "text": "Okay"
                            }
                        ]
                    }
                ]
            }
        ],
        "team": "T03FVM0K8",
        "user_team": "T03FVM0K8",
        "source_team": "T03FVM0K8",
        "user_profile": {
            "avatar_hash": "8d5eca8067f3",
            "image_72": "https:\/\/avatars.slack-edge.com\/2023-04-19\/5133874097077_8d5eca8067f39f6d320a_72.jpg",
            "first_name": "Menna",
            "real_name": "Menna Nabil",
            "display_name": "Menna",
            "team": "T03FVM0K8",
            "name": "mennan",
            "is_restricted": false,
            "is_ultra_restricted": false
        },
        "thread_ts": "1692689834.273059",
        "parent_user_id": "U01J6S6PP8E"
    },
    {
        "type": "message",
        "subtype": "bot_message",
        "text": "Mennanabilh Started to work now.",
        "ts": "1692691916.680049",
        "username": "Silverkey Hub",
        "bot_id": "B05HFU026BH",
        "blocks": [
            {
                "type": "rich_text",
                "block_id": "KPznR",
                "elements": [
                    {
                        "type": "rich_text_section",
                        "elements": [
                            {
                                "type": "text",
                                "text": "Mennanabilh Started to work now."
                            }
                        ]
                    }
                ]
            }
        ]
    },
    {
        "type": "message",
        "subtype": "bot_message",
        "text": "Hannah Hatem is finished for today. Away.",
        "ts": "1692691967.564029",
        "username": "Silverkey Hub",
        "bot_id": "B05HFU026BH",
        "blocks": [
            {
                "type": "rich_text",
                "block_id": "2DSI",
                "elements": [
                    {
                        "type": "rich_text_section",
                        "elements": [
                            {
                                "type": "text",
                                "text": "Hannah Hatem is finished for today. Away."
                            }
                        ]
                    }
                ]
            }
        ]
    },
    {
        "type": "message",
        "subtype": "bot_message",
        "text": "Hannah Hatem Started to work now.",
        "ts": "1692691975.843609",
        "username": "Silverkey Hub",
        "bot_id": "B05HFU026BH",
        "blocks": [
            {
                "type": "rich_text",
                "block_id": "5O3",
                "elements": [
                    {
                        "type": "rich_text_section",
                        "elements": [
                            {
                                "type": "text",
                                "text": "Hannah Hatem Started to work now."
                            }
                        ]
                    }
                ]
            }
        ]
    },
    {
        "type": "message",
        "subtype": "bot_message",
        "text": "abdulrahmanMs is finished for today. Away.",
        "ts": "1692692216.803059",
        "username": "Silverkey Hub",
        "bot_id": "B05HFU026BH",
        "blocks": [
            {
                "type": "rich_text",
                "block_id": "RwgJ",
                "elements": [
                    {
                        "type": "rich_text_section",
                        "elements": [
                            {
                                "type": "text",
                                "text": "abdulrahmanMs is finished for today. Away."
                            }
                        ]
                    }
                ]
            }
        ]
    },
    {
        "type": "message",
        "subtype": "bot_message",
        "text": "abdulrahmanMs Started to work now.",
        "ts": "1692692218.923559",
        "username": "Silverkey Hub",
        "bot_id": "B05HFU026BH",
        "blocks": [
            {
                "type": "rich_text",
                "block_id": "k0xY",
                "elements": [
                    {
                        "type": "rich_text_section",
                        "elements": [
                            {
                                "type": "text",
                                "text": "abdulrahmanMs Started to work now."
                            }
                        ]
                    }
                ]
            }
        ]
    },
    {
        "type": "message",
        "subtype": "bot_message",
        "text": "Yomna Ragab Started to work now.",
        "ts": "1692694815.464529",
        "username": "Silverkey Hub",
        "bot_id": "B05HFU026BH",
        "blocks": [
            {
                "type": "rich_text",
                "block_id": "bkU2",
                "elements": [
                    {
                        "type": "rich_text_section",
                        "elements": [
                            {
                                "type": "text",
                                "text": "Yomna Ragab Started to work now."
                            }
                        ]
                    }
                ]
            }
        ]
    },
    {
        "type": "message",
        "subtype": "bot_message",
        "text": "Omnya_Ellethy Started to work now.",
        "ts": "1692694961.444729",
        "username": "Silverkey Hub",
        "bot_id": "B05HFU026BH",
        "blocks": [
            {
                "type": "rich_text",
                "block_id": "i06jW",
                "elements": [
                    {
                        "type": "rich_text_section",
                        "elements": [
                            {
                                "type": "text",
                                "text": "Omnya_Ellethy Started to work now."
                            }
                        ]
                    }
                ]
            }
        ]
    },
    {
        "type": "message",
        "subtype": "bot_message",
        "text": "Dina Maged is finished for today. Away.",
        "ts": "1692695076.506639",
        "username": "Silverkey Hub",
        "bot_id": "B05HFU026BH",
        "blocks": [
            {
                "type": "rich_text",
                "block_id": "qrtT=",
                "elements": [
                    {
                        "type": "rich_text_section",
                        "elements": [
                            {
                                "type": "text",
                                "text": "Dina Maged is finished for today. Away."
                            }
                        ]
                    }
                ]
            }
        ]
    },
    {
        "type": "message",
        "subtype": "bot_message",
        "text": "Dina Maged Started to work now.",
        "ts": "1692695080.169639",
        "username": "Silverkey Hub",
        "bot_id": "B05HFU026BH",
        "blocks": [
            {
                "type": "rich_text",
                "block_id": "Ncq",
                "elements": [
                    {
                        "type": "rich_text_section",
                        "elements": [
                            {
                                "type": "text",
                                "text": "Dina Maged Started to work now."
                            }
                        ]
                    }
                ]
            }
        ]
    },
    {
        "type": "message",
        "subtype": "bot_message",
        "text": "Nouran M is back.",
        "ts": "1692696343.534449",
        "username": "Silverkey Hub",
        "bot_id": "B05HFU026BH",
        "blocks": [
            {
                "type": "rich_text",
                "block_id": "wC5E",
                "elements": [
                    {
                        "type": "rich_text_section",
                        "elements": [
                            {
                                "type": "text",
                                "text": "Nouran M is back."
                            }
                        ]
                    }
                ]
            }
        ]
    },
    {
        "type": "message",
        "subtype": "bot_message",
        "text": "Alaa Elsanteel Started to work now.",
        "ts": "1692697734.920289",
        "username": "Silverkey Hub",
        "bot_id": "B05HFU026BH",
        "blocks": [
            {
                "type": "rich_text",
                "block_id": "31K",
                "elements": [
                    {
                        "type": "rich_text_section",
                        "elements": [
                            {
                                "type": "text",
                                "text": "Alaa Elsanteel Started to work now."
                            }
                        ]
                    }
                ]
            }
        ]
    },
    {
        "type": "message",
        "subtype": "bot_message",
        "text": "Rofaydaaa Started to work now.",
        "ts": "1692698836.918729",
        "username": "Silverkey Hub",
        "bot_id": "B05HFU026BH",
        "blocks": [
            {
                "type": "rich_text",
                "block_id": "Zl+x",
                "elements": [
                    {
                        "type": "rich_text_section",
                        "elements": [
                            {
                                "type": "text",
                                "text": "Rofaydaaa Started to work now."
                            }
                        ]
                    }
                ]
            }
        ]
    },
    {
        "type": "message",
        "subtype": "bot_message",
        "text": "Reham Abdelraheem Started to work now.",
        "ts": "1692701761.405979",
        "username": "Silverkey Hub",
        "bot_id": "B05HFU026BH",
        "blocks": [
            {
                "type": "rich_text",
                "block_id": "r77h4",
                "elements": [
                    {
                        "type": "rich_text_section",
                        "elements": [
                            {
                                "type": "text",
                                "text": "Reham Abdelraheem Started to work now."
                            }
                        ]
                    }
                ]
            }
        ]
    },
    {
        "type": "message",
        "subtype": "bot_message",
        "text": "Ahmed Saeed Started to work now.",
        "ts": "1692701889.140869",
        "username": "Silverkey Hub",
        "bot_id": "B05HFU026BH",
        "blocks": [
            {
                "type": "rich_text",
                "block_id": "FB9aQ",
                "elements": [
                    {
                        "type": "rich_text_section",
                        "elements": [
                            {
                                "type": "text",
                                "text": "Ahmed Saeed Started to work now."
                            }
                        ]
                    }
                ]
            }
        ]
    },
    {
        "type": "message",
        "subtype": "bot_message",
        "text": "Sandra Hany is finished for today. Away.",
        "ts": "1692703350.981869",
        "username": "Silverkey Hub",
        "bot_id": "B05HFU026BH",
        "blocks": [
            {
                "type": "rich_text",
                "block_id": "qKM",
                "elements": [
                    {
                        "type": "rich_text_section",
                        "elements": [
                            {
                                "type": "text",
                                "text": "Sandra Hany is finished for today. Away."
                            }
                        ]
                    }
                ]
            }
        ]
    },
    {
        "type": "message",
        "subtype": "bot_message",
        "text": "Sandra Hany Started to work now.",
        "ts": "1692703352.193109",
        "username": "Silverkey Hub",
        "bot_id": "B05HFU026BH",
        "blocks": [
            {
                "type": "rich_text",
                "block_id": "yXw",
                "elements": [
                    {
                        "type": "rich_text_section",
                        "elements": [
                            {
                                "type": "text",
                                "text": "Sandra Hany Started to work now."
                            }
                        ]
                    }
                ]
            }
        ]
    },
    {
        "type": "message",
        "subtype": "bot_message",
        "text": "Pierre Amir Bassily Started to work now.",
        "ts": "1692703593.675189",
        "username": "Silverkey Hub",
        "bot_id": "B05HFU026BH",
        "blocks": [
            {
                "type": "rich_text",
                "block_id": "7RKf",
                "elements": [
                    {
                        "type": "rich_text_section",
                        "elements": [
                            {
                                "type": "text",
                                "text": "Pierre Amir Bassily Started to work now."
                            }
                        ]
                    }
                ]
            }
        ]
    },
    {
        "type": "message",
        "subtype": "bot_message",
        "text": "Mariam Essam Ghanem Started to work now.",
        "ts": "1692704357.450649",
        "username": "Silverkey Hub",
        "bot_id": "B05HFU026BH",
        "blocks": [
            {
                "type": "rich_text",
                "block_id": "gxV1M",
                "elements": [
                    {
                        "type": "rich_text_section",
                        "elements": [
                            {
                                "type": "text",
                                "text": "Mariam Essam Ghanem Started to work now."
                            }
                        ]
                    }
                ]
            }
        ]
    },
    {
        "client_msg_id": "14f5b6a9-8266-43a4-9fd3-22d9bddb681a",
        "type": "message",
        "text": "away from 1pm, back now",
        "user": "UDDJGP5CL",
        "ts": "1692704679.129789",
        "blocks": [
            {
                "type": "rich_text",
                "block_id": "N1Asf",
                "elements": [
                    {
                        "type": "rich_text_section",
                        "elements": [
                            {
                                "type": "text",
                                "text": "away from 1pm, back now"
                            }
                        ]
                    }
                ]
            }
        ],
        "team": "T03FVM0K8",
        "user_team": "T03FVM0K8",
        "source_team": "T03FVM0K8",
        "user_profile": {
            "avatar_hash": "037560a56aad",
            "image_72": "https:\/\/avatars.slack-edge.com\/2023-07-17\/5613165629632_037560a56aad6a6cde14_72.jpg",
            "first_name": "Mohammed",
            "real_name": "Mohammed Genidy Omera",
            "display_name": "",
            "team": "T03FVM0K8",
            "name": "mohammedo",
            "is_restricted": false,
            "is_ultra_restricted": false
        },
        "thread_ts": "1692689240.274699"
    },
    {
        "type": "message",
        "subtype": "bot_message",
        "text": "Amr Tealeb Started to work now.",
        "ts": "1692705243.790749",
        "username": "Silverkey Hub",
        "bot_id": "B05HFU026BH",
        "blocks": [
            {
                "type": "rich_text",
                "block_id": "bVGc",
                "elements": [
                    {
                        "type": "rich_text_section",
                        "elements": [
                            {
                                "type": "text",
                                "text": "Amr Tealeb Started to work now."
                            }
                        ]
                    }
                ]
            }
        ]
    },
    {
        "type": "message",
        "subtype": "bot_message",
        "text": "YoussefDarwishh is back.",
        "ts": "1692706971.890739",
        "username": "Silverkey Hub",
        "bot_id": "B05HFU026BH",
        "blocks": [
            {
                "type": "rich_text",
                "block_id": "VYZV\/",
                "elements": [
                    {
                        "type": "rich_text_section",
                        "elements": [
                            {
                                "type": "text",
                                "text": "YoussefDarwishh is back."
                            }
                        ]
                    }
                ]
            }
        ]
    },
    {
        "type": "message",
        "subtype": "bot_message",
        "text": "Alaa Elsanteel is away for sometime.",
        "ts": "1692707211.820039",
        "username": "Silverkey Hub",
        "bot_id": "B05HFU026BH",
        "blocks": [
            {
                "type": "rich_text",
                "block_id": "1wTBY",
                "elements": [
                    {
                        "type": "rich_text_section",
                        "elements": [
                            {
                                "type": "text",
                                "text": "Alaa Elsanteel is away for sometime."
                            }
                        ]
                    }
                ]
            }
        ]
    },
    {
        "type": "message",
        "subtype": "bot_message",
        "text": "Dina Maged is away for sometime.",
        "ts": "1692708722.606399",
        "username": "Silverkey Hub",
        "bot_id": "B05HFU026BH",
        "blocks": [
            {
                "type": "rich_text",
                "block_id": "JSP",
                "elements": [
                    {
                        "type": "rich_text_section",
                        "elements": [
                            {
                                "type": "text",
                                "text": "Dina Maged is away for sometime."
                            }
                        ]
                    }
                ]
            }
        ]
    },
    {
        "type": "message",
        "subtype": "bot_message",
        "text": "Yomna Ragab is finished for today. Away.",
        "ts": "1692708732.219979",
        "username": "Silverkey Hub",
        "bot_id": "B05HFU026BH",
        "blocks": [
            {
                "type": "rich_text",
                "block_id": "\/pA4\/",
                "elements": [
                    {
                        "type": "rich_text_section",
                        "elements": [
                            {
                                "type": "text",
                                "text": "Yomna Ragab is finished for today. Away."
                            }
                        ]
                    }
                ]
            }
        ]
    },
    {
        "type": "message",
        "subtype": "bot_message",
        "text": "Ahmed Ayman Saad Started to work now.",
        "ts": "1692709307.097589",
        "username": "Silverkey Hub",
        "bot_id": "B05HFU026BH",
        "blocks": [
            {
                "type": "rich_text",
                "block_id": "d\/Rt",
                "elements": [
                    {
                        "type": "rich_text_section",
                        "elements": [
                            {
                                "type": "text",
                                "text": "Ahmed Ayman Saad Started to work now."
                            }
                        ]
                    }
                ]
            }
        ]
    },
    {
        "type": "message",
        "subtype": "bot_message",
        "text": "Mahy Started to work now.",
        "ts": "1692710186.470879",
        "username": "Silverkey Hub",
        "bot_id": "B05HFU026BH",
        "blocks": [
            {
                "type": "rich_text",
                "block_id": "HAIp",
                "elements": [
                    {
                        "type": "rich_text_section",
                        "elements": [
                            {
                                "type": "text",
                                "text": "Mahy Started to work now."
                            }
                        ]
                    }
                ]
            }
        ]
    },
    {
        "client_msg_id": "ea1e4415-8282-450c-8a2d-1a06f0ccb000",
        "type": "message",
        "text": "Working, Have a meeting at TMD",
        "user": "UA6R38XA8",
        "ts": "1692711551.363719",
        "blocks": [
            {
                "type": "rich_text",
                "block_id": "=o3",
                "elements": [
                    {
                        "type": "rich_text_section",
                        "elements": [
                            {
                                "type": "text",
                                "text": "Working, Have a meeting at TMD"
                            }
                        ]
                    }
                ]
            }
        ],
        "team": "T03FVM0K8",
        "user_team": "T03FVM0K8",
        "source_team": "T03FVM0K8",
        "user_profile": {
            "avatar_hash": "a3c1d7f64445",
            "image_72": "https:\/\/avatars.slack-edge.com\/2023-05-21\/5321281437360_a3c1d7f64445d4d77468_72.jpg",
            "first_name": "Abdallah",
            "real_name": "Abdallah Nasser",
            "display_name": "",
            "team": "T03FVM0K8",
            "name": "abdallahn",
            "is_restricted": false,
            "is_ultra_restricted": false
        },
        "thread_ts": "1692711551.363719",
        "reply_count": 1,
        "reply_users_count": 1,
        "latest_reply": "1692721956.947559",
        "reply_users": [
            "U03FWCWLL"
        ],
        "replies": [
            {
                "user": "U03FWCWLL",
                "ts": "1692721956.947559"
            }
        ],
        "is_locked": false,
        "subscribed": false
    },
    {
        "type": "message",
        "subtype": "bot_message",
        "text": "nourhanhelmy1 Started to work now.",
        "ts": "1692711694.221719",
        "username": "Silverkey Hub",
        "bot_id": "B05HFU026BH",
        "blocks": [
            {
                "type": "rich_text",
                "block_id": "+kO",
                "elements": [
                    {
                        "type": "rich_text_section",
                        "elements": [
                            {
                                "type": "text",
                                "text": "nourhanhelmy1 Started to work now."
                            }
                        ]
                    }
                ]
            }
        ]
    },
    {
        "type": "message",
        "subtype": "bot_message",
        "text": "Mennanabilh is away for sometime.",
        "ts": "1692712106.984139",
        "username": "Silverkey Hub",
        "bot_id": "B05HFU026BH",
        "blocks": [
            {
                "type": "rich_text",
                "block_id": "tSAT",
                "elements": [
                    {
                        "type": "rich_text_section",
                        "elements": [
                            {
                                "type": "text",
                                "text": "Mennanabilh is away for sometime."
                            }
                        ]
                    }
                ]
            }
        ]
    },
    {
        "type": "message",
        "subtype": "bot_message",
        "text": "Mennanabilh is back.",
        "ts": "1692712109.419509",
        "username": "Silverkey Hub",
        "bot_id": "B05HFU026BH",
        "blocks": [
            {
                "type": "rich_text",
                "block_id": "W9y",
                "elements": [
                    {
                        "type": "rich_text_section",
                        "elements": [
                            {
                                "type": "text",
                                "text": "Mennanabilh is back."
                            }
                        ]
                    }
                ]
            }
        ]
    },
    {
        "type": "message",
        "subtype": "bot_message",
        "text": "Mennanabilh is finished for today. Away.",
        "ts": "1692712111.039929",
        "username": "Silverkey Hub",
        "bot_id": "B05HFU026BH",
        "blocks": [
            {
                "type": "rich_text",
                "block_id": "8jBD9",
                "elements": [
                    {
                        "type": "rich_text_section",
                        "elements": [
                            {
                                "type": "text",
                                "text": "Mennanabilh is finished for today. Away."
                            }
                        ]
                    }
                ]
            }
        ]
    },
    {
        "type": "message",
        "subtype": "bot_message",
        "text": "Nouran M is finished for today. Away.",
        "ts": "1692713153.167119",
        "username": "Silverkey Hub",
        "bot_id": "B05HFU026BH",
        "blocks": [
            {
                "type": "rich_text",
                "block_id": "rVn",
                "elements": [
                    {
                        "type": "rich_text_section",
                        "elements": [
                            {
                                "type": "text",
                                "text": "Nouran M is finished for today. Away."
                            }
                        ]
                    }
                ]
            }
        ]
    },
    {
        "type": "message",
        "subtype": "bot_message",
        "text": "Ahmed Saeed is away for sometime.",
        "ts": "1692713616.033119",
        "username": "Silverkey Hub",
        "bot_id": "B05HFU026BH",
        "blocks": [
            {
                "type": "rich_text",
                "block_id": "OOtvi",
                "elements": [
                    {
                        "type": "rich_text_section",
                        "elements": [
                            {
                                "type": "text",
                                "text": "Ahmed Saeed is away for sometime."
                            }
                        ]
                    }
                ]
            }
        ]
    },
    {
        "type": "message",
        "subtype": "bot_message",
        "text": "Mazen Amr Started to work now.",
        "ts": "1692714391.186519",
        "username": "Silverkey Hub",
        "bot_id": "B05HFU026BH",
        "blocks": [
            {
                "type": "rich_text",
                "block_id": "W6O",
                "elements": [
                    {
                        "type": "rich_text_section",
                        "elements": [
                            {
                                "type": "text",
                                "text": "Mazen Amr Started to work now."
                            }
                        ]
                    }
                ]
            }
        ]
    },
    {
        "type": "message",
        "subtype": "bot_message",
        "text": "BelalAbdelbasetHassan is finished for today. Away.",
        "ts": "1692714705.902649",
        "username": "Silverkey Hub",
        "bot_id": "B05HFU026BH",
        "blocks": [
            {
                "type": "rich_text",
                "block_id": "FTP",
                "elements": [
                    {
                        "type": "rich_text_section",
                        "elements": [
                            {
                                "type": "text",
                                "text": "BelalAbdelbasetHassan is finished for today. Away."
                            }
                        ]
                    }
                ]
            }
        ]
    },
    {
        "type": "message",
        "subtype": "bot_message",
        "text": "Alaa Elsanteel is back.",
        "ts": "1692715139.867709",
        "username": "Silverkey Hub",
        "bot_id": "B05HFU026BH",
        "blocks": [
            {
                "type": "rich_text",
                "block_id": "qe6",
                "elements": [
                    {
                        "type": "rich_text_section",
                        "elements": [
                            {
                                "type": "text",
                                "text": "Alaa Elsanteel is back."
                            }
                        ]
                    }
                ]
            }
        ]
    },
    {
        "type": "message",
        "subtype": "bot_message",
        "text": "Mohamed Sameer is finished for today. Away.",
        "ts": "1692715362.941339",
        "username": "Silverkey Hub",
        "bot_id": "B05HFU026BH",
        "blocks": [
            {
                "type": "rich_text",
                "block_id": "LaeV",
                "elements": [
                    {
                        "type": "rich_text_section",
                        "elements": [
                            {
                                "type": "text",
                                "text": "Mohamed Sameer is finished for today. Away."
                            }
                        ]
                    }
                ]
            }
        ]
    },
    {
        "type": "message",
        "subtype": "bot_message",
        "text": "Mariam Essam Ghanem is away for sometime.",
        "ts": "1692716165.305379",
        "username": "Silverkey Hub",
        "bot_id": "B05HFU026BH",
        "blocks": [
            {
                "type": "rich_text",
                "block_id": "OXq",
                "elements": [
                    {
                        "type": "rich_text_section",
                        "elements": [
                            {
                                "type": "text",
                                "text": "Mariam Essam Ghanem is away for sometime."
                            }
                        ]
                    }
                ]
            }
        ]
    },
    {
        "type": "message",
        "subtype": "bot_message",
        "text": "Mohamed Taher is finished for today. Away.",
        "ts": "1692716443.973469",
        "username": "Silverkey Hub",
        "bot_id": "B05HFU026BH",
        "blocks": [
            {
                "type": "rich_text",
                "block_id": "8I7op",
                "elements": [
                    {
                        "type": "rich_text_section",
                        "elements": [
                            {
                                "type": "text",
                                "text": "Mohamed Taher is finished for today. Away."
                            }
                        ]
                    }
                ]
            }
        ]
    },
    {
        "type": "message",
        "subtype": "bot_message",
        "text": "KarimMutwally is finished for today. Away.",
        "ts": "1692717418.322879",
        "username": "Silverkey Hub",
        "bot_id": "B05HFU026BH",
        "blocks": [
            {
                "type": "rich_text",
                "block_id": "K6Ge",
                "elements": [
                    {
                        "type": "rich_text_section",
                        "elements": [
                            {
                                "type": "text",
                                "text": "KarimMutwally is finished for today. Away."
                            }
                        ]
                    }
                ]
            }
        ]
    },
    {
        "type": "message",
        "subtype": "bot_message",
        "text": "Amr Zaki is finished for today. Away.",
        "ts": "1692717437.183269",
        "username": "Silverkey Hub",
        "bot_id": "B05HFU026BH",
        "blocks": [
            {
                "type": "rich_text",
                "block_id": "BEQL",
                "elements": [
                    {
                        "type": "rich_text_section",
                        "elements": [
                            {
                                "type": "text",
                                "text": "Amr Zaki is finished for today. Away."
                            }
                        ]
                    }
                ]
            }
        ]
    },
    {
        "type": "message",
        "subtype": "bot_message",
        "text": "Mariam Essam Ghanem is back.",
        "ts": "1692718210.040889",
        "username": "Silverkey Hub",
        "bot_id": "B05HFU026BH",
        "blocks": [
            {
                "type": "rich_text",
                "block_id": "8kD3",
                "elements": [
                    {
                        "type": "rich_text_section",
                        "elements": [
                            {
                                "type": "text",
                                "text": "Mariam Essam Ghanem is back."
                            }
                        ]
                    }
                ]
            }
        ]
    },
    {
        "type": "message",
        "subtype": "bot_message",
        "text": "Omnya_Ellethy is away for sometime.",
        "ts": "1692718463.566009",
        "username": "Silverkey Hub",
        "bot_id": "B05HFU026BH",
        "blocks": [
            {
                "type": "rich_text",
                "block_id": "kRw2",
                "elements": [
                    {
                        "type": "rich_text_section",
                        "elements": [
                            {
                                "type": "text",
                                "text": "Omnya_Ellethy is away for sometime."
                            }
                        ]
                    }
                ]
            }
        ]
    },
    {
        "type": "message",
        "subtype": "bot_message",
        "text": "Youssef El baghdady is finished for today. Away.",
        "ts": "1692718478.111309",
        "username": "Silverkey Hub",
        "bot_id": "B05HFU026BH",
        "blocks": [
            {
                "type": "rich_text",
                "block_id": "t7w",
                "elements": [
                    {
                        "type": "rich_text_section",
                        "elements": [
                            {
                                "type": "text",
                                "text": "Youssef El baghdady is finished for today. Away."
                            }
                        ]
                    }
                ]
            }
        ]
    },
    {
        "type": "message",
        "subtype": "bot_message",
        "text": "Mahdy96 is finished for today. Away.",
        "ts": "1692718487.602329",
        "username": "Silverkey Hub",
        "bot_id": "B05HFU026BH",
        "blocks": [
            {
                "type": "rich_text",
                "block_id": "AzGEx",
                "elements": [
                    {
                        "type": "rich_text_section",
                        "elements": [
                            {
                                "type": "text",
                                "text": "Mahdy96 is finished for today. Away."
                            }
                        ]
                    }
                ]
            }
        ]
    },
    {
        "type": "message",
        "subtype": "bot_message",
        "text": "YoussefDarwishh is finished for today. Away.",
        "ts": "1692719718.883009",
        "username": "Silverkey Hub",
        "bot_id": "B05HFU026BH",
        "blocks": [
            {
                "type": "rich_text",
                "block_id": "eeaU",
                "elements": [
                    {
                        "type": "rich_text_section",
                        "elements": [
                            {
                                "type": "text",
                                "text": "YoussefDarwishh is finished for today. Away."
                            }
                        ]
                    }
                ]
            }
        ]
    },
    {
        "type": "message",
        "subtype": "bot_message",
        "text": "yasminazcodes Started to work now.",
        "ts": "1692720351.290229",
        "username": "Silverkey Hub",
        "bot_id": "B05HFU026BH",
        "blocks": [
            {
                "type": "rich_text",
                "block_id": "lu5o2",
                "elements": [
                    {
                        "type": "rich_text_section",
                        "elements": [
                            {
                                "type": "text",
                                "text": "yasminazcodes Started to work now."
                            }
                        ]
                    }
                ]
            }
        ]
    },
    {
        "type": "message",
        "subtype": "bot_message",
        "text": "Omnya_Ellethy is back.",
        "ts": "1692720573.684349",
        "username": "Silverkey Hub",
        "bot_id": "B05HFU026BH",
        "blocks": [
            {
                "type": "rich_text",
                "block_id": "P2e",
                "elements": [
                    {
                        "type": "rich_text_section",
                        "elements": [
                            {
                                "type": "text",
                                "text": "Omnya_Ellethy is back."
                            }
                        ]
                    }
                ]
            }
        ]
    },
    {
        "client_msg_id": "aa5a178d-2cdc-406c-be76-fd8816c3cf7d",
        "type": "message",
        "text": "Working, From Taly's office.",
        "user": "UGUP6SQUT",
        "ts": "1692720646.558939",
        "blocks": [
            {
                "type": "rich_text",
                "block_id": "E5FZv",
                "elements": [
                    {
                        "type": "rich_text_section",
                        "elements": [
                            {
                                "type": "text",
                                "text": "Working, From Taly's office."
                            }
                        ]
                    }
                ]
            }
        ],
        "team": "T03FVM0K8",
        "user_team": "T03FVM0K8",
        "source_team": "T03FVM0K8",
        "user_profile": {
            "avatar_hash": "g9c020706235",
            "image_72": "https:\/\/secure.gravatar.com\/avatar\/69c02070623529edb9971347f9a4519d.jpg?s=72&d=https%3A%2F%2Fa.slack-edge.com%2Fdf10d%2Fimg%2Favatars%2Fava_0024-72.png",
            "first_name": "",
            "real_name": "Bassem Adel",
            "display_name": "Bassem Adel",
            "team": "T03FVM0K8",
            "name": "bassema",
            "is_restricted": false,
            "is_ultra_restricted": false
        },
        "thread_ts": "1692720646.558939",
        "reply_count": 1,
        "reply_users_count": 1,
        "latest_reply": "1692721967.965169",
        "reply_users": [
            "U03FWCWLL"
        ],
        "replies": [
            {
                "user": "U03FWCWLL",
                "ts": "1692721967.965169"
            }
        ],
        "is_locked": false,
        "subscribed": false
    },
    {
        "client_msg_id": "f6c2fefc-b12c-4fa2-8195-62421db7f9bf",
        "type": "message",
        "text": "<@UA6R38XA8> please use the Hub to log your attendance. Writting here will not be taken into consideration.",
        "user": "U03FWCWLL",
        "ts": "1692721956.947559",
        "blocks": [
            {
                "type": "rich_text",
                "block_id": "lEIAc",
                "elements": [
                    {
                        "type": "rich_text_section",
                        "elements": [
                            {
                                "type": "user",
                                "user_id": "UA6R38XA8"
                            },
                            {
                                "type": "text",
                                "text": " please use the Hub to log your attendance. Writting here will not be taken into consideration."
                            }
                        ]
                    }
                ]
            }
        ],
        "team": "T03FVM0K8",
        "user_team": "T03FVM0K8",
        "source_team": "T03FVM0K8",
        "user_profile": {
            "avatar_hash": "ab9a763ac584",
            "image_72": "https:\/\/avatars.slack-edge.com\/2019-06-06\/645293626450_ab9a763ac58462796ac7_72.jpg",
            "first_name": "Sherif",
            "real_name": "Sherif",
            "display_name": "sherifr",
            "team": "T03FVM0K8",
            "name": "sherifr",
            "is_restricted": false,
            "is_ultra_restricted": false
        },
        "thread_ts": "1692711551.363719",
        "parent_user_id": "UA6R38XA8"
    },
    {
        "client_msg_id": "688da455-ed59-473f-bf79-50f63aef4d1c",
        "type": "message",
        "text": "<@UGUP6SQUT> please use the Hub to log your attendance. Writting here will not be taken into consideration",
        "user": "U03FWCWLL",
        "ts": "1692721967.965169",
        "blocks": [
            {
                "type": "rich_text",
                "block_id": "E0uf",
                "elements": [
                    {
                        "type": "rich_text_section",
                        "elements": [
                            {
                                "type": "user",
                                "user_id": "UGUP6SQUT"
                            },
                            {
                                "type": "text",
                                "text": " please use the Hub to log your attendance. Writting here will not be taken into consideration"
                            }
                        ]
                    }
                ]
            }
        ],
        "team": "T03FVM0K8",
        "user_team": "T03FVM0K8",
        "source_team": "T03FVM0K8",
        "user_profile": {
            "avatar_hash": "ab9a763ac584",
            "image_72": "https:\/\/avatars.slack-edge.com\/2019-06-06\/645293626450_ab9a763ac58462796ac7_72.jpg",
            "first_name": "Sherif",
            "real_name": "Sherif",
            "display_name": "sherifr",
            "team": "T03FVM0K8",
            "name": "sherifr",
            "is_restricted": false,
            "is_ultra_restricted": false
        },
        "thread_ts": "1692720646.558939",
        "parent_user_id": "UGUP6SQUT"
    },
    {
        "type": "message",
        "subtype": "bot_message",
        "text": "Mohamed Magdy is finished for today. Away.",
        "ts": "1692722106.973309",
        "username": "Silverkey Hub",
        "bot_id": "B05HFU026BH",
        "blocks": [
            {
                "type": "rich_text",
                "block_id": "pR5Y",
                "elements": [
                    {
                        "type": "rich_text_section",
                        "elements": [
                            {
                                "type": "text",
                                "text": "Mohamed Magdy is finished for today. Away."
                            }
                        ]
                    }
                ]
            }
        ],
        "thread_ts": "1692722106.973309",
        "reply_count": 1,
        "reply_users_count": 1,
        "latest_reply": "1692722136.014949",
        "reply_users": [
            "UASMV9W7N"
        ],
        "replies": [
            {
                "user": "UASMV9W7N",
                "ts": "1692722136.014949"
            }
        ],
        "is_locked": false,
        "subscribed": false
    },
    {
        "client_msg_id": "BCBD0243-7B6D-476A-A2B0-6DF421689AA4",
        "type": "message",
        "text": "done at 6:15 pm",
        "user": "UASMV9W7N",
        "ts": "1692722136.014949",
        "blocks": [
            {
                "type": "rich_text",
                "block_id": "NyjW",
                "elements": [
                    {
                        "type": "rich_text_section",
                        "elements": [
                            {
                                "type": "text",
                                "text": "done at 6:15 pm"
                            }
                        ]
                    }
                ]
            }
        ],
        "team": "T03FVM0K8",
        "user_team": "T03FVM0K8",
        "source_team": "T03FVM0K8",
        "user_profile": {
            "avatar_hash": "69dcb4073f2f",
            "image_72": "https:\/\/avatars.slack-edge.com\/2023-07-08\/5560161003857_69dcb4073f2f7c5f6175_72.png",
            "first_name": "Mohamed",
            "real_name": "Mohamed Magdy",
            "display_name": "Mohamed Magdy",
            "team": "T03FVM0K8",
            "name": "mohamedm",
            "is_restricted": false,
            "is_ultra_restricted": false
        },
        "thread_ts": "1692722106.973309"
    },
    {
        "type": "message",
        "subtype": "bot_message",
        "text": "Bassem-Adel-Eg is finished for today. Away.",
        "ts": "1692722215.392529",
        "username": "Silverkey Hub",
        "bot_id": "B05HFU026BH",
        "blocks": [
            {
                "type": "rich_text",
                "block_id": "Agm99",
                "elements": [
                    {
                        "type": "rich_text_section",
                        "elements": [
                            {
                                "type": "text",
                                "text": "Bassem-Adel-Eg is finished for today. Away."
                            }
                        ]
                    }
                ]
            }
        ]
    },
    {
        "type": "message",
        "subtype": "bot_message",
        "text": "Bassem-Adel-Eg Started to work now.",
        "ts": "1692722217.484849",
        "username": "Silverkey Hub",
        "bot_id": "B05HFU026BH",
        "blocks": [
            {
                "type": "rich_text",
                "block_id": "6aM8",
                "elements": [
                    {
                        "type": "rich_text_section",
                        "elements": [
                            {
                                "type": "text",
                                "text": "Bassem-Adel-Eg Started to work now."
                            }
                        ]
                    }
                ]
            }
        ]
    },
    {
        "type": "message",
        "subtype": "bot_message",
        "text": "Bassem-Adel-Eg is finished for today. Away.",
        "ts": "1692722239.165209",
        "username": "Silverkey Hub",
        "bot_id": "B05HFU026BH",
        "blocks": [
            {
                "type": "rich_text",
                "block_id": "gUP1",
                "elements": [
                    {
                        "type": "rich_text_section",
                        "elements": [
                            {
                                "type": "text",
                                "text": "Bassem-Adel-Eg is finished for today. Away."
                            }
                        ]
                    }
                ]
            }
        ]
    },
    {
        "type": "message",
        "subtype": "bot_message",
        "text": "Yehia Tarek Ragab is finished for today. Away.",
        "ts": "1692724164.831779",
        "username": "Silverkey Hub",
        "bot_id": "B05HFU026BH",
        "blocks": [
            {
                "type": "rich_text",
                "block_id": "hS=",
                "elements": [
                    {
                        "type": "rich_text_section",
                        "elements": [
                            {
                                "type": "text",
                                "text": "Yehia Tarek Ragab is finished for today. Away."
                            }
                        ]
                    }
                ]
            }
        ]
    },
    {
        "type": "message",
        "subtype": "bot_message",
        "text": "Reham Abdelraheem is away for sometime.",
        "ts": "1692724210.326149",
        "username": "Silverkey Hub",
        "bot_id": "B05HFU026BH",
        "blocks": [
            {
                "type": "rich_text",
                "block_id": "wz0w",
                "elements": [
                    {
                        "type": "rich_text_section",
                        "elements": [
                            {
                                "type": "text",
                                "text": "Reham Abdelraheem is away for sometime."
                            }
                        ]
                    }
                ]
            }
        ]
    },
    {
        "type": "message",
        "subtype": "bot_message",
        "text": "AhmadGadallah2000 Started to work now.",
        "ts": "1692724611.949349",
        "username": "Silverkey Hub",
        "bot_id": "B05HFU026BH",
        "blocks": [
            {
                "type": "rich_text",
                "block_id": "BwLf",
                "elements": [
                    {
                        "type": "rich_text_section",
                        "elements": [
                            {
                                "type": "text",
                                "text": "AhmadGadallah2000 Started to work now."
                            }
                        ]
                    }
                ]
            }
        ]
    },
    {
        "type": "message",
        "subtype": "bot_message",
        "text": "AhmadGadallah2000 is finished for today. Away.",
        "ts": "1692724613.955079",
        "username": "Silverkey Hub",
        "bot_id": "B05HFU026BH",
        "blocks": [
            {
                "type": "rich_text",
                "block_id": "vTS9",
                "elements": [
                    {
                        "type": "rich_text_section",
                        "elements": [
                            {
                                "type": "text",
                                "text": "AhmadGadallah2000 is finished for today. Away."
                            }
                        ]
                    }
                ]
            }
        ]
    },
    {
        "type": "message",
        "subtype": "bot_message",
        "text": "merhanhesham Started to work now.",
        "ts": "1692724919.594489",
        "username": "Silverkey Hub",
        "bot_id": "B05HFU026BH",
        "blocks": [
            {
                "type": "rich_text",
                "block_id": "o0G",
                "elements": [
                    {
                        "type": "rich_text_section",
                        "elements": [
                            {
                                "type": "text",
                                "text": "merhanhesham Started to work now."
                            }
                        ]
                    }
                ]
            }
        ]
    },
    {
        "type": "message",
        "subtype": "bot_message",
        "text": "Nada is finished for today. Away.",
        "ts": "1692725340.418319",
        "username": "Silverkey Hub",
        "bot_id": "B05HFU026BH",
        "blocks": [
            {
                "type": "rich_text",
                "block_id": "rqM",
                "elements": [
                    {
                        "type": "rich_text_section",
                        "elements": [
                            {
                                "type": "text",
                                "text": "Nada is finished for today. Away."
                            }
                        ]
                    }
                ]
            }
        ]
    },
    {
        "type": "message",
        "subtype": "bot_message",
        "text": "Nada Started to work now.",
        "ts": "1692725341.438219",
        "username": "Silverkey Hub",
        "bot_id": "B05HFU026BH",
        "blocks": [
            {
                "type": "rich_text",
                "block_id": "l3E",
                "elements": [
                    {
                        "type": "rich_text_section",
                        "elements": [
                            {
                                "type": "text",
                                "text": "Nada Started to work now."
                            }
                        ]
                    }
                ]
            }
        ]
    },
    {
        "type": "message",
        "subtype": "bot_message",
        "text": "Abdallah Nasser Started to work now.",
        "ts": "1692725393.830209",
        "username": "Silverkey Hub",
        "bot_id": "B05HFU026BH",
        "blocks": [
            {
                "type": "rich_text",
                "block_id": "4bT",
                "elements": [
                    {
                        "type": "rich_text_section",
                        "elements": [
                            {
                                "type": "text",
                                "text": "Abdallah Nasser Started to work now."
                            }
                        ]
                    }
                ]
            }
        ]
    },
    {
        "type": "message",
        "subtype": "bot_message",
        "text": "Hannah Hatem is finished for today. Away.",
        "ts": "1692725651.304919",
        "username": "Silverkey Hub",
        "bot_id": "B05HFU026BH",
        "blocks": [
            {
                "type": "rich_text",
                "block_id": "kZsLq",
                "elements": [
                    {
                        "type": "rich_text_section",
                        "elements": [
                            {
                                "type": "text",
                                "text": "Hannah Hatem is finished for today. Away."
                            }
                        ]
                    }
                ]
            }
        ]
    },
    {
        "type": "message",
        "subtype": "bot_message",
        "text": "MGenidyO is finished for today. Away.",
        "ts": "1692725809.002199",
        "username": "Silverkey Hub",
        "bot_id": "B05HFU026BH",
        "blocks": [
            {
                "type": "rich_text",
                "block_id": "vjaOM",
                "elements": [
                    {
                        "type": "rich_text_section",
                        "elements": [
                            {
                                "type": "text",
                                "text": "MGenidyO is finished for today. Away."
                            }
                        ]
                    }
                ]
            }
        ]
    },
    {
        "type": "message",
        "subtype": "bot_message",
        "text": "Abdallah Nasser is finished for today. Away.",
        "ts": "1692725986.306079",
        "username": "Silverkey Hub",
        "bot_id": "B05HFU026BH",
        "blocks": [
            {
                "type": "rich_text",
                "block_id": "G1LRD",
                "elements": [
                    {
                        "type": "rich_text_section",
                        "elements": [
                            {
                                "type": "text",
                                "text": "Abdallah Nasser is finished for today. Away."
                            }
                        ]
                    }
                ]
            }
        ]
    },
    {
        "type": "message",
        "subtype": "bot_message",
        "text": "Omnya_Ellethy is finished for today. Away.",
        "ts": "1692727235.774569",
        "username": "Silverkey Hub",
        "bot_id": "B05HFU026BH",
        "blocks": [
            {
                "type": "rich_text",
                "block_id": "4gmAo",
                "elements": [
                    {
                        "type": "rich_text_section",
                        "elements": [
                            {
                                "type": "text",
                                "text": "Omnya_Ellethy is finished for today. Away."
                            }
                        ]
                    }
                ]
            }
        ]
    },
    {
        "type": "message",
        "subtype": "bot_message",
        "text": "Reham Abdelraheem is back.",
        "ts": "1692727564.328249",
        "username": "Silverkey Hub",
        "bot_id": "B05HFU026BH",
        "blocks": [
            {
                "type": "rich_text",
                "block_id": "VJB0",
                "elements": [
                    {
                        "type": "rich_text_section",
                        "elements": [
                            {
                                "type": "text",
                                "text": "Reham Abdelraheem is back."
                            }
                        ]
                    }
                ]
            }
        ]
    },
    {
        "type": "message",
        "subtype": "bot_message",
        "text": "Pierre Amir Bassily is finished for today. Away.",
        "ts": "1692730557.592269",
        "username": "Silverkey Hub",
        "bot_id": "B05HFU026BH",
        "blocks": [
            {
                "type": "rich_text",
                "block_id": "=wtxJ",
                "elements": [
                    {
                        "type": "rich_text_section",
                        "elements": [
                            {
                                "type": "text",
                                "text": "Pierre Amir Bassily is finished for today. Away."
                            }
                        ]
                    }
                ]
            }
        ]
    },
    {
        "type": "message",
        "subtype": "bot_message",
        "text": "yasminazcodes is away for sometime.",
        "ts": "1692731045.538399",
        "username": "Silverkey Hub",
        "bot_id": "B05HFU026BH",
        "blocks": [
            {
                "type": "rich_text",
                "block_id": "dmdzO",
                "elements": [
                    {
                        "type": "rich_text_section",
                        "elements": [
                            {
                                "type": "text",
                                "text": "yasminazcodes is away for sometime."
                            }
                        ]
                    }
                ]
            }
        ]
    },
    {
        "type": "message",
        "subtype": "bot_message",
        "text": "Ahmed Ayman Saad is finished for today. Away.",
        "ts": "1692731065.908349",
        "username": "Silverkey Hub",
        "bot_id": "B05HFU026BH",
        "blocks": [
            {
                "type": "rich_text",
                "block_id": "y=\/x",
                "elements": [
                    {
                        "type": "rich_text_section",
                        "elements": [
                            {
                                "type": "text",
                                "text": "Ahmed Ayman Saad is finished for today. Away."
                            }
                        ]
                    }
                ]
            }
        ]
    },
    {
        "type": "message",
        "subtype": "bot_message",
        "text": "yasminazcodes is back.",
        "ts": "1692733100.663149",
        "username": "Silverkey Hub",
        "bot_id": "B05HFU026BH",
        "blocks": [
            {
                "type": "rich_text",
                "block_id": "r0D",
                "elements": [
                    {
                        "type": "rich_text_section",
                        "elements": [
                            {
                                "type": "text",
                                "text": "yasminazcodes is back."
                            }
                        ]
                    }
                ]
            }
        ]
    },
    {
        "type": "message",
        "subtype": "bot_message",
        "text": "Mahy is finished for today. Away.",
        "ts": "1692733427.126859",
        "username": "Silverkey Hub",
        "bot_id": "B05HFU026BH",
        "blocks": [
            {
                "type": "rich_text",
                "block_id": "3Hu",
                "elements": [
                    {
                        "type": "rich_text_section",
                        "elements": [
                            {
                                "type": "text",
                                "text": "Mahy is finished for today. Away."
                            }
                        ]
                    }
                ]
            }
        ]
    },
    {
        "type": "message",
        "subtype": "bot_message",
        "text": "Reham Abdelraheem is finished for today. Away.",
        "ts": "1692734618.605729",
        "username": "Silverkey Hub",
        "bot_id": "B05HFU026BH",
        "blocks": [
            {
                "type": "rich_text",
                "block_id": "WKrZS",
                "elements": [
                    {
                        "type": "rich_text_section",
                        "elements": [
                            {
                                "type": "text",
                                "text": "Reham Abdelraheem is finished for today. Away."
                            }
                        ]
                    }
                ]
            }
        ]
    },
    {
        "type": "message",
        "subtype": "bot_message",
        "text": "Amr Tealeb is finished for today. Away.",
        "ts": "1692736213.757309",
        "username": "Silverkey Hub",
        "bot_id": "B05HFU026BH",
        "blocks": [
            {
                "type": "rich_text",
                "block_id": "hvntV",
                "elements": [
                    {
                        "type": "rich_text_section",
                        "elements": [
                            {
                                "type": "text",
                                "text": "Amr Tealeb is finished for today. Away."
                            }
                        ]
                    }
                ]
            }
        ]
    },
    {
        "type": "message",
        "subtype": "bot_message",
        "text": "Nouran M Started to work now.",
        "ts": "1692741377.960159",
        "username": "Silverkey Hub",
        "bot_id": "B05HFU026BH",
        "blocks": [
            {
                "type": "rich_text",
                "block_id": "+t6",
                "elements": [
                    {
                        "type": "rich_text_section",
                        "elements": [
                            {
                                "type": "text",
                                "text": "Nouran M Started to work now."
                            }
                        ]
                    }
                ]
            }
        ]
    },
    {
        "type": "message",
        "subtype": "bot_message",
        "text": "Mazen Amr is finished for today. Away.",
        "ts": "1692741736.152239",
        "username": "Silverkey Hub",
        "bot_id": "B05HFU026BH",
        "blocks": [
            {
                "type": "rich_text",
                "block_id": "AgpGU",
                "elements": [
                    {
                        "type": "rich_text_section",
                        "elements": [
                            {
                                "type": "text",
                                "text": "Mazen Amr is finished for today. Away."
                            }
                        ]
                    }
                ]
            }
        ]
    },
    {
        "type": "message",
        "subtype": "bot_message",
        "text": "yasminazcodes is finished for today. Away.",
        "ts": "1692744143.776089",
        "username": "Silverkey Hub",
        "bot_id": "B05HFU026BH",
        "blocks": [
            {
                "type": "rich_text",
                "block_id": "1F+4",
                "elements": [
                    {
                        "type": "rich_text_section",
                        "elements": [
                            {
                                "type": "text",
                                "text": "yasminazcodes is finished for today. Away."
                            }
                        ]
                    }
                ]
            }
        ]
    },
    {
        "type": "message",
        "subtype": "bot_message",
        "text": "Ahmed Saeed is back.",
        "ts": "1692744732.839369",
        "username": "Silverkey Hub",
        "bot_id": "B05HFU026BH",
        "blocks": [
            {
                "type": "rich_text",
                "block_id": "FguO\/",
                "elements": [
                    {
                        "type": "rich_text_section",
                        "elements": [
                            {
                                "type": "text",
                                "text": "Ahmed Saeed is back."
                            }
                        ]
                    }
                ]
            }
        ]
    },
    {
        "type": "message",
        "subtype": "bot_message",
        "text": "Ahmed Saeed is finished for today. Away.",
        "ts": "1692747051.865609",
        "username": "Silverkey Hub",
        "bot_id": "B05HFU026BH",
        "blocks": [
            {
                "type": "rich_text",
                "block_id": "8E760",
                "elements": [
                    {
                        "type": "rich_text_section",
                        "elements": [
                            {
                                "type": "text",
                                "text": "Ahmed Saeed is finished for today. Away."
                            }
                        ]
                    }
                ]
            }
        ]
    },
    {
        "type": "message",
        "subtype": "bot_message",
        "text": "Mariam Essam Ghanem is finished for today. Away.",
        "ts": "1692747167.801189",
        "username": "Silverkey Hub",
        "bot_id": "B05HFU026BH",
        "blocks": [
            {
                "type": "rich_text",
                "block_id": "5Vl2g",
                "elements": [
                    {
                        "type": "rich_text_section",
                        "elements": [
                            {
                                "type": "text",
                                "text": "Mariam Essam Ghanem is finished for today. Away."
                            }
                        ]
                    }
                ]
            }
        ]
    },
    {
        "type": "message",
        "subtype": "bot_message",
        "text": "nourhanhelmy1 is finished for today. Away.",
        "ts": "1692747317.644889",
        "username": "Silverkey Hub",
        "bot_id": "B05HFU026BH",
        "blocks": [
            {
                "type": "rich_text",
                "block_id": "5XZm",
                "elements": [
                    {
                        "type": "rich_text_section",
                        "elements": [
                            {
                                "type": "text",
                                "text": "nourhanhelmy1 is finished for today. Away."
                            }
                        ]
                    }
                ]
            }
        ]
    },
    {
        "type": "message",
        "subtype": "bot_message",
        "text": "Waleed Muhammed is finished for today. Away.",
        "ts": "1692750225.877439",
        "username": "Silverkey Hub",
        "bot_id": "B05HFU026BH",
        "blocks": [
            {
                "type": "rich_text",
                "block_id": "G6iO",
                "elements": [
                    {
                        "type": "rich_text_section",
                        "elements": [
                            {
                                "type": "text",
                                "text": "Waleed Muhammed is finished for today. Away."
                            }
                        ]
                    }
                ]
            }
        ]
    },
    {
        "type": "message",
        "subtype": "bot_message",
        "text": "Rofaydaaa is finished for today. Away.",
        "ts": "1692753138.997739",
        "username": "Silverkey Hub",
        "bot_id": "B05HFU026BH",
        "blocks": [
            {
                "type": "rich_text",
                "block_id": "8BCi",
                "elements": [
                    {
                        "type": "rich_text_section",
                        "elements": [
                            {
                                "type": "text",
                                "text": "Rofaydaaa is finished for today. Away."
                            }
                        ]
                    }
                ]
            }
        ]
    },
    {
        "type": "message",
        "subtype": "bot_message",
        "text": "Nouran M is away for sometime.",
        "ts": "1692756196.716459",
        "username": "Silverkey Hub",
        "bot_id": "B05HFU026BH",
        "blocks": [
            {
                "type": "rich_text",
                "block_id": "jaRU",
                "elements": [
                    {
                        "type": "rich_text_section",
                        "elements": [
                            {
                                "type": "text",
                                "text": "Nouran M is away for sometime."
                            }
                        ]
                    }
                ]
            }
        ]
    },
    {
        "type": "message",
        "subtype": "bot_message",
        "text": "Amr Zaki Started to work now.",
        "ts": "1692766682.525759",
        "username": "Silverkey Hub",
        "bot_id": "B05HFU026BH",
        "blocks": [
            {
                "type": "rich_text",
                "block_id": "WMS",
                "elements": [
                    {
                        "type": "rich_text_section",
                        "elements": [
                            {
                                "type": "text",
                                "text": "Amr Zaki Started to work now."
                            }
                        ]
                    }
                ]
            }
        ]
    },
    {
        "type": "message",
        "subtype": "bot_message",
        "text": "Mahdy96 Started to work now.",
        "ts": "1692770435.474549",
        "username": "Silverkey Hub",
        "bot_id": "B05HFU026BH",
        "blocks": [
            {
                "type": "rich_text",
                "block_id": "7JRJ",
                "elements": [
                    {
                        "type": "rich_text_section",
                        "elements": [
                            {
                                "type": "text",
                                "text": "Mahdy96 Started to work now."
                            }
                        ]
                    }
                ]
            }
        ]
    },
    {
        "type": "message",
        "subtype": "bot_message",
        "text": "Mohamed Abdelrahman is finished for today. Away.",
        "ts": "1692770942.824509",
        "username": "Silverkey Hub",
        "bot_id": "B05HFU026BH",
        "blocks": [
            {
                "type": "rich_text",
                "block_id": "uPQ",
                "elements": [
                    {
                        "type": "rich_text_section",
                        "elements": [
                            {
                                "type": "text",
                                "text": "Mohamed Abdelrahman is finished for today. Away."
                            }
                        ]
                    }
                ]
            }
        ]
    },
    {
        "type": "message",
        "subtype": "bot_message",
        "text": "Mohamed Abdelrahman Started to work now.",
        "ts": "1692770945.426339",
        "username": "Silverkey Hub",
        "bot_id": "B05HFU026BH",
        "blocks": [
            {
                "type": "rich_text",
                "block_id": "Lxve",
                "elements": [
                    {
                        "type": "rich_text_section",
                        "elements": [
                            {
                                "type": "text",
                                "text": "Mohamed Abdelrahman Started to work now."
                            }
                        ]
                    }
                ]
            }
        ]
    },
    {
        "type": "message",
        "subtype": "bot_message",
        "text": "Mohamed Sameer Started to work now.",
        "ts": "1692771079.650919",
        "username": "Silverkey Hub",
        "bot_id": "B05HFU026BH",
        "blocks": [
            {
                "type": "rich_text",
                "block_id": "93C",
                "elements": [
                    {
                        "type": "rich_text_section",
                        "elements": [
                            {
                                "type": "text",
                                "text": "Mohamed Sameer Started to work now."
                            }
                        ]
                    }
                ]
            }
        ]
    },
    {
        "type": "message",
        "subtype": "bot_message",
        "text": "Youssef El baghdady Started to work now.",
        "ts": "1692772405.186709",
        "username": "Silverkey Hub",
        "bot_id": "B05HFU026BH",
        "blocks": [
            {
                "type": "rich_text",
                "block_id": "piS",
                "elements": [
                    {
                        "type": "rich_text_section",
                        "elements": [
                            {
                                "type": "text",
                                "text": "Youssef El baghdady Started to work now."
                            }
                        ]
                    }
                ]
            }
        ]
    },
    {
        "type": "message",
        "subtype": "bot_message",
        "text": "Hannah Hatem Started to work now.",
        "ts": "1692772881.880049",
        "username": "Silverkey Hub",
        "bot_id": "B05HFU026BH",
        "blocks": [
            {
                "type": "rich_text",
                "block_id": "wWl",
                "elements": [
                    {
                        "type": "rich_text_section",
                        "elements": [
                            {
                                "type": "text",
                                "text": "Hannah Hatem Started to work now."
                            }
                        ]
                    }
                ]
            }
        ]
    },
    {
        "type": "message",
        "subtype": "bot_message",
        "text": "Amr Zaki is away for sometime.",
        "ts": "1692772894.386779",
        "username": "Silverkey Hub",
        "bot_id": "B05HFU026BH",
        "blocks": [
            {
                "type": "rich_text",
                "block_id": "JGhT",
                "elements": [
                    {
                        "type": "rich_text_section",
                        "elements": [
                            {
                                "type": "text",
                                "text": "Amr Zaki is away for sometime."
                            }
                        ]
                    }
                ]
            }
        ]
    },
    {
        "type": "message",
        "subtype": "bot_message",
        "text": "Dina Maged is back.",
        "ts": "1692773498.029889",
        "username": "Silverkey Hub",
        "bot_id": "B05HFU026BH",
        "blocks": [
            {
                "type": "rich_text",
                "block_id": "q0N",
                "elements": [
                    {
                        "type": "rich_text_section",
                        "elements": [
                            {
                                "type": "text",
                                "text": "Dina Maged is back."
                            }
                        ]
                    }
                ]
            }
        ]
    },
    {
        "type": "message",
        "subtype": "bot_message",
        "text": "Dina Maged is finished for today. Away.",
        "ts": "1692773534.144269",
        "username": "Silverkey Hub",
        "bot_id": "B05HFU026BH",
        "blocks": [
            {
                "type": "rich_text",
                "block_id": "38Ey",
                "elements": [
                    {
                        "type": "rich_text_section",
                        "elements": [
                            {
                                "type": "text",
                                "text": "Dina Maged is finished for today. Away."
                            }
                        ]
                    }
                ]
            }
        ]
    },
    {
        "type": "message",
        "subtype": "bot_message",
        "text": "Dina Maged Started to work now.",
        "ts": "1692773537.060849",
        "username": "Silverkey Hub",
        "bot_id": "B05HFU026BH",
        "blocks": [
            {
                "type": "rich_text",
                "block_id": "3\/3Y",
                "elements": [
                    {
                        "type": "rich_text_section",
                        "elements": [
                            {
                                "type": "text",
                                "text": "Dina Maged Started to work now."
                            }
                        ]
                    }
                ]
            }
        ]
    },
    {
        "type": "message",
        "subtype": "bot_message",
        "text": "Bassem-Adel-Eg Started to work now.",
        "ts": "1692773741.341039",
        "username": "Silverkey Hub",
        "bot_id": "B05HFU026BH",
        "blocks": [
            {
                "type": "rich_text",
                "block_id": "JzR9R",
                "elements": [
                    {
                        "type": "rich_text_section",
                        "elements": [
                            {
                                "type": "text",
                                "text": "Bassem-Adel-Eg Started to work now."
                            }
                        ]
                    }
                ]
            }
        ]
    }
]