[
    {
        "type": "message",
        "subtype": "channel_join",
        "ts": "1689788729.614539",
        "user": "U03FWCWLL",
        "text": "<@U03FWCWLL> has joined the channel"
    },
    {
        "type": "message",
        "subtype": "channel_join",
        "ts": "1689788772.341189",
        "user": "U03FVM0KA",
        "text": "<@U03FVM0KA> has joined the channel",
        "inviter": "U03FWCWLL"
    },
    {
        "type": "message",
        "subtype": "channel_join",
        "ts": "1689788772.442319",
        "user": "U03FVBQTR",
        "text": "<@U03FVBQTR> has joined the channel",
        "inviter": "U03FWCWLL"
    },
    {
        "type": "message",
        "subtype": "channel_join",
        "ts": "1689788772.509569",
        "user": "UASMV9W7N",
        "text": "<@UASMV9W7N> has joined the channel",
        "inviter": "U03FWCWLL"
    },
    {
        "type": "message",
        "subtype": "channel_join",
        "ts": "1689788772.592609",
        "user": "U027C3PDVQC",
        "text": "<@U027C3PDVQC> has joined the channel",
        "inviter": "U03FWCWLL"
    },
    {
        "type": "message",
        "subtype": "channel_join",
        "ts": "1689788772.665099",
        "user": "U027PSQ8ZUK",
        "text": "<@U027PSQ8ZUK> has joined the channel",
        "inviter": "U03FWCWLL"
    },
    {
        "type": "message",
        "subtype": "channel_join",
        "ts": "1689788772.735869",
        "user": "U03FWLKUN",
        "text": "<@U03FWLKUN> has joined the channel",
        "inviter": "U03FWCWLL"
    },
    {
        "type": "message",
        "subtype": "channel_join",
        "ts": "1689788772.817559",
        "user": "U01A2EPV0BA",
        "text": "<@U01A2EPV0BA> has joined the channel",
        "inviter": "U03FWCWLL"
    },
    {
        "type": "message",
        "subtype": "channel_join",
        "ts": "1689788772.884289",
        "user": "UGUP6SQUT",
        "text": "<@UGUP6SQUT> has joined the channel",
        "inviter": "U03FWCWLL"
    },
    {
        "type": "message",
        "subtype": "channel_join",
        "ts": "1689788772.964379",
        "user": "UUB64KVPC",
        "text": "<@UUB64KVPC> has joined the channel",
        "inviter": "U03FWCWLL"
    },
    {
        "type": "message",
        "subtype": "channel_join",
        "ts": "1689788773.085779",
        "user": "U04509JHX54",
        "text": "<@U04509JHX54> has joined the channel",
        "inviter": "U03FWCWLL"
    },
    {
        "type": "message",
        "subtype": "channel_join",
        "ts": "1689788773.166249",
        "user": "U05FLR73T2S",
        "text": "<@U05FLR73T2S> has joined the channel",
        "inviter": "U03FWCWLL"
    },
    {
        "type": "message",
        "subtype": "channel_join",
        "ts": "1689788773.274049",
        "user": "UKPG594HH",
        "text": "<@UKPG594HH> has joined the channel",
        "inviter": "U03FWCWLL"
    },
    {
        "type": "message",
        "subtype": "channel_join",
        "ts": "1689788773.370379",
        "user": "U02P5PUDENL",
        "text": "<@U02P5PUDENL> has joined the channel",
        "inviter": "U03FWCWLL"
    },
    {
        "type": "message",
        "subtype": "channel_join",
        "ts": "1689788773.441569",
        "user": "UA6R38XA8",
        "text": "<@UA6R38XA8> has joined the channel",
        "inviter": "U03FWCWLL"
    },
    {
        "type": "message",
        "subtype": "channel_join",
        "ts": "1689788773.508109",
        "user": "U034X8927KL",
        "text": "<@U034X8927KL> has joined the channel",
        "inviter": "U03FWCWLL"
    },
    {
        "type": "message",
        "subtype": "channel_join",
        "ts": "1689788773.578739",
        "user": "U1LF0P0LB",
        "text": "<@U1LF0P0LB> has joined the channel",
        "inviter": "U03FWCWLL"
    },
    {
        "type": "message",
        "subtype": "channel_join",
        "ts": "1689788773.652179",
        "user": "UDDJGP5CL",
        "text": "<@UDDJGP5CL> has joined the channel",
        "inviter": "U03FWCWLL"
    },
    {
        "type": "message",
        "subtype": "channel_join",
        "ts": "1689788773.716479",
        "user": "U05EF0GJ1L1",
        "text": "<@U05EF0GJ1L1> has joined the channel",
        "inviter": "U03FWCWLL"
    },
    {
        "type": "message",
        "subtype": "channel_join",
        "ts": "1689788773.890989",
        "user": "UAWHVVB8X",
        "text": "<@UAWHVVB8X> has joined the channel",
        "inviter": "U03FWCWLL"
    },
    {
        "type": "message",
        "subtype": "channel_join",
        "ts": "1689788774.066979",
        "user": "UD7FEGEF8",
        "text": "<@UD7FEGEF8> has joined the channel",
        "inviter": "U03FWCWLL"
    },
    {
        "type": "message",
        "subtype": "channel_join",
        "ts": "1689788807.015549",
        "user": "U015TTDLF6X",
        "text": "<@U015TTDLF6X> has joined the channel",
        "inviter": "U03FWCWLL"
    },
    {
        "type": "message",
        "subtype": "channel_join",
        "ts": "1689788807.092669",
        "user": "U04NU1DH41X",
        "text": "<@U04NU1DH41X> has joined the channel",
        "inviter": "U03FWCWLL"
    },
    {
        "type": "message",
        "subtype": "channel_join",
        "ts": "1689788807.159309",
        "user": "U7CHCKH7B",
        "text": "<@U7CHCKH7B> has joined the channel",
        "inviter": "U03FWCWLL"
    },
    {
        "type": "message",
        "subtype": "channel_join",
        "ts": "1689788807.241429",
        "user": "U01JHGNLXTP",
        "text": "<@U01JHGNLXTP> has joined the channel",
        "inviter": "U03FWCWLL"
    },
    {
        "type": "message",
        "subtype": "channel_join",
        "ts": "1689788807.433989",
        "user": "U01V3U7T0JC",
        "text": "<@U01V3U7T0JC> has joined the channel",
        "inviter": "U03FWCWLL"
    },
    {
        "type": "message",
        "subtype": "channel_join",
        "ts": "1689788807.551719",
        "user": "U050Z8GF28P",
        "text": "<@U050Z8GF28P> has joined the channel",
        "inviter": "U03FWCWLL"
    },
    {
        "type": "message",
        "subtype": "channel_join",
        "ts": "1689788807.629869",
        "user": "U023D3C7UBX",
        "text": "<@U023D3C7UBX> has joined the channel",
        "inviter": "U03FWCWLL"
    },
    {
        "type": "message",
        "subtype": "channel_join",
        "ts": "1689788807.718179",
        "user": "U02HJ8E8H2L",
        "text": "<@U02HJ8E8H2L> has joined the channel",
        "inviter": "U03FWCWLL"
    },
    {
        "type": "message",
        "subtype": "channel_join",
        "ts": "1689788807.800529",
        "user": "U05DVMHBGF8",
        "text": "<@U05DVMHBGF8> has joined the channel",
        "inviter": "U03FWCWLL"
    },
    {
        "type": "message",
        "subtype": "channel_join",
        "ts": "1689788807.861239",
        "user": "U05E2BE5E9G",
        "text": "<@U05E2BE5E9G> has joined the channel",
        "inviter": "U03FWCWLL"
    },
    {
        "type": "message",
        "subtype": "channel_join",
        "ts": "1689788807.920669",
        "user": "U05ES2TQ40Y",
        "text": "<@U05ES2TQ40Y> has joined the channel",
        "inviter": "U03FWCWLL"
    },
    {
        "type": "message",
        "subtype": "channel_join",
        "ts": "1689788807.980329",
        "user": "U05E2BF528J",
        "text": "<@U05E2BF528J> has joined the channel",
        "inviter": "U03FWCWLL"
    },
    {
        "type": "message",
        "subtype": "channel_join",
        "ts": "1689788808.040649",
        "user": "U05ES2V9WKS",
        "text": "<@U05ES2V9WKS> has joined the channel",
        "inviter": "U03FWCWLL"
    },
    {
        "type": "message",
        "subtype": "channel_join",
        "ts": "1689788808.098819",
        "user": "U02784N2AQ7",
        "text": "<@U02784N2AQ7> has joined the channel",
        "inviter": "U03FWCWLL"
    },
    {
        "type": "message",
        "subtype": "channel_join",
        "ts": "1689788808.212859",
        "user": "U027V0C9KEY",
        "text": "<@U027V0C9KEY> has joined the channel",
        "inviter": "U03FWCWLL"
    },
    {
        "type": "message",
        "subtype": "channel_join",
        "ts": "1689788808.277689",
        "user": "U05HQPS132N",
        "text": "<@U05HQPS132N> has joined the channel",
        "inviter": "U03FWCWLL"
    },
    {
        "type": "message",
        "subtype": "channel_join",
        "ts": "1689788808.334109",
        "user": "U05DMR335M5",
        "text": "<@U05DMR335M5> has joined the channel",
        "inviter": "U03FWCWLL"
    },
    {
        "type": "message",
        "subtype": "channel_join",
        "ts": "1689788808.428349",
        "user": "U05E2BDNG1G",
        "text": "<@U05E2BDNG1G> has joined the channel",
        "inviter": "U03FWCWLL"
    },
    {
        "type": "message",
        "subtype": "channel_join",
        "ts": "1689788808.540059",
        "user": "U01C63XNDQ8",
        "text": "<@U01C63XNDQ8> has joined the channel",
        "inviter": "U03FWCWLL"
    },
    {
        "type": "message",
        "subtype": "channel_join",
        "ts": "1689788808.598659",
        "user": "U048P9RUFHD",
        "text": "<@U048P9RUFHD> has joined the channel",
        "inviter": "U03FWCWLL"
    },
    {
        "type": "message",
        "subtype": "channel_join",
        "ts": "1689788808.696309",
        "user": "UK2KQLACC",
        "text": "<@UK2KQLACC> has joined the channel",
        "inviter": "U03FWCWLL"
    },
    {
        "type": "message",
        "subtype": "channel_join",
        "ts": "1689788808.753929",
        "user": "U05E4Q5CJJY",
        "text": "<@U05E4Q5CJJY> has joined the channel",
        "inviter": "U03FWCWLL"
    },
    {
        "type": "message",
        "subtype": "channel_join",
        "ts": "1689788808.806179",
        "user": "U05E2BBUNCA",
        "text": "<@U05E2BBUNCA> has joined the channel",
        "inviter": "U03FWCWLL"
    },
    {
        "type": "message",
        "subtype": "channel_join",
        "ts": "1689788808.863909",
        "user": "U05E2BBU3AN",
        "text": "<@U05E2BBU3AN> has joined the channel",
        "inviter": "U03FWCWLL"
    },
    {
        "type": "message",
        "subtype": "channel_join",
        "ts": "1689788840.335309",
        "user": "U02767Y6QHY",
        "text": "<@U02767Y6QHY> has joined the channel",
        "inviter": "U03FWCWLL"
    },
    {
        "type": "message",
        "subtype": "channel_join",
        "ts": "1689788840.448919",
        "user": "U05DZD9DDGV",
        "text": "<@U05DZD9DDGV> has joined the channel",
        "inviter": "U03FWCWLL"
    },
    {
        "type": "message",
        "subtype": "channel_join",
        "ts": "1689788840.575239",
        "user": "U05DMR1NYH5",
        "text": "<@U05DMR1NYH5> has joined the channel",
        "inviter": "U03FWCWLL"
    },
    {
        "type": "message",
        "subtype": "channel_join",
        "ts": "1689788840.679529",
        "user": "U046VDR7X60",
        "text": "<@U046VDR7X60> has joined the channel",
        "inviter": "U03FWCWLL"
    },
    {
        "type": "message",
        "subtype": "channel_join",
        "ts": "1689788840.815039",
        "user": "U1A6L8649",
        "text": "<@U1A6L8649> has joined the channel",
        "inviter": "U03FWCWLL"
    },
    {
        "type": "message",
        "subtype": "channel_join",
        "ts": "1689788840.885559",
        "user": "U02D7GP9FRS",
        "text": "<@U02D7GP9FRS> has joined the channel",
        "inviter": "U03FWCWLL"
    },
    {
        "type": "message",
        "subtype": "channel_join",
        "ts": "1689788840.984399",
        "user": "UUPUC5880",
        "text": "<@UUPUC5880> has joined the channel",
        "inviter": "U03FWCWLL"
    },
    {
        "type": "message",
        "subtype": "channel_join",
        "ts": "1689788841.083579",
        "user": "U5VBQ76G3",
        "text": "<@U5VBQ76G3> has joined the channel",
        "inviter": "U03FWCWLL"
    },
    {
        "type": "message",
        "subtype": "channel_join",
        "ts": "1689788841.151119",
        "user": "U05DVMH0CSJ",
        "text": "<@U05DVMH0CSJ> has joined the channel",
        "inviter": "U03FWCWLL"
    },
    {
        "type": "message",
        "subtype": "channel_join",
        "ts": "1689788841.261619",
        "user": "U01J6S6PP8E",
        "text": "<@U01J6S6PP8E> has joined the channel",
        "inviter": "U03FWCWLL"
    },
    {
        "type": "message",
        "subtype": "channel_join",
        "ts": "1689788841.331539",
        "user": "U05E27TDRC3",
        "text": "<@U05E27TDRC3> has joined the channel",
        "inviter": "U03FWCWLL"
    },
    {
        "type": "message",
        "subtype": "channel_join",
        "ts": "1689788841.436059",
        "user": "U0436S8PYJH",
        "text": "<@U0436S8PYJH> has joined the channel",
        "inviter": "U03FWCWLL"
    },
    {
        "type": "message",
        "subtype": "channel_join",
        "ts": "1689788841.498079",
        "user": "U02D2MEC25P",
        "text": "<@U02D2MEC25P> has joined the channel",
        "inviter": "U03FWCWLL"
    },
    {
        "type": "message",
        "subtype": "channel_join",
        "ts": "1689788841.647109",
        "user": "U048RH7A2BY",
        "text": "<@U048RH7A2BY> has joined the channel",
        "inviter": "U03FWCWLL"
    },
    {
        "type": "message",
        "subtype": "channel_join",
        "ts": "1689788841.718159",
        "user": "UDP9B6K6K",
        "text": "<@UDP9B6K6K> has joined the channel",
        "inviter": "U03FWCWLL"
    },
    {
        "type": "message",
        "subtype": "channel_join",
        "ts": "1689788841.801509",
        "user": "U027JMN1NUR",
        "text": "<@U027JMN1NUR> has joined the channel",
        "inviter": "U03FWCWLL"
    },
    {
        "type": "message",
        "subtype": "channel_join",
        "ts": "1689788841.868479",
        "user": "U05E27TG3EF",
        "text": "<@U05E27TG3EF> has joined the channel",
        "inviter": "U03FWCWLL"
    },
    {
        "type": "message",
        "subtype": "channel_join",
        "ts": "1689788841.965939",
        "user": "UKTFWA4AC",
        "text": "<@UKTFWA4AC> has joined the channel",
        "inviter": "U03FWCWLL"
    },
    {
        "type": "message",
        "subtype": "channel_join",
        "ts": "1689788842.047709",
        "user": "UN4K20264",
        "text": "<@UN4K20264> has joined the channel",
        "inviter": "U03FWCWLL"
    },
    {
        "type": "message",
        "subtype": "channel_join",
        "ts": "1689788842.123989",
        "user": "U0273QC9Q13",
        "text": "<@U0273QC9Q13> has joined the channel",
        "inviter": "U03FWCWLL"
    },
    {
        "type": "message",
        "subtype": "bot_add",
        "text": "added an integration to this channel: <https:\/\/silverkey.slack.com\/services\/B05HFU026BH|incoming-webhook>",
        "user": "U03FWCWLL",
        "bot_id": "B05HFU026BH",
        "bot_link": "<https:\/\/silverkey.slack.com\/services\/B05HFU026BH|incoming-webhook>",
        "ts": "1689822671.201549"
    },
    {
        "type": "message",
        "subtype": "bot_message",
        "text": "Sherifr is away for sometime.",
        "ts": "1689823067.132119",
        "username": "incoming-webhook",
        "bot_id": "B05HFU026BH",
        "blocks": [
            {
                "type": "rich_text",
                "block_id": "Afnb",
                "elements": [
                    {
                        "type": "rich_text_section",
                        "elements": [
                            {
                                "type": "text",
                                "text": "Sherifr is away for sometime."
                            }
                        ]
                    }
                ]
            }
        ]
    },
    {
        "type": "message",
        "subtype": "bot_message",
        "text": "Sherifr is back.",
        "ts": "1689823085.579779",
        "username": "incoming-webhook",
        "bot_id": "B05HFU026BH",
        "blocks": [
            {
                "type": "rich_text",
                "block_id": "CyQx",
                "elements": [
                    {
                        "type": "rich_text_section",
                        "elements": [
                            {
                                "type": "text",
                                "text": "Sherifr is back."
                            }
                        ]
                    }
                ]
            }
        ]
    },
    {
        "type": "message",
        "subtype": "bot_message",
        "text": "Sherifr is away for sometime.",
        "ts": "1689823150.879299",
        "username": "Silverkey Hub",
        "bot_id": "B05HFU026BH",
        "blocks": [
            {
                "type": "rich_text",
                "block_id": "pCG",
                "elements": [
                    {
                        "type": "rich_text_section",
                        "elements": [
                            {
                                "type": "text",
                                "text": "Sherifr is away for sometime."
                            }
                        ]
                    }
                ]
            }
        ]
    },
    {
        "type": "message",
        "subtype": "bot_message",
        "text": "Sherifr is back.",
        "ts": "1689823156.768229",
        "username": "Silverkey Hub",
        "bot_id": "B05HFU026BH",
        "blocks": [
            {
                "type": "rich_text",
                "block_id": "nPIM",
                "elements": [
                    {
                        "type": "rich_text_section",
                        "elements": [
                            {
                                "type": "text",
                                "text": "Sherifr is back."
                            }
                        ]
                    }
                ]
            }
        ]
    },
    {
        "type": "message",
        "subtype": "bot_message",
        "text": "Reham Abdelraheem is finished for today. Away.",
        "ts": "1689825133.286069",
        "username": "Silverkey Hub",
        "bot_id": "B05HFU026BH",
        "blocks": [
            {
                "type": "rich_text",
                "block_id": "iuL",
                "elements": [
                    {
                        "type": "rich_text_section",
                        "elements": [
                            {
                                "type": "text",
                                "text": "Reham Abdelraheem is finished for today. Away."
                            }
                        ]
                    }
                ]
            }
        ]
    },
    {
        "type": "message",
        "subtype": "bot_message",
        "text": "YoussefDarwishh Started to work now.",
        "ts": "1689827259.155799",
        "username": "Silverkey Hub",
        "bot_id": "B05HFU026BH",
        "blocks": [
            {
                "type": "rich_text",
                "block_id": "3rb",
                "elements": [
                    {
                        "type": "rich_text_section",
                        "elements": [
                            {
                                "type": "text",
                                "text": "YoussefDarwishh Started to work now."
                            }
                        ]
                    }
                ]
            }
        ]
    }
]