[
    {
        "client_msg_id": "5bd7d3da-4722-4ec4-8080-05fb854e6eb0",
        "type": "message",
        "text": "working",
        "user": "U05EF0GJ1L1",
        "ts": "1691823777.549559",
        "blocks": [
            {
                "type": "rich_text",
                "block_id": "M2T",
                "elements": [
                    {
                        "type": "rich_text_section",
                        "elements": [
                            {
                                "type": "text",
                                "text": "working"
                            }
                        ]
                    }
                ]
            }
        ],
        "team": "T03FVM0K8",
        "user_team": "T03FVM0K8",
        "source_team": "T03FVM0K8",
        "user_profile": {
            "avatar_hash": "a35e8d11ef4e",
            "image_72": "https:\/\/avatars.slack-edge.com\/2023-07-03\/5543224487760_a35e8d11ef4ea78eb113_72.jpg",
            "first_name": "Taher",
            "real_name": "Taher Matar",
            "display_name": "Taher Matar",
            "team": "T03FVM0K8",
            "name": "tahrmtr45",
            "is_restricted": false,
            "is_ultra_restricted": false
        }
    },
    {
        "type": "message",
        "subtype": "bot_message",
        "text": "Dody Gunawinata is finished for today. Away.",
        "ts": "1691827171.133689",
        "username": "Silverkey Hub",
        "bot_id": "B05HFU026BH",
        "blocks": [
            {
                "type": "rich_text",
                "block_id": "WN6g",
                "elements": [
                    {
                        "type": "rich_text_section",
                        "elements": [
                            {
                                "type": "text",
                                "text": "Dody Gunawinata is finished for today. Away."
                            }
                        ]
                    }
                ]
            }
        ]
    },
    {
        "type": "message",
        "subtype": "bot_message",
        "text": "Dody Gunawinata Started to work now.",
        "ts": "1691827172.606859",
        "username": "Silverkey Hub",
        "bot_id": "B05HFU026BH",
        "blocks": [
            {
                "type": "rich_text",
                "block_id": "SCla",
                "elements": [
                    {
                        "type": "rich_text_section",
                        "elements": [
                            {
                                "type": "text",
                                "text": "Dody Gunawinata Started to work now."
                            }
                        ]
                    }
                ]
            }
        ]
    },
    {
        "type": "message",
        "subtype": "bot_message",
        "text": "Yomna Ragab Started to work now.",
        "ts": "1691835956.111299",
        "username": "Silverkey Hub",
        "bot_id": "B05HFU026BH",
        "blocks": [
            {
                "type": "rich_text",
                "block_id": "pRCXa",
                "elements": [
                    {
                        "type": "rich_text_section",
                        "elements": [
                            {
                                "type": "text",
                                "text": "Yomna Ragab Started to work now."
                            }
                        ]
                    }
                ]
            }
        ]
    },
    {
        "type": "message",
        "subtype": "bot_message",
        "text": "Alaa Elsanteel Started to work now.",
        "ts": "1691836855.046069",
        "username": "Silverkey Hub",
        "bot_id": "B05HFU026BH",
        "blocks": [
            {
                "type": "rich_text",
                "block_id": "8y1yE",
                "elements": [
                    {
                        "type": "rich_text_section",
                        "elements": [
                            {
                                "type": "text",
                                "text": "Alaa Elsanteel Started to work now."
                            }
                        ]
                    }
                ]
            }
        ]
    },
    {
        "type": "message",
        "subtype": "bot_message",
        "text": "Yomna Ragab is finished for today. Away.",
        "ts": "1691856088.498479",
        "username": "Silverkey Hub",
        "bot_id": "B05HFU026BH",
        "blocks": [
            {
                "type": "rich_text",
                "block_id": "rL+m6",
                "elements": [
                    {
                        "type": "rich_text_section",
                        "elements": [
                            {
                                "type": "text",
                                "text": "Yomna Ragab is finished for today. Away."
                            }
                        ]
                    }
                ]
            }
        ]
    },
    {
        "type": "message",
        "subtype": "bot_message",
        "text": "Salma Ahmed Mahfouz Started to work now.",
        "ts": "1691865089.654229",
        "username": "Silverkey Hub",
        "bot_id": "B05HFU026BH",
        "blocks": [
            {
                "type": "rich_text",
                "block_id": "Q\/+hA",
                "elements": [
                    {
                        "type": "rich_text_section",
                        "elements": [
                            {
                                "type": "text",
                                "text": "Salma Ahmed Mahfouz Started to work now."
                            }
                        ]
                    }
                ]
            }
        ]
    },
    {
        "type": "message",
        "subtype": "bot_message",
        "text": "Salma Ahmed Mahfouz is away for sometime.",
        "ts": "1691867571.812479",
        "username": "Silverkey Hub",
        "bot_id": "B05HFU026BH",
        "blocks": [
            {
                "type": "rich_text",
                "block_id": "C20VR",
                "elements": [
                    {
                        "type": "rich_text_section",
                        "elements": [
                            {
                                "type": "text",
                                "text": "Salma Ahmed Mahfouz is away for sometime."
                            }
                        ]
                    }
                ]
            }
        ]
    },
    {
        "type": "message",
        "subtype": "bot_message",
        "text": "Alaa Elsanteel is finished for today. Away.",
        "ts": "1691870191.302859",
        "username": "Silverkey Hub",
        "bot_id": "B05HFU026BH",
        "blocks": [
            {
                "type": "rich_text",
                "block_id": "0qCH",
                "elements": [
                    {
                        "type": "rich_text_section",
                        "elements": [
                            {
                                "type": "text",
                                "text": "Alaa Elsanteel is finished for today. Away."
                            }
                        ]
                    }
                ]
            }
        ]
    },
    {
        "type": "message",
        "subtype": "bot_message",
        "text": "Salma Ahmed Mahfouz is back.",
        "ts": "1691870902.997099",
        "username": "Silverkey Hub",
        "bot_id": "B05HFU026BH",
        "blocks": [
            {
                "type": "rich_text",
                "block_id": "Ig9Z4",
                "elements": [
                    {
                        "type": "rich_text_section",
                        "elements": [
                            {
                                "type": "text",
                                "text": "Salma Ahmed Mahfouz is back."
                            }
                        ]
                    }
                ]
            }
        ]
    },
    {
        "type": "message",
        "subtype": "bot_message",
        "text": "Salma Ahmed Mahfouz is finished for today. Away.",
        "ts": "1691874334.997239",
        "username": "Silverkey Hub",
        "bot_id": "B05HFU026BH",
        "blocks": [
            {
                "type": "rich_text",
                "block_id": "KjL+",
                "elements": [
                    {
                        "type": "rich_text_section",
                        "elements": [
                            {
                                "type": "text",
                                "text": "Salma Ahmed Mahfouz is finished for today. Away."
                            }
                        ]
                    }
                ]
            }
        ]
    },
    {
        "type": "message",
        "subtype": "bot_message",
        "text": "Mazen Amr Started to work now.",
        "ts": "1691877199.245699",
        "username": "Silverkey Hub",
        "bot_id": "B05HFU026BH",
        "blocks": [
            {
                "type": "rich_text",
                "block_id": "sea",
                "elements": [
                    {
                        "type": "rich_text_section",
                        "elements": [
                            {
                                "type": "text",
                                "text": "Mazen Amr Started to work now."
                            }
                        ]
                    }
                ]
            }
        ],
        "thread_ts": "1691877199.245699",
        "reply_count": 1,
        "reply_users_count": 1,
        "latest_reply": "1691877224.209779",
        "reply_users": [
            "U01A2EPV0BA"
        ],
        "replies": [
            {
                "user": "U01A2EPV0BA",
                "ts": "1691877224.209779"
            }
        ],
        "is_locked": false,
        "subscribed": false
    },
    {
        "client_msg_id": "f1e58b55-4318-40b6-98ec-1d69e70e3e08",
        "type": "message",
        "text": "Working for Saturday Aug 12 From 9 PM",
        "user": "U01A2EPV0BA",
        "ts": "1691877224.209779",
        "blocks": [
            {
                "type": "rich_text",
                "block_id": "Ck3",
                "elements": [
                    {
                        "type": "rich_text_section",
                        "elements": [
                            {
                                "type": "text",
                                "text": "Working for Saturday Aug 12 From 9 PM"
                            }
                        ]
                    }
                ]
            }
        ],
        "team": "T03FVM0K8",
        "user_team": "T03FVM0K8",
        "source_team": "T03FVM0K8",
        "user_profile": {
            "avatar_hash": "860223fb2ef4",
            "image_72": "https:\/\/avatars.slack-edge.com\/2023-07-17\/5602073650945_860223fb2ef47e072122_72.jpg",
            "first_name": "Mazen",
            "real_name": "Mazen Amr",
            "display_name": "Mazen",
            "team": "T03FVM0K8",
            "name": "mazena",
            "is_restricted": false,
            "is_ultra_restricted": false
        },
        "thread_ts": "1691877199.245699"
    },
    {
        "type": "message",
        "subtype": "bot_message",
        "text": "Mazen Amr is finished for today. Away.",
        "ts": "1691878589.806209",
        "username": "Silverkey Hub",
        "bot_id": "B05HFU026BH",
        "blocks": [
            {
                "type": "rich_text",
                "block_id": "x04L\/",
                "elements": [
                    {
                        "type": "rich_text_section",
                        "elements": [
                            {
                                "type": "text",
                                "text": "Mazen Amr is finished for today. Away."
                            }
                        ]
                    }
                ]
            }
        ]
    },
    {
        "type": "message",
        "subtype": "bot_message",
        "text": "Mahdy96 Started to work now.",
        "ts": "1691901273.559889",
        "username": "Silverkey Hub",
        "bot_id": "B05HFU026BH",
        "blocks": [
            {
                "type": "rich_text",
                "block_id": "p9Wev",
                "elements": [
                    {
                        "type": "rich_text_section",
                        "elements": [
                            {
                                "type": "text",
                                "text": "Mahdy96 Started to work now."
                            }
                        ]
                    }
                ]
            }
        ],
        "thread_ts": "1691901273.559889",
        "reply_count": 1,
        "reply_users_count": 1,
        "latest_reply": "1691916867.106189",
        "reply_users": [
            "UUB64KVPC"
        ],
        "replies": [
            {
                "user": "UUB64KVPC",
                "ts": "1691916867.106189"
            }
        ],
        "is_locked": false,
        "subscribed": false
    },
    {
        "type": "message",
        "subtype": "bot_message",
        "text": "Amr Zaki is off today.",
        "ts": "1691904077.801459",
        "username": "Silverkey Hub",
        "bot_id": "B05HFU026BH",
        "blocks": [
            {
                "type": "rich_text",
                "block_id": "0\/u",
                "elements": [
                    {
                        "type": "rich_text_section",
                        "elements": [
                            {
                                "type": "text",
                                "text": "Amr Zaki is off today."
                            }
                        ]
                    }
                ]
            }
        ]
    },
    {
        "type": "message",
        "subtype": "bot_message",
        "text": "Yomna Ragab Started to work now.",
        "ts": "1691905385.953389",
        "username": "Silverkey Hub",
        "bot_id": "B05HFU026BH",
        "blocks": [
            {
                "type": "rich_text",
                "block_id": "yWRhc",
                "elements": [
                    {
                        "type": "rich_text_section",
                        "elements": [
                            {
                                "type": "text",
                                "text": "Yomna Ragab Started to work now."
                            }
                        ]
                    }
                ]
            }
        ],
        "thread_ts": "1691905385.953389",
        "reply_count": 1,
        "reply_users_count": 1,
        "latest_reply": "1691923642.839769",
        "reply_users": [
            "U027JMN1NUR"
        ],
        "replies": [
            {
                "user": "U027JMN1NUR",
                "ts": "1691923642.839769"
            }
        ],
        "is_locked": false,
        "subscribed": false
    },
    {
        "type": "message",
        "subtype": "bot_message",
        "text": "Bassel Sharaf is finished for today. Away.",
        "ts": "1691905514.466869",
        "username": "Silverkey Hub",
        "bot_id": "B05HFU026BH",
        "blocks": [
            {
                "type": "rich_text",
                "block_id": "viTb",
                "elements": [
                    {
                        "type": "rich_text_section",
                        "elements": [
                            {
                                "type": "text",
                                "text": "Bassel Sharaf is finished for today. Away."
                            }
                        ]
                    }
                ]
            }
        ]
    },
    {
        "type": "message",
        "subtype": "bot_message",
        "text": "Bassel Sharaf Started to work now.",
        "ts": "1691905515.756659",
        "username": "Silverkey Hub",
        "bot_id": "B05HFU026BH",
        "blocks": [
            {
                "type": "rich_text",
                "block_id": "rnoB",
                "elements": [
                    {
                        "type": "rich_text_section",
                        "elements": [
                            {
                                "type": "text",
                                "text": "Bassel Sharaf Started to work now."
                            }
                        ]
                    }
                ]
            }
        ]
    },
    {
        "type": "message",
        "subtype": "bot_message",
        "text": "Hannah Hatem Started to work now.",
        "ts": "1691905953.037569",
        "username": "Silverkey Hub",
        "bot_id": "B05HFU026BH",
        "blocks": [
            {
                "type": "rich_text",
                "block_id": "VgT",
                "elements": [
                    {
                        "type": "rich_text_section",
                        "elements": [
                            {
                                "type": "text",
                                "text": "Hannah Hatem Started to work now."
                            }
                        ]
                    }
                ]
            }
        ]
    },
    {
        "type": "message",
        "subtype": "bot_message",
        "text": "abdulrahmannady Started to work now.",
        "ts": "1691906284.716049",
        "username": "Silverkey Hub",
        "bot_id": "B05HFU026BH",
        "blocks": [
            {
                "type": "rich_text",
                "block_id": "UOB",
                "elements": [
                    {
                        "type": "rich_text_section",
                        "elements": [
                            {
                                "type": "text",
                                "text": "abdulrahmannady Started to work now."
                            }
                        ]
                    }
                ]
            }
        ]
    },
    {
        "type": "message",
        "subtype": "bot_message",
        "text": "Nouran M Started to work now.",
        "ts": "1691906528.785419",
        "username": "Silverkey Hub",
        "bot_id": "B05HFU026BH",
        "blocks": [
            {
                "type": "rich_text",
                "block_id": "RLFC",
                "elements": [
                    {
                        "type": "rich_text_section",
                        "elements": [
                            {
                                "type": "text",
                                "text": "Nouran M Started to work now."
                            }
                        ]
                    }
                ]
            }
        ]
    },
    {
        "type": "message",
        "subtype": "bot_message",
        "text": "Waleed Muhammed Started to work now.",
        "ts": "1691906727.002519",
        "username": "Silverkey Hub",
        "bot_id": "B05HFU026BH",
        "blocks": [
            {
                "type": "rich_text",
                "block_id": "ZLJN9",
                "elements": [
                    {
                        "type": "rich_text_section",
                        "elements": [
                            {
                                "type": "text",
                                "text": "Waleed Muhammed Started to work now."
                            }
                        ]
                    }
                ]
            }
        ],
        "thread_ts": "1691906727.002519",
        "reply_count": 1,
        "reply_users_count": 1,
        "latest_reply": "1691908763.679539",
        "reply_users": [
            "U034X8927KL"
        ],
        "replies": [
            {
                "user": "U034X8927KL",
                "ts": "1691908763.679539"
            }
        ],
        "is_locked": false,
        "subscribed": false
    },
    {
        "type": "message",
        "subtype": "bot_message",
        "text": "KarimMutwally Started to work now.",
        "ts": "1691906750.593509",
        "username": "Silverkey Hub",
        "bot_id": "B05HFU026BH",
        "blocks": [
            {
                "type": "rich_text",
                "block_id": "G=eAE",
                "elements": [
                    {
                        "type": "rich_text_section",
                        "elements": [
                            {
                                "type": "text",
                                "text": "KarimMutwally Started to work now."
                            }
                        ]
                    }
                ]
            }
        ]
    },
    {
        "type": "message",
        "subtype": "bot_message",
        "text": "Mohamed Abdelrahman Started to work now.",
        "ts": "1691907722.957289",
        "username": "Silverkey Hub",
        "bot_id": "B05HFU026BH",
        "blocks": [
            {
                "type": "rich_text",
                "block_id": "ZAYJ",
                "elements": [
                    {
                        "type": "rich_text_section",
                        "elements": [
                            {
                                "type": "text",
                                "text": "Mohamed Abdelrahman Started to work now."
                            }
                        ]
                    }
                ]
            }
        ]
    },
    {
        "client_msg_id": "487e55f5-1b12-4c1e-a7fb-a755fa987e89",
        "type": "message",
        "text": "THAMM Training",
        "user": "U034X8927KL",
        "ts": "1691908763.679539",
        "blocks": [
            {
                "type": "rich_text",
                "block_id": "06E6",
                "elements": [
                    {
                        "type": "rich_text_section",
                        "elements": [
                            {
                                "type": "text",
                                "text": "THAMM Training"
                            }
                        ]
                    }
                ]
            }
        ],
        "team": "T03FVM0K8",
        "user_team": "T03FVM0K8",
        "source_team": "T03FVM0K8",
        "user_profile": {
            "avatar_hash": "684de3bef77d",
            "image_72": "https:\/\/avatars.slack-edge.com\/2022-03-01\/3169759924613_684de3bef77ded4639f4_72.jpg",
            "first_name": "Waleed",
            "real_name": "Waleed Muhammed",
            "display_name": "Waleed",
            "team": "T03FVM0K8",
            "name": "waleed",
            "is_restricted": false,
            "is_ultra_restricted": false
        },
        "thread_ts": "1691906727.002519"
    },
    {
        "type": "message",
        "subtype": "bot_message",
        "text": "Mohamed Taher Started to work now.",
        "ts": "1691908952.971719",
        "username": "Silverkey Hub",
        "bot_id": "B05HFU026BH",
        "blocks": [
            {
                "type": "rich_text",
                "block_id": "PLJdb",
                "elements": [
                    {
                        "type": "rich_text_section",
                        "elements": [
                            {
                                "type": "text",
                                "text": "Mohamed Taher Started to work now."
                            }
                        ]
                    }
                ]
            }
        ]
    }
]