[
    {
        "client_msg_id": "9d0914d3-97de-4e05-863b-adc66301ef3a",
        "type": "message",
        "text": "Marwan Mostafa Started to work now.",
        "user": "U05DVMH0CSJ",
        "ts": "1690108263.893899",
        "blocks": [
            {
                "type": "rich_text",
                "block_id": "DXy1",
                "elements": [
                    {
                        "type": "rich_text_section",
                        "elements": [
                            {
                                "type": "text",
                                "text": "Marwan Mostafa Started to work now."
                            }
                        ]
                    }
                ]
            }
        ],
        "team": "T03FVM0K8",
        "user_team": "T03FVM0K8",
        "source_team": "T03FVM0K8",
        "user_profile": {
            "avatar_hash": "70317eb722b6",
            "image_72": "https:\/\/avatars.slack-edge.com\/2023-07-08\/5571393485296_70317eb722b630359f41_72.jpg",
            "first_name": "Marwan",
            "real_name": "Marwan Mostafa",
            "display_name": "Marwan Mostafa",
            "team": "T03FVM0K8",
            "name": "marwan62x",
            "is_restricted": false,
            "is_ultra_restricted": false
        }
    },
    {
        "client_msg_id": "ea5ab402-b75f-4489-8829-e3782ceacf02",
        "type": "message",
        "text": "Alaa Elsanteel Started to work now.",
        "user": "U05E2BF528J",
        "ts": "1690109102.399569",
        "blocks": [
            {
                "type": "rich_text",
                "block_id": "gh+",
                "elements": [
                    {
                        "type": "rich_text_section",
                        "elements": [
                            {
                                "type": "text",
                                "text": "Alaa Elsanteel Started to work now."
                            }
                        ]
                    }
                ]
            }
        ],
        "team": "T03FVM0K8",
        "user_team": "T03FVM0K8",
        "source_team": "T03FVM0K8",
        "user_profile": {
            "avatar_hash": "d2d5de7c5b0d",
            "image_72": "https:\/\/avatars.slack-edge.com\/2023-07-07\/5567558046672_d2d5de7c5b0d21bb9f83_72.jpg",
            "first_name": "Alaa",
            "real_name": "Alaa Elsanteel",
            "display_name": "Alaa Elsanteel",
            "team": "T03FVM0K8",
            "name": "elsanteelalaa",
            "is_restricted": false,
            "is_ultra_restricted": false
        },
        "thread_ts": "1690109102.399569",
        "reply_count": 4,
        "reply_users_count": 1,
        "latest_reply": "1690146350.218529",
        "reply_users": [
            "U05E2BF528J"
        ],
        "replies": [
            {
                "user": "U05E2BF528J",
                "ts": "1690124752.283729"
            },
            {
                "user": "U05E2BF528J",
                "ts": "1690132177.382939"
            },
            {
                "user": "U05E2BF528J",
                "ts": "1690142120.501809"
            },
            {
                "user": "U05E2BF528J",
                "ts": "1690146350.218529"
            }
        ],
        "is_locked": false,
        "subscribed": false
    },
    {
        "client_msg_id": "818bb781-fc19-45a5-9dc2-cd878f7d5d04",
        "type": "message",
        "text": "Working",
        "user": "U03FWLKUN",
        "ts": "1690110388.080999",
        "blocks": [
            {
                "type": "rich_text",
                "block_id": "RDO",
                "elements": [
                    {
                        "type": "rich_text_section",
                        "elements": [
                            {
                                "type": "text",
                                "text": "Working"
                            }
                        ]
                    }
                ]
            }
        ],
        "team": "T03FVM0K8",
        "user_team": "T03FVM0K8",
        "source_team": "T03FVM0K8",
        "user_profile": {
            "avatar_hash": "ecda461ff360",
            "image_72": "https:\/\/avatars.slack-edge.com\/2023-07-17\/5583160815062_ecda461ff3606aef5048_72.jpg",
            "first_name": "Amr",
            "real_name": "Amr Ali",
            "display_name": "Amr Ali",
            "team": "T03FVM0K8",
            "name": "amrali",
            "is_restricted": false,
            "is_ultra_restricted": false
        }
    },
    {
        "client_msg_id": "612af010-12b5-4b38-85c3-1cec345534b0",
        "type": "message",
        "text": "working",
        "user": "U05E2BDNG1G",
        "ts": "1690110863.938869",
        "blocks": [
            {
                "type": "rich_text",
                "block_id": "KHiW",
                "elements": [
                    {
                        "type": "rich_text_section",
                        "elements": [
                            {
                                "type": "text",
                                "text": "working"
                            }
                        ]
                    }
                ]
            }
        ],
        "team": "T03FVM0K8",
        "user_team": "T03FVM0K8",
        "source_team": "T03FVM0K8",
        "user_profile": {
            "avatar_hash": "g6f035765112",
            "image_72": "https:\/\/secure.gravatar.com\/avatar\/6f0357651124f1d6b44fa5a6ee8be543.jpg?s=72&d=https%3A%2F%2Fa.slack-edge.com%2Fdf10d%2Fimg%2Favatars%2Fava_0004-72.png",
            "first_name": "Youssef",
            "real_name": "Youssef Hassan Darwish",
            "display_name": "Youssef Hassan Darwish",
            "team": "T03FVM0K8",
            "name": "youssef.darwish03",
            "is_restricted": false,
            "is_ultra_restricted": false
        }
    },
    {
        "client_msg_id": "a5bd05eb-abdc-4e7c-9684-f9dd24294d59",
        "type": "message",
        "text": "Working",
        "user": "U05DZD9DDGV",
        "ts": "1690112576.117559",
        "blocks": [
            {
                "type": "rich_text",
                "block_id": "kuErH",
                "elements": [
                    {
                        "type": "rich_text_section",
                        "elements": [
                            {
                                "type": "text",
                                "text": "Working"
                            }
                        ]
                    }
                ]
            }
        ],
        "team": "T03FVM0K8",
        "user_team": "T03FVM0K8",
        "source_team": "T03FVM0K8",
        "user_profile": {
            "avatar_hash": "g93da47e73c8",
            "image_72": "https:\/\/secure.gravatar.com\/avatar\/93da47e73c8812552e4f7ae07c5fa852.jpg?s=72&d=https%3A%2F%2Fa.slack-edge.com%2Fdf10d%2Fimg%2Favatars%2Fava_0002-72.png",
            "first_name": "Sandra",
            "real_name": "Sandra Hany",
            "display_name": "Sandra Hany",
            "team": "T03FVM0K8",
            "name": "sandrahanyhelmy",
            "is_restricted": false,
            "is_ultra_restricted": false
        }
    },
    {
        "client_msg_id": "9b41ef2c-254f-43a2-8fd2-ea6ca2c8837a",
        "type": "message",
        "text": "working",
        "user": "U05HQPS132N",
        "ts": "1690113261.090959",
        "blocks": [
            {
                "type": "rich_text",
                "block_id": "0e4",
                "elements": [
                    {
                        "type": "rich_text_section",
                        "elements": [
                            {
                                "type": "text",
                                "text": "working"
                            }
                        ]
                    }
                ]
            }
        ],
        "team": "T03FVM0K8",
        "user_team": "T03FVM0K8",
        "source_team": "T03FVM0K8",
        "user_profile": {
            "avatar_hash": "c9839272a6e2",
            "image_72": "https:\/\/avatars.slack-edge.com\/2023-07-23\/5623222043075_c9839272a6e2dbc05459_72.jpg",
            "first_name": "Pierre",
            "real_name": "Pierre Amir Bassily",
            "display_name": "Pierre Amir Bassily",
            "team": "T03FVM0K8",
            "name": "pierrebassily",
            "is_restricted": false,
            "is_ultra_restricted": false
        }
    },
    {
        "client_msg_id": "b07a9de7-9998-409e-8b63-eed7e47fca4f",
        "type": "message",
        "text": "Working",
        "user": "U05DMR335M5",
        "ts": "1690115075.272409",
        "blocks": [
            {
                "type": "rich_text",
                "block_id": "Nyc",
                "elements": [
                    {
                        "type": "rich_text_section",
                        "elements": [
                            {
                                "type": "text",
                                "text": "Working"
                            }
                        ]
                    }
                ]
            }
        ],
        "team": "T03FVM0K8",
        "user_team": "T03FVM0K8",
        "source_team": "T03FVM0K8",
        "user_profile": {
            "avatar_hash": "dac03a565684",
            "image_72": "https:\/\/avatars.slack-edge.com\/2023-06-29\/5487657812647_dac03a565684066ebf62_72.png",
            "first_name": "Rofayda",
            "real_name": "Rofayda Bassem",
            "display_name": "",
            "team": "T03FVM0K8",
            "name": "rofaydabassem",
            "is_restricted": false,
            "is_ultra_restricted": false
        }
    },
    {
        "client_msg_id": "50e2d84d-e69d-4755-ad96-f5e93a92d0ab",
        "type": "message",
        "text": "Working",
        "user": "U01A2EPV0BA",
        "ts": "1690121510.824209",
        "blocks": [
            {
                "type": "rich_text",
                "block_id": "ssNZ",
                "elements": [
                    {
                        "type": "rich_text_section",
                        "elements": [
                            {
                                "type": "text",
                                "text": "Working"
                            }
                        ]
                    }
                ]
            }
        ],
        "team": "T03FVM0K8",
        "user_team": "T03FVM0K8",
        "source_team": "T03FVM0K8",
        "user_profile": {
            "avatar_hash": "860223fb2ef4",
            "image_72": "https:\/\/avatars.slack-edge.com\/2023-07-17\/5602073650945_860223fb2ef47e072122_72.jpg",
            "first_name": "Mazen",
            "real_name": "Mazen Amr",
            "display_name": "Mazen",
            "team": "T03FVM0K8",
            "name": "mazena",
            "is_restricted": false,
            "is_ultra_restricted": false
        },
        "thread_ts": "1690121510.824209",
        "reply_count": 1,
        "reply_users_count": 1,
        "latest_reply": "1690169737.000609",
        "reply_users": [
            "U01A2EPV0BA"
        ],
        "replies": [
            {
                "user": "U01A2EPV0BA",
                "ts": "1690169737.000609"
            }
        ],
        "is_locked": false,
        "subscribed": false
    },
    {
        "client_msg_id": "95510c6d-69a4-4582-979a-455f842724ea",
        "type": "message",
        "text": "away",
        "user": "U05HQPS132N",
        "ts": "1690121582.527149",
        "blocks": [
            {
                "type": "rich_text",
                "block_id": "dAwf4",
                "elements": [
                    {
                        "type": "rich_text_section",
                        "elements": [
                            {
                                "type": "text",
                                "text": "away"
                            }
                        ]
                    }
                ]
            }
        ],
        "team": "T03FVM0K8",
        "user_team": "T03FVM0K8",
        "source_team": "T03FVM0K8",
        "user_profile": {
            "avatar_hash": "c9839272a6e2",
            "image_72": "https:\/\/avatars.slack-edge.com\/2023-07-23\/5623222043075_c9839272a6e2dbc05459_72.jpg",
            "first_name": "Pierre",
            "real_name": "Pierre Amir Bassily",
            "display_name": "Pierre Amir Bassily",
            "team": "T03FVM0K8",
            "name": "pierrebassily",
            "is_restricted": false,
            "is_ultra_restricted": false
        }
    },
    {
        "client_msg_id": "33ec4841-c703-4ea5-a268-3ba2ddd5a9af",
        "type": "message",
        "text": "away",
        "user": "U05E2BF528J",
        "ts": "1690124752.283729",
        "blocks": [
            {
                "type": "rich_text",
                "block_id": "lxG",
                "elements": [
                    {
                        "type": "rich_text_section",
                        "elements": [
                            {
                                "type": "text",
                                "text": "away"
                            }
                        ]
                    }
                ]
            }
        ],
        "team": "T03FVM0K8",
        "user_team": "T03FVM0K8",
        "source_team": "T03FVM0K8",
        "user_profile": {
            "avatar_hash": "d2d5de7c5b0d",
            "image_72": "https:\/\/avatars.slack-edge.com\/2023-07-07\/5567558046672_d2d5de7c5b0d21bb9f83_72.jpg",
            "first_name": "Alaa",
            "real_name": "Alaa Elsanteel",
            "display_name": "Alaa Elsanteel",
            "team": "T03FVM0K8",
            "name": "elsanteelalaa",
            "is_restricted": false,
            "is_ultra_restricted": false
        },
        "thread_ts": "1690109102.399569",
        "parent_user_id": "U05E2BF528J"
    },
    {
        "type": "message",
        "subtype": "bot_message",
        "text": "nourhanhelmy1 Started to work now.",
        "ts": "1690125319.140559",
        "username": "Silverkey Hub",
        "bot_id": "B05HFU026BH",
        "blocks": [
            {
                "type": "rich_text",
                "block_id": "FOV",
                "elements": [
                    {
                        "type": "rich_text_section",
                        "elements": [
                            {
                                "type": "text",
                                "text": "nourhanhelmy1 Started to work now."
                            }
                        ]
                    }
                ]
            }
        ]
    },
    {
        "type": "message",
        "subtype": "bot_message",
        "text": "Alaa Elsanteel Started to work now.",
        "ts": "1690127311.561549",
        "username": "Silverkey Hub",
        "bot_id": "B05HFU026BH",
        "blocks": [
            {
                "type": "rich_text",
                "block_id": "Ghr2",
                "elements": [
                    {
                        "type": "rich_text_section",
                        "elements": [
                            {
                                "type": "text",
                                "text": "Alaa Elsanteel Started to work now."
                            }
                        ]
                    }
                ]
            }
        ]
    },
    {
        "type": "message",
        "subtype": "bot_message",
        "text": "MGenidyO is back.",
        "ts": "1690127865.617159",
        "username": "Silverkey Hub",
        "bot_id": "B05HFU026BH",
        "blocks": [
            {
                "type": "rich_text",
                "block_id": "GRCf",
                "elements": [
                    {
                        "type": "rich_text_section",
                        "elements": [
                            {
                                "type": "text",
                                "text": "MGenidyO is back."
                            }
                        ]
                    }
                ]
            }
        ]
    },
    {
        "type": "message",
        "subtype": "bot_message",
        "text": "MGenidyO is finished for today. Away.",
        "ts": "1690127882.364549",
        "username": "Silverkey Hub",
        "bot_id": "B05HFU026BH",
        "blocks": [
            {
                "type": "rich_text",
                "block_id": "yF6x",
                "elements": [
                    {
                        "type": "rich_text_section",
                        "elements": [
                            {
                                "type": "text",
                                "text": "MGenidyO is finished for today. Away."
                            }
                        ]
                    }
                ]
            }
        ]
    },
    {
        "client_msg_id": "f0ac8076-78b0-432e-ae44-85f8bb0e42b0",
        "type": "message",
        "text": "working from 5:45 and away now",
        "user": "UDDJGP5CL",
        "ts": "1690129603.719919",
        "blocks": [
            {
                "type": "rich_text",
                "block_id": "xxX",
                "elements": [
                    {
                        "type": "rich_text_section",
                        "elements": [
                            {
                                "type": "text",
                                "text": "working from 5:45 and away now"
                            }
                        ]
                    }
                ]
            }
        ],
        "team": "T03FVM0K8",
        "user_team": "T03FVM0K8",
        "source_team": "T03FVM0K8",
        "user_profile": {
            "avatar_hash": "037560a56aad",
            "image_72": "https:\/\/avatars.slack-edge.com\/2023-07-17\/5613165629632_037560a56aad6a6cde14_72.jpg",
            "first_name": "Mohammed",
            "real_name": "Mohammed Genidy Omera",
            "display_name": "",
            "team": "T03FVM0K8",
            "name": "mohammedo",
            "is_restricted": false,
            "is_ultra_restricted": false
        },
        "thread_ts": "1690129603.719919",
        "reply_count": 2,
        "reply_users_count": 1,
        "latest_reply": "1690137783.197779",
        "reply_users": [
            "UDDJGP5CL"
        ],
        "replies": [
            {
                "user": "UDDJGP5CL",
                "ts": "1690133092.551159"
            },
            {
                "user": "UDDJGP5CL",
                "ts": "1690137783.197779"
            }
        ],
        "is_locked": false,
        "subscribed": false
    },
    {
        "type": "message",
        "subtype": "bot_message",
        "text": "Amr Tealeb Started to work now.",
        "ts": "1690130111.676419",
        "username": "Silverkey Hub",
        "bot_id": "B05HFU026BH",
        "blocks": [
            {
                "type": "rich_text",
                "block_id": "vYpe",
                "elements": [
                    {
                        "type": "rich_text_section",
                        "elements": [
                            {
                                "type": "text",
                                "text": "Amr Tealeb Started to work now."
                            }
                        ]
                    }
                ]
            }
        ]
    },
    {
        "type": "message",
        "subtype": "bot_message",
        "text": "Amr Tealeb is finished for today. Away.",
        "ts": "1690130136.750769",
        "username": "Silverkey Hub",
        "bot_id": "B05HFU026BH",
        "blocks": [
            {
                "type": "rich_text",
                "block_id": "c4cb",
                "elements": [
                    {
                        "type": "rich_text_section",
                        "elements": [
                            {
                                "type": "text",
                                "text": "Amr Tealeb is finished for today. Away."
                            }
                        ]
                    }
                ]
            }
        ]
    },
    {
        "client_msg_id": "71ff999b-a85b-4962-8867-97e311a7f770",
        "type": "message",
        "text": "back",
        "user": "U05E2BF528J",
        "ts": "1690132177.382939",
        "blocks": [
            {
                "type": "rich_text",
                "block_id": "MCez",
                "elements": [
                    {
                        "type": "rich_text_section",
                        "elements": [
                            {
                                "type": "text",
                                "text": "back"
                            }
                        ]
                    }
                ]
            }
        ],
        "team": "T03FVM0K8",
        "user_team": "T03FVM0K8",
        "source_team": "T03FVM0K8",
        "user_profile": {
            "avatar_hash": "d2d5de7c5b0d",
            "image_72": "https:\/\/avatars.slack-edge.com\/2023-07-07\/5567558046672_d2d5de7c5b0d21bb9f83_72.jpg",
            "first_name": "Alaa",
            "real_name": "Alaa Elsanteel",
            "display_name": "Alaa Elsanteel",
            "team": "T03FVM0K8",
            "name": "elsanteelalaa",
            "is_restricted": false,
            "is_ultra_restricted": false
        },
        "thread_ts": "1690109102.399569",
        "parent_user_id": "U05E2BF528J"
    },
    {
        "client_msg_id": "ebb3b03a-2eb7-465a-b508-aaf0bbc421a6",
        "type": "message",
        "text": "back",
        "user": "UDDJGP5CL",
        "ts": "1690133092.551159",
        "blocks": [
            {
                "type": "rich_text",
                "block_id": "cWO8I",
                "elements": [
                    {
                        "type": "rich_text_section",
                        "elements": [
                            {
                                "type": "text",
                                "text": "back"
                            }
                        ]
                    }
                ]
            }
        ],
        "team": "T03FVM0K8",
        "user_team": "T03FVM0K8",
        "source_team": "T03FVM0K8",
        "user_profile": {
            "avatar_hash": "037560a56aad",
            "image_72": "https:\/\/avatars.slack-edge.com\/2023-07-17\/5613165629632_037560a56aad6a6cde14_72.jpg",
            "first_name": "Mohammed",
            "real_name": "Mohammed Genidy Omera",
            "display_name": "",
            "team": "T03FVM0K8",
            "name": "mohammedo",
            "is_restricted": false,
            "is_ultra_restricted": false
        },
        "thread_ts": "1690129603.719919",
        "parent_user_id": "UDDJGP5CL"
    },
    {
        "client_msg_id": "3d109880-29f7-4d6e-a349-bc38d7c2fa6c",
        "type": "message",
        "text": "away",
        "user": "UDDJGP5CL",
        "ts": "1690137783.197779",
        "blocks": [
            {
                "type": "rich_text",
                "block_id": "aGycX",
                "elements": [
                    {
                        "type": "rich_text_section",
                        "elements": [
                            {
                                "type": "text",
                                "text": "away"
                            }
                        ]
                    }
                ]
            }
        ],
        "team": "T03FVM0K8",
        "user_team": "T03FVM0K8",
        "source_team": "T03FVM0K8",
        "user_profile": {
            "avatar_hash": "037560a56aad",
            "image_72": "https:\/\/avatars.slack-edge.com\/2023-07-17\/5613165629632_037560a56aad6a6cde14_72.jpg",
            "first_name": "Mohammed",
            "real_name": "Mohammed Genidy Omera",
            "display_name": "",
            "team": "T03FVM0K8",
            "name": "mohammedo",
            "is_restricted": false,
            "is_ultra_restricted": false
        },
        "thread_ts": "1690129603.719919",
        "parent_user_id": "UDDJGP5CL"
    },
    {
        "type": "message",
        "subtype": "bot_message",
        "text": "merhanhesham Started to work now.",
        "ts": "1690138569.065139",
        "username": "Silverkey Hub",
        "bot_id": "B05HFU026BH",
        "blocks": [
            {
                "type": "rich_text",
                "block_id": "3U\/",
                "elements": [
                    {
                        "type": "rich_text_section",
                        "elements": [
                            {
                                "type": "text",
                                "text": "merhanhesham Started to work now."
                            }
                        ]
                    }
                ]
            }
        ]
    },
    {
        "type": "message",
        "subtype": "bot_message",
        "text": "yasminazcodes Started to work now.",
        "ts": "1690139842.962649",
        "username": "Silverkey Hub",
        "bot_id": "B05HFU026BH",
        "blocks": [
            {
                "type": "rich_text",
                "block_id": "3MU2",
                "elements": [
                    {
                        "type": "rich_text_section",
                        "elements": [
                            {
                                "type": "text",
                                "text": "yasminazcodes Started to work now."
                            }
                        ]
                    }
                ]
            }
        ]
    },
    {
        "type": "message",
        "subtype": "bot_message",
        "text": "Alaa Elsanteel is away for sometime.",
        "ts": "1690142111.907719",
        "username": "Silverkey Hub",
        "bot_id": "B05HFU026BH",
        "blocks": [
            {
                "type": "rich_text",
                "block_id": "To\/",
                "elements": [
                    {
                        "type": "rich_text_section",
                        "elements": [
                            {
                                "type": "text",
                                "text": "Alaa Elsanteel is away for sometime."
                            }
                        ]
                    }
                ]
            }
        ]
    },
    {
        "client_msg_id": "b42073d4-d6fa-4c15-ba4e-c603f37f47d3",
        "type": "message",
        "text": "away",
        "user": "U05E2BF528J",
        "ts": "1690142120.501809",
        "blocks": [
            {
                "type": "rich_text",
                "block_id": "CwH",
                "elements": [
                    {
                        "type": "rich_text_section",
                        "elements": [
                            {
                                "type": "text",
                                "text": "away"
                            }
                        ]
                    }
                ]
            }
        ],
        "team": "T03FVM0K8",
        "user_team": "T03FVM0K8",
        "source_team": "T03FVM0K8",
        "user_profile": {
            "avatar_hash": "d2d5de7c5b0d",
            "image_72": "https:\/\/avatars.slack-edge.com\/2023-07-07\/5567558046672_d2d5de7c5b0d21bb9f83_72.jpg",
            "first_name": "Alaa",
            "real_name": "Alaa Elsanteel",
            "display_name": "Alaa Elsanteel",
            "team": "T03FVM0K8",
            "name": "elsanteelalaa",
            "is_restricted": false,
            "is_ultra_restricted": false
        },
        "thread_ts": "1690109102.399569",
        "parent_user_id": "U05E2BF528J"
    },
    {
        "type": "message",
        "subtype": "bot_message",
        "text": "Salma Ahmed Mahfouz is back.",
        "ts": "1690145440.238339",
        "username": "Silverkey Hub",
        "bot_id": "B05HFU026BH",
        "blocks": [
            {
                "type": "rich_text",
                "block_id": "Qht",
                "elements": [
                    {
                        "type": "rich_text_section",
                        "elements": [
                            {
                                "type": "text",
                                "text": "Salma Ahmed Mahfouz is back."
                            }
                        ]
                    }
                ]
            }
        ]
    },
    {
        "type": "message",
        "subtype": "bot_message",
        "text": "Alaa Elsanteel is back.",
        "ts": "1690146346.522989",
        "username": "Silverkey Hub",
        "bot_id": "B05HFU026BH",
        "blocks": [
            {
                "type": "rich_text",
                "block_id": "r5M",
                "elements": [
                    {
                        "type": "rich_text_section",
                        "elements": [
                            {
                                "type": "text",
                                "text": "Alaa Elsanteel is back."
                            }
                        ]
                    }
                ]
            }
        ]
    },
    {
        "client_msg_id": "f0ab86fb-fe6b-4b97-9aa0-13ba85c37ed5",
        "type": "message",
        "text": "back",
        "user": "U05E2BF528J",
        "ts": "1690146350.218529",
        "blocks": [
            {
                "type": "rich_text",
                "block_id": "E4Q6M",
                "elements": [
                    {
                        "type": "rich_text_section",
                        "elements": [
                            {
                                "type": "text",
                                "text": "back"
                            }
                        ]
                    }
                ]
            }
        ],
        "team": "T03FVM0K8",
        "user_team": "T03FVM0K8",
        "source_team": "T03FVM0K8",
        "user_profile": {
            "avatar_hash": "d2d5de7c5b0d",
            "image_72": "https:\/\/avatars.slack-edge.com\/2023-07-07\/5567558046672_d2d5de7c5b0d21bb9f83_72.jpg",
            "first_name": "Alaa",
            "real_name": "Alaa Elsanteel",
            "display_name": "Alaa Elsanteel",
            "team": "T03FVM0K8",
            "name": "elsanteelalaa",
            "is_restricted": false,
            "is_ultra_restricted": false
        },
        "thread_ts": "1690109102.399569",
        "parent_user_id": "U05E2BF528J"
    },
    {
        "client_msg_id": "411d57fc-3476-49c5-9e07-691ab6f3b076",
        "type": "message",
        "text": "Marwan Mostafa is finished for today. Away.",
        "user": "U05DVMH0CSJ",
        "ts": "1690146622.422779",
        "blocks": [
            {
                "type": "rich_text",
                "block_id": "3i7",
                "elements": [
                    {
                        "type": "rich_text_section",
                        "elements": [
                            {
                                "type": "text",
                                "text": "Marwan Mostafa is finished for today. Away."
                            }
                        ]
                    }
                ]
            }
        ],
        "team": "T03FVM0K8",
        "user_team": "T03FVM0K8",
        "source_team": "T03FVM0K8",
        "user_profile": {
            "avatar_hash": "70317eb722b6",
            "image_72": "https:\/\/avatars.slack-edge.com\/2023-07-08\/5571393485296_70317eb722b630359f41_72.jpg",
            "first_name": "Marwan",
            "real_name": "Marwan Mostafa",
            "display_name": "Marwan Mostafa",
            "team": "T03FVM0K8",
            "name": "marwan62x",
            "is_restricted": false,
            "is_ultra_restricted": false
        }
    },
    {
        "type": "message",
        "subtype": "bot_message",
        "text": "Salma Ahmed Mahfouz is away for sometime.",
        "ts": "1690149456.663239",
        "username": "Silverkey Hub",
        "bot_id": "B05HFU026BH",
        "blocks": [
            {
                "type": "rich_text",
                "block_id": "lEKtj",
                "elements": [
                    {
                        "type": "rich_text_section",
                        "elements": [
                            {
                                "type": "text",
                                "text": "Salma Ahmed Mahfouz is away for sometime."
                            }
                        ]
                    }
                ]
            }
        ]
    },
    {
        "type": "message",
        "subtype": "bot_message",
        "text": "Salma Ahmed Mahfouz is back.",
        "ts": "1690151480.135919",
        "username": "Silverkey Hub",
        "bot_id": "B05HFU026BH",
        "blocks": [
            {
                "type": "rich_text",
                "block_id": "6F25",
                "elements": [
                    {
                        "type": "rich_text_section",
                        "elements": [
                            {
                                "type": "text",
                                "text": "Salma Ahmed Mahfouz is back."
                            }
                        ]
                    }
                ]
            }
        ]
    },
    {
        "type": "message",
        "subtype": "bot_message",
        "text": "Alaa Elsanteel is finished for today. Away.",
        "ts": "1690155490.108809",
        "username": "Silverkey Hub",
        "bot_id": "B05HFU026BH",
        "blocks": [
            {
                "type": "rich_text",
                "block_id": "g6rS0",
                "elements": [
                    {
                        "type": "rich_text_section",
                        "elements": [
                            {
                                "type": "text",
                                "text": "Alaa Elsanteel is finished for today. Away."
                            }
                        ]
                    }
                ]
            }
        ]
    },
    {
        "type": "message",
        "subtype": "bot_message",
        "text": "yasminazcodes is away for sometime.",
        "ts": "1690155995.493359",
        "username": "Silverkey Hub",
        "bot_id": "B05HFU026BH",
        "blocks": [
            {
                "type": "rich_text",
                "block_id": "nYkX",
                "elements": [
                    {
                        "type": "rich_text_section",
                        "elements": [
                            {
                                "type": "text",
                                "text": "yasminazcodes is away for sometime."
                            }
                        ]
                    }
                ]
            }
        ]
    },
    {
        "type": "message",
        "subtype": "bot_message",
        "text": "abdulrahmanMs Started to work now.",
        "ts": "1690157672.493559",
        "username": "Silverkey Hub",
        "bot_id": "B05HFU026BH",
        "blocks": [
            {
                "type": "rich_text",
                "block_id": "AK3B2",
                "elements": [
                    {
                        "type": "rich_text_section",
                        "elements": [
                            {
                                "type": "text",
                                "text": "abdulrahmanMs Started to work now."
                            }
                        ]
                    }
                ]
            }
        ]
    },
    {
        "type": "message",
        "subtype": "bot_message",
        "text": "yasminazcodes is back.",
        "ts": "1690160171.564309",
        "username": "Silverkey Hub",
        "bot_id": "B05HFU026BH",
        "blocks": [
            {
                "type": "rich_text",
                "block_id": "x8z38",
                "elements": [
                    {
                        "type": "rich_text_section",
                        "elements": [
                            {
                                "type": "text",
                                "text": "yasminazcodes is back."
                            }
                        ]
                    }
                ]
            }
        ]
    },
    {
        "client_msg_id": "0507b35d-2d12-4024-b3d7-7976ca9a2fa5",
        "type": "message",
        "text": "away",
        "user": "U05DMR335M5",
        "ts": "1690161679.450759",
        "blocks": [
            {
                "type": "rich_text",
                "block_id": "BBNz",
                "elements": [
                    {
                        "type": "rich_text_section",
                        "elements": [
                            {
                                "type": "text",
                                "text": "away"
                            }
                        ]
                    }
                ]
            }
        ],
        "team": "T03FVM0K8",
        "user_team": "T03FVM0K8",
        "source_team": "T03FVM0K8",
        "user_profile": {
            "avatar_hash": "dac03a565684",
            "image_72": "https:\/\/avatars.slack-edge.com\/2023-06-29\/5487657812647_dac03a565684066ebf62_72.png",
            "first_name": "Rofayda",
            "real_name": "Rofayda Bassem",
            "display_name": "",
            "team": "T03FVM0K8",
            "name": "rofaydabassem",
            "is_restricted": false,
            "is_ultra_restricted": false
        }
    },
    {
        "type": "message",
        "subtype": "bot_message",
        "text": "merhanhesham is finished for today. Away.",
        "ts": "1690162319.802189",
        "username": "Silverkey Hub",
        "bot_id": "B05HFU026BH",
        "blocks": [
            {
                "type": "rich_text",
                "block_id": "DoSpf",
                "elements": [
                    {
                        "type": "rich_text_section",
                        "elements": [
                            {
                                "type": "text",
                                "text": "merhanhesham is finished for today. Away."
                            }
                        ]
                    }
                ]
            }
        ]
    },
    {
        "type": "message",
        "subtype": "bot_message",
        "text": "Salma Ahmed Mahfouz is away for sometime.",
        "ts": "1690166291.532329",
        "username": "Silverkey Hub",
        "bot_id": "B05HFU026BH",
        "blocks": [
            {
                "type": "rich_text",
                "block_id": "fxBC=",
                "elements": [
                    {
                        "type": "rich_text_section",
                        "elements": [
                            {
                                "type": "text",
                                "text": "Salma Ahmed Mahfouz is away for sometime."
                            }
                        ]
                    }
                ]
            }
        ]
    },
    {
        "type": "message",
        "subtype": "bot_message",
        "text": "Salma Ahmed Mahfouz is back.",
        "ts": "1690167195.995999",
        "username": "Silverkey Hub",
        "bot_id": "B05HFU026BH",
        "blocks": [
            {
                "type": "rich_text",
                "block_id": "xUQbR",
                "elements": [
                    {
                        "type": "rich_text_section",
                        "elements": [
                            {
                                "type": "text",
                                "text": "Salma Ahmed Mahfouz is back."
                            }
                        ]
                    }
                ]
            }
        ]
    },
    {
        "type": "message",
        "subtype": "bot_message",
        "text": "manarrn Started to work now.",
        "ts": "1690168957.178279",
        "username": "Silverkey Hub",
        "bot_id": "B05HFU026BH",
        "blocks": [
            {
                "type": "rich_text",
                "block_id": "WDa+",
                "elements": [
                    {
                        "type": "rich_text_section",
                        "elements": [
                            {
                                "type": "text",
                                "text": "manarrn Started to work now."
                            }
                        ]
                    }
                ]
            }
        ]
    },
    {
        "type": "message",
        "subtype": "bot_message",
        "text": "abdulrahmanMs is away for sometime.",
        "ts": "1690169419.885829",
        "username": "Silverkey Hub",
        "bot_id": "B05HFU026BH",
        "blocks": [
            {
                "type": "rich_text",
                "block_id": "BodwQ",
                "elements": [
                    {
                        "type": "rich_text_section",
                        "elements": [
                            {
                                "type": "text",
                                "text": "abdulrahmanMs is away for sometime."
                            }
                        ]
                    }
                ]
            }
        ]
    },
    {
        "client_msg_id": "0824c244-c0af-45cf-aabc-f08d53fbd4f6",
        "type": "message",
        "text": "Away",
        "user": "U01A2EPV0BA",
        "ts": "1690169737.000609",
        "blocks": [
            {
                "type": "rich_text",
                "block_id": "8psm",
                "elements": [
                    {
                        "type": "rich_text_section",
                        "elements": [
                            {
                                "type": "text",
                                "text": "Away"
                            }
                        ]
                    }
                ]
            }
        ],
        "team": "T03FVM0K8",
        "user_team": "T03FVM0K8",
        "source_team": "T03FVM0K8",
        "user_profile": {
            "avatar_hash": "860223fb2ef4",
            "image_72": "https:\/\/avatars.slack-edge.com\/2023-07-17\/5602073650945_860223fb2ef47e072122_72.jpg",
            "first_name": "Mazen",
            "real_name": "Mazen Amr",
            "display_name": "Mazen",
            "team": "T03FVM0K8",
            "name": "mazena",
            "is_restricted": false,
            "is_ultra_restricted": false
        },
        "thread_ts": "1690121510.824209",
        "parent_user_id": "U01A2EPV0BA"
    },
    {
        "type": "message",
        "subtype": "bot_message",
        "text": "Mohamed Taher is finished for today. Away.",
        "ts": "1690172571.370219",
        "username": "Silverkey Hub",
        "bot_id": "B05HFU026BH",
        "blocks": [
            {
                "type": "rich_text",
                "block_id": "APnFo",
                "elements": [
                    {
                        "type": "rich_text_section",
                        "elements": [
                            {
                                "type": "text",
                                "text": "Mohamed Taher is finished for today. Away."
                            }
                        ]
                    }
                ]
            }
        ]
    },
    {
        "type": "message",
        "subtype": "bot_message",
        "text": "Mohamed Taher Started to work now.",
        "ts": "1690172605.339159",
        "username": "Silverkey Hub",
        "bot_id": "B05HFU026BH",
        "blocks": [
            {
                "type": "rich_text",
                "block_id": "joSKo",
                "elements": [
                    {
                        "type": "rich_text_section",
                        "elements": [
                            {
                                "type": "text",
                                "text": "Mohamed Taher Started to work now."
                            }
                        ]
                    }
                ]
            }
        ]
    },
    {
        "type": "message",
        "subtype": "bot_message",
        "text": "Mohamed Magdy Started to work now.",
        "ts": "1690174393.640189",
        "username": "Silverkey Hub",
        "bot_id": "B05HFU026BH",
        "blocks": [
            {
                "type": "rich_text",
                "block_id": "KTd3q",
                "elements": [
                    {
                        "type": "rich_text_section",
                        "elements": [
                            {
                                "type": "text",
                                "text": "Mohamed Magdy Started to work now."
                            }
                        ]
                    }
                ]
            }
        ],
        "thread_ts": "1690174393.640189",
        "reply_count": 1,
        "reply_users_count": 1,
        "latest_reply": "1690174438.584959",
        "reply_users": [
            "UASMV9W7N"
        ],
        "replies": [
            {
                "user": "UASMV9W7N",
                "ts": "1690174438.584959"
            }
        ],
        "is_locked": false,
        "subscribed": false
    },
    {
        "client_msg_id": "7A75F907-40CF-483D-BDF0-2992324E6F38",
        "type": "message",
        "text": "onsite meeting at Taly.",
        "user": "UASMV9W7N",
        "ts": "1690174438.584959",
        "blocks": [
            {
                "type": "rich_text",
                "block_id": "SOnG",
                "elements": [
                    {
                        "type": "rich_text_section",
                        "elements": [
                            {
                                "type": "text",
                                "text": "onsite meeting at Taly."
                            }
                        ]
                    }
                ]
            }
        ],
        "team": "T03FVM0K8",
        "user_team": "T03FVM0K8",
        "source_team": "T03FVM0K8",
        "user_profile": {
            "avatar_hash": "69dcb4073f2f",
            "image_72": "https:\/\/avatars.slack-edge.com\/2023-07-08\/5560161003857_69dcb4073f2f7c5f6175_72.png",
            "first_name": "Mohamed",
            "real_name": "Mohamed Magdy",
            "display_name": "Mohamed Magdy",
            "team": "T03FVM0K8",
            "name": "mohamedm",
            "is_restricted": false,
            "is_ultra_restricted": false
        },
        "thread_ts": "1690174393.640189"
    },
    {
        "type": "message",
        "subtype": "bot_message",
        "text": "manarrn is away for sometime.",
        "ts": "1690175199.028159",
        "username": "Silverkey Hub",
        "bot_id": "B05HFU026BH",
        "blocks": [
            {
                "type": "rich_text",
                "block_id": "pu\/",
                "elements": [
                    {
                        "type": "rich_text_section",
                        "elements": [
                            {
                                "type": "text",
                                "text": "manarrn is away for sometime."
                            }
                        ]
                    }
                ]
            }
        ]
    },
    {
        "type": "message",
        "subtype": "bot_message",
        "text": "Mahdy96 Started to work now.",
        "ts": "1690175384.332919",
        "username": "Silverkey Hub",
        "bot_id": "B05HFU026BH",
        "blocks": [
            {
                "type": "rich_text",
                "block_id": "mkqWl",
                "elements": [
                    {
                        "type": "rich_text_section",
                        "elements": [
                            {
                                "type": "text",
                                "text": "Mahdy96 Started to work now."
                            }
                        ]
                    }
                ]
            }
        ]
    },
    {
        "type": "message",
        "subtype": "bot_message",
        "text": "YoussefDarwishh Started to work now.",
        "ts": "1690175690.770999",
        "username": "Silverkey Hub",
        "bot_id": "B05HFU026BH",
        "blocks": [
            {
                "type": "rich_text",
                "block_id": "i9FX",
                "elements": [
                    {
                        "type": "rich_text_section",
                        "elements": [
                            {
                                "type": "text",
                                "text": "YoussefDarwishh Started to work now."
                            }
                        ]
                    }
                ]
            }
        ]
    },
    {
        "type": "message",
        "subtype": "bot_message",
        "text": "Millania Sameh Milad Bebawy is finished for today. Away.",
        "ts": "1690177908.489069",
        "username": "Silverkey Hub",
        "bot_id": "B05HFU026BH",
        "blocks": [
            {
                "type": "rich_text",
                "block_id": "epJn",
                "elements": [
                    {
                        "type": "rich_text_section",
                        "elements": [
                            {
                                "type": "text",
                                "text": "Millania Sameh Milad Bebawy is finished for today. Away."
                            }
                        ]
                    }
                ]
            }
        ]
    },
    {
        "type": "message",
        "subtype": "bot_message",
        "text": "Millania Sameh Milad Bebawy Started to work now.",
        "ts": "1690177916.202019",
        "username": "Silverkey Hub",
        "bot_id": "B05HFU026BH",
        "blocks": [
            {
                "type": "rich_text",
                "block_id": "QGT",
                "elements": [
                    {
                        "type": "rich_text_section",
                        "elements": [
                            {
                                "type": "text",
                                "text": "Millania Sameh Milad Bebawy Started to work now."
                            }
                        ]
                    }
                ]
            }
        ]
    },
    {
        "type": "message",
        "subtype": "bot_message",
        "text": "AhmadGadallah2000 is back.",
        "ts": "1690178094.401719",
        "username": "Silverkey Hub",
        "bot_id": "B05HFU026BH",
        "blocks": [
            {
                "type": "rich_text",
                "block_id": "dm0",
                "elements": [
                    {
                        "type": "rich_text_section",
                        "elements": [
                            {
                                "type": "text",
                                "text": "AhmadGadallah2000 is back."
                            }
                        ]
                    }
                ]
            }
        ]
    },
    {
        "type": "message",
        "subtype": "bot_message",
        "text": "Nouran M Started to work now.",
        "ts": "1690178574.725559",
        "username": "Silverkey Hub",
        "bot_id": "B05HFU026BH",
        "blocks": [
            {
                "type": "rich_text",
                "block_id": "lNg",
                "elements": [
                    {
                        "type": "rich_text_section",
                        "elements": [
                            {
                                "type": "text",
                                "text": "Nouran M Started to work now."
                            }
                        ]
                    }
                ]
            }
        ]
    },
    {
        "type": "message",
        "subtype": "bot_message",
        "text": "Sherifr is finished for today. Away.",
        "ts": "1690179081.534579",
        "username": "Silverkey Hub",
        "bot_id": "B05HFU026BH",
        "blocks": [
            {
                "type": "rich_text",
                "block_id": "fl1Qc",
                "elements": [
                    {
                        "type": "rich_text_section",
                        "elements": [
                            {
                                "type": "text",
                                "text": "Sherifr is finished for today. Away."
                            }
                        ]
                    }
                ]
            }
        ]
    },
    {
        "type": "message",
        "subtype": "bot_message",
        "text": "Sherifr Started to work now.",
        "ts": "1690179108.929569",
        "username": "Silverkey Hub",
        "bot_id": "B05HFU026BH",
        "blocks": [
            {
                "type": "rich_text",
                "block_id": "abd",
                "elements": [
                    {
                        "type": "rich_text_section",
                        "elements": [
                            {
                                "type": "text",
                                "text": "Sherifr Started to work now."
                            }
                        ]
                    }
                ]
            }
        ]
    },
    {
        "type": "message",
        "subtype": "bot_message",
        "text": "Reham Abdelraheem Started to work now.",
        "ts": "1690179835.488409",
        "username": "Silverkey Hub",
        "bot_id": "B05HFU026BH",
        "blocks": [
            {
                "type": "rich_text",
                "block_id": "umjfX",
                "elements": [
                    {
                        "type": "rich_text_section",
                        "elements": [
                            {
                                "type": "text",
                                "text": "Reham Abdelraheem Started to work now."
                            }
                        ]
                    }
                ]
            }
        ]
    },
    {
        "type": "message",
        "subtype": "bot_message",
        "text": "Salma Ahmed Mahfouz is away for sometime.",
        "ts": "1690181011.501589",
        "username": "Silverkey Hub",
        "bot_id": "B05HFU026BH",
        "blocks": [
            {
                "type": "rich_text",
                "block_id": "74Kfr",
                "elements": [
                    {
                        "type": "rich_text_section",
                        "elements": [
                            {
                                "type": "text",
                                "text": "Salma Ahmed Mahfouz is away for sometime."
                            }
                        ]
                    }
                ]
            }
        ]
    },
    {
        "type": "message",
        "subtype": "bot_message",
        "text": "Bassem-Adel-Eg Started to work now.",
        "ts": "1690181336.782269",
        "username": "Silverkey Hub",
        "bot_id": "B05HFU026BH",
        "blocks": [
            {
                "type": "rich_text",
                "block_id": "PVC",
                "elements": [
                    {
                        "type": "rich_text_section",
                        "elements": [
                            {
                                "type": "text",
                                "text": "Bassem-Adel-Eg Started to work now."
                            }
                        ]
                    }
                ]
            }
        ]
    },
    {
        "type": "message",
        "subtype": "bot_message",
        "text": "Mohamed Abdelrahman Started to work now.",
        "ts": "1690181350.903039",
        "username": "Silverkey Hub",
        "bot_id": "B05HFU026BH",
        "blocks": [
            {
                "type": "rich_text",
                "block_id": "elv2",
                "elements": [
                    {
                        "type": "rich_text_section",
                        "elements": [
                            {
                                "type": "text",
                                "text": "Mohamed Abdelrahman Started to work now."
                            }
                        ]
                    }
                ]
            }
        ]
    }
]