[
    {
        "type": "message",
        "subtype": "bot_message",
        "text": "Mahy Started to work now.",
        "ts": "1692345007.081659",
        "username": "Silverkey Hub",
        "bot_id": "B05HFU026BH",
        "blocks": [
            {
                "type": "rich_text",
                "block_id": "o7h5s",
                "elements": [
                    {
                        "type": "rich_text_section",
                        "elements": [
                            {
                                "type": "text",
                                "text": "Mahy Started to work now."
                            }
                        ]
                    }
                ]
            }
        ]
    },
    {
        "type": "message",
        "subtype": "bot_message",
        "text": "Mariam Essam Ghanem is off today.",
        "ts": "1692357461.123439",
        "username": "Silverkey Hub",
        "bot_id": "B05HFU026BH",
        "blocks": [
            {
                "type": "rich_text",
                "block_id": "1c0K",
                "elements": [
                    {
                        "type": "rich_text_section",
                        "elements": [
                            {
                                "type": "text",
                                "text": "Mariam Essam Ghanem is off today."
                            }
                        ]
                    }
                ]
            }
        ]
    },
    {
        "type": "message",
        "subtype": "bot_message",
        "text": "Sherifr Started to work now.",
        "ts": "1692361745.700139",
        "username": "Silverkey Hub",
        "bot_id": "B05HFU026BH",
        "blocks": [
            {
                "type": "rich_text",
                "block_id": "FFTU",
                "elements": [
                    {
                        "type": "rich_text_section",
                        "elements": [
                            {
                                "type": "text",
                                "text": "Sherifr Started to work now."
                            }
                        ]
                    }
                ]
            }
        ]
    },
    {
        "type": "message",
        "subtype": "bot_message",
        "text": "Rofaydaaa Started to work now.",
        "ts": "1692362300.862269",
        "username": "Silverkey Hub",
        "bot_id": "B05HFU026BH",
        "blocks": [
            {
                "type": "rich_text",
                "block_id": "C2U",
                "elements": [
                    {
                        "type": "rich_text_section",
                        "elements": [
                            {
                                "type": "text",
                                "text": "Rofaydaaa Started to work now."
                            }
                        ]
                    }
                ]
            }
        ]
    },
    {
        "type": "message",
        "subtype": "bot_message",
        "text": "Mahy is away for sometime.",
        "ts": "1692363267.860519",
        "username": "Silverkey Hub",
        "bot_id": "B05HFU026BH",
        "blocks": [
            {
                "type": "rich_text",
                "block_id": "quJ",
                "elements": [
                    {
                        "type": "rich_text_section",
                        "elements": [
                            {
                                "type": "text",
                                "text": "Mahy is away for sometime."
                            }
                        ]
                    }
                ]
            }
        ]
    },
    {
        "type": "message",
        "subtype": "bot_message",
        "text": "yasminazcodes Started to work now.",
        "ts": "1692380557.728809",
        "username": "Silverkey Hub",
        "bot_id": "B05HFU026BH",
        "blocks": [
            {
                "type": "rich_text",
                "block_id": "qXR",
                "elements": [
                    {
                        "type": "rich_text_section",
                        "elements": [
                            {
                                "type": "text",
                                "text": "yasminazcodes Started to work now."
                            }
                        ]
                    }
                ]
            }
        ]
    },
    {
        "type": "message",
        "subtype": "bot_message",
        "text": "Alaa Elsanteel is finished for today. Away.",
        "ts": "1692383982.660059",
        "username": "Silverkey Hub",
        "bot_id": "B05HFU026BH",
        "blocks": [
            {
                "type": "rich_text",
                "block_id": "0JL",
                "elements": [
                    {
                        "type": "rich_text_section",
                        "elements": [
                            {
                                "type": "text",
                                "text": "Alaa Elsanteel is finished for today. Away."
                            }
                        ]
                    }
                ]
            }
        ]
    },
    {
        "type": "message",
        "subtype": "bot_message",
        "text": "Alaa Elsanteel Started to work now.",
        "ts": "1692383984.142179",
        "username": "Silverkey Hub",
        "bot_id": "B05HFU026BH",
        "blocks": [
            {
                "type": "rich_text",
                "block_id": "L4tNn",
                "elements": [
                    {
                        "type": "rich_text_section",
                        "elements": [
                            {
                                "type": "text",
                                "text": "Alaa Elsanteel Started to work now."
                            }
                        ]
                    }
                ]
            }
        ]
    },
    {
        "type": "message",
        "subtype": "bot_message",
        "text": "Sherifr is finished for today. Away.",
        "ts": "1692388835.772169",
        "username": "Silverkey Hub",
        "bot_id": "B05HFU026BH",
        "blocks": [
            {
                "type": "rich_text",
                "block_id": "ajh",
                "elements": [
                    {
                        "type": "rich_text_section",
                        "elements": [
                            {
                                "type": "text",
                                "text": "Sherifr is finished for today. Away."
                            }
                        ]
                    }
                ]
            }
        ]
    },
    {
        "type": "message",
        "subtype": "bot_message",
        "text": "yasminazcodes is away for sometime.",
        "ts": "1692388986.633049",
        "username": "Silverkey Hub",
        "bot_id": "B05HFU026BH",
        "blocks": [
            {
                "type": "rich_text",
                "block_id": "zEbq6",
                "elements": [
                    {
                        "type": "rich_text_section",
                        "elements": [
                            {
                                "type": "text",
                                "text": "yasminazcodes is away for sometime."
                            }
                        ]
                    }
                ]
            }
        ]
    },
    {
        "type": "message",
        "subtype": "bot_message",
        "text": "yasminazcodes is back.",
        "ts": "1692390510.451959",
        "username": "Silverkey Hub",
        "bot_id": "B05HFU026BH",
        "blocks": [
            {
                "type": "rich_text",
                "block_id": "IregK",
                "elements": [
                    {
                        "type": "rich_text_section",
                        "elements": [
                            {
                                "type": "text",
                                "text": "yasminazcodes is back."
                            }
                        ]
                    }
                ]
            }
        ]
    },
    {
        "type": "message",
        "subtype": "bot_message",
        "text": "Mahy is back.",
        "ts": "1692393599.044259",
        "username": "Silverkey Hub",
        "bot_id": "B05HFU026BH",
        "blocks": [
            {
                "type": "rich_text",
                "block_id": "q=JRT",
                "elements": [
                    {
                        "type": "rich_text_section",
                        "elements": [
                            {
                                "type": "text",
                                "text": "Mahy is back."
                            }
                        ]
                    }
                ]
            }
        ]
    },
    {
        "type": "message",
        "subtype": "bot_message",
        "text": "Alaa Elsanteel is finished for today. Away.",
        "ts": "1692393673.019899",
        "username": "Silverkey Hub",
        "bot_id": "B05HFU026BH",
        "blocks": [
            {
                "type": "rich_text",
                "block_id": "Ij0yj",
                "elements": [
                    {
                        "type": "rich_text_section",
                        "elements": [
                            {
                                "type": "text",
                                "text": "Alaa Elsanteel is finished for today. Away."
                            }
                        ]
                    }
                ]
            }
        ]
    },
    {
        "type": "message",
        "subtype": "bot_message",
        "text": "Mahy is finished for today. Away.",
        "ts": "1692393789.454619",
        "username": "Silverkey Hub",
        "bot_id": "B05HFU026BH",
        "blocks": [
            {
                "type": "rich_text",
                "block_id": "c1q",
                "elements": [
                    {
                        "type": "rich_text_section",
                        "elements": [
                            {
                                "type": "text",
                                "text": "Mahy is finished for today. Away."
                            }
                        ]
                    }
                ]
            }
        ]
    },
    {
        "type": "message",
        "subtype": "bot_message",
        "text": "Rofaydaaa is finished for today. Away.",
        "ts": "1692396804.720199",
        "username": "Silverkey Hub",
        "bot_id": "B05HFU026BH",
        "blocks": [
            {
                "type": "rich_text",
                "block_id": "\/ixNp",
                "elements": [
                    {
                        "type": "rich_text_section",
                        "elements": [
                            {
                                "type": "text",
                                "text": "Rofaydaaa is finished for today. Away."
                            }
                        ]
                    }
                ]
            }
        ]
    },
    {
        "type": "message",
        "subtype": "bot_message",
        "text": "Hannah Hatem Started to work now.",
        "ts": "1692423325.423089",
        "username": "Silverkey Hub",
        "bot_id": "B05HFU026BH",
        "blocks": [
            {
                "type": "rich_text",
                "block_id": "Dq+",
                "elements": [
                    {
                        "type": "rich_text_section",
                        "elements": [
                            {
                                "type": "text",
                                "text": "Hannah Hatem Started to work now."
                            }
                        ]
                    }
                ]
            }
        ]
    }
]