[
    {
        "bot_id": "B01U774L6SJ",
        "type": "message",
        "text": "",
        "user": "U01UE6SLDMH",
        "ts": "1691313495.709829",
        "app_id": "A01BP7R4KNY",
        "team": "T03FVM0K8",
        "bot_profile": {
            "id": "B01U774L6SJ",
            "app_id": "A01BP7R4KNY",
            "name": "GitHub",
            "icons": {
                "image_36": "https:\/\/avatars.slack-edge.com\/2020-11-25\/1527503386626_319578f21381f9641cd8_36.png",
                "image_48": "https:\/\/avatars.slack-edge.com\/2020-11-25\/1527503386626_319578f21381f9641cd8_48.png",
                "image_72": "https:\/\/avatars.slack-edge.com\/2020-11-25\/1527503386626_319578f21381f9641cd8_72.png"
            },
            "deleted": false,
            "updated": 1618484049,
            "team_id": "T03FVM0K8"
        },
        "edited": {
            "user": "B01U774L6SJ",
            "ts": "1692803262.000000"
        },
        "attachments": [
            {
                "id": 1,
                "footer_icon": "https:\/\/slack.github.com\/static\/img\/favicon-neutral.png",
                "ts": 1691313493,
                "color": "36a64f",
                "fallback": "[silverkeytech\/inspection] Issue opened by Mennanabilh",
                "text": "☑︎ Change the hover color for the primary button (#AB634B)\n☑︎ Increase row size in tables\n☑︎ One row is gray and one is white\n☑︎ Add a down arrow for management in the sidebar\n☑︎ Increase space between management list’s item\n☑︎ Align the date left int the homepage\n☑︎ Change the color of the main titles to brown(#6C4E3D)\n☑︎ Decrease space between Cairo and the line above it on the homepage (welcome section)\n☑︎ Add background gray under the filters section(#F8F9FA)\n☑︎ Add background under welcome section and make it in the center of it(#F8F9FA)\n☐ Add a title above tables and the new button in the same line as the title",
                "pretext": "Issue created by <https:\/\/github.com\/Mennanabilh|Mennanabilh>",
                "title": "<https:\/\/github.com\/silverkeytech\/inspection\/issues\/274|#274 inspection UI comments #1>",
                "callback_id": "issue-opened-interaction",
                "footer": "<https:\/\/github.com\/silverkeytech\/inspection|silverkeytech\/inspection>",
                "fields": [
                    {
                        "value": "<https:\/\/github.com\/AhmadGadallah2000|@AhmadGadallah2000>",
                        "title": "Assignees",
                        "short": true
                    }
                ],
                "mrkdwn_in": [
                    "text"
                ],
                "actions": [
                    {
                        "id": "1",
                        "name": "comment",
                        "text": "Comment",
                        "type": "button",
                        "value": "{&amp;amp;quot;selectedOrg&amp;amp;quot;:&amp;amp;quot;silverkeytech&amp;amp;quot;,&amp;amp;quot;selectedOrgId&amp;amp;quot;:109834,&amp;amp;quot;selectedRepo&amp;amp;quot;:&amp;amp;quot;inspection&amp;amp;quot;,&amp;amp;quot;selectedRepoId&amp;amp;quot;:331566987,&amp;amp;quot;issueNumber&amp;amp;quot;:274,&amp;amp;quot;issueHtmlUrl&amp;amp;quot;:&amp;amp;quot;https:\/\/github.com\/silverkeytech\/inspection\/issues\/274&amp;amp;quot;,&amp;amp;quot;issueTitle&amp;amp;quot;:&amp;amp;quot;inspection UI comments #1&amp;amp;quot;}",
                        "style": ""
                    },
                    {
                        "id": "2",
                        "name": "edit",
                        "text": "Edit",
                        "type": "button",
                        "value": "{&amp;amp;quot;selectedOrg&amp;amp;quot;:&amp;amp;quot;silverkeytech&amp;amp;quot;,&amp;amp;quot;selectedOrgId&amp;amp;quot;:109834,&amp;amp;quot;selectedRepo&amp;amp;quot;:&amp;amp;quot;inspection&amp;amp;quot;,&amp;amp;quot;selectedRepoId&amp;amp;quot;:331566987,&amp;amp;quot;issueNumber&amp;amp;quot;:274,&amp;amp;quot;issueHtmlUrl&amp;amp;quot;:&amp;amp;quot;https:\/\/github.com\/silverkeytech\/inspection\/issues\/274&amp;amp;quot;,&amp;amp;quot;issueTitle&amp;amp;quot;:&amp;amp;quot;inspection UI comments #1&amp;amp;quot;}",
                        "style": ""
                    },
                    {
                        "id": "3",
                        "name": "close",
                        "text": "Close",
                        "type": "button",
                        "value": "{&amp;amp;quot;selectedOrg&amp;amp;quot;:&amp;amp;quot;silverkeytech&amp;amp;quot;,&amp;amp;quot;selectedOrgId&amp;amp;quot;:109834,&amp;amp;quot;selectedRepo&amp;amp;quot;:&amp;amp;quot;inspection&amp;amp;quot;,&amp;amp;quot;selectedRepoId&amp;amp;quot;:331566987,&amp;amp;quot;issueNumber&amp;amp;quot;:274,&amp;amp;quot;issueHtmlUrl&amp;amp;quot;:&amp;amp;quot;https:\/\/github.com\/silverkeytech\/inspection\/issues\/274&amp;amp;quot;,&amp;amp;quot;issueTitle&amp;amp;quot;:&amp;amp;quot;inspection UI comments #1&amp;amp;quot;}",
                        "style": "danger"
                    }
                ]
            }
        ]
    }
]