[
    {
        "bot_id": "B01U774L6SJ",
        "type": "message",
        "text": "",
        "user": "U01UE6SLDMH",
        "ts": "1690456950.032159",
        "app_id": "A01BP7R4KNY",
        "team": "T03FVM0K8",
        "bot_profile": {
            "id": "B01U774L6SJ",
            "app_id": "A01BP7R4KNY",
            "name": "GitHub",
            "icons": {
                "image_36": "https:\/\/avatars.slack-edge.com\/2020-11-25\/1527503386626_319578f21381f9641cd8_36.png",
                "image_48": "https:\/\/avatars.slack-edge.com\/2020-11-25\/1527503386626_319578f21381f9641cd8_48.png",
                "image_72": "https:\/\/avatars.slack-edge.com\/2020-11-25\/1527503386626_319578f21381f9641cd8_72.png"
            },
            "deleted": false,
            "updated": 1618484049,
            "team_id": "T03FVM0K8"
        },
        "attachments": [
            {
                "id": 1,
                "footer_icon": "https:\/\/slack.github.com\/static\/img\/favicon-neutral.png",
                "color": "24292f",
                "fallback": "[silverkeytech\/inspection] 3 new commits pushed to _main_ by sherifr212",
                "text": "`<https:\/\/github.com\/silverkeytech\/inspection\/commit\/1ee39a21eebd70d13937d92b47697de334adf5ac|1ee39a21>` - ..\n`<https:\/\/github.com\/silverkeytech\/inspection\/commit\/413a8807a272b8128462db95966490920b438d39|413a8807>` - Merge branch 'main' of <https:\/\/github.com\/silverkeytech\/inspection>\n`<https:\/\/github.com\/silverkeytech\/inspection\/commit\/fc2db99bfd6d403cc0b14b03d9419275a5bc18cd|fc2db99b>` - Revert \"..\"",
                "pretext": "<https:\/\/github.com\/silverkeytech\/inspection\/compare\/4397cc63a29e...fc2db99bfd6d|3 new commits> pushed to `<https:\/\/github.com\/silverkeytech\/inspection\/tree\/main|main>` by <https:\/\/github.com\/sherifr212|sherifr212>",
                "footer": "<https:\/\/github.com\/silverkeytech\/inspection|silverkeytech\/inspection>",
                "mrkdwn_in": [
                    "text"
                ]
            }
        ]
    }
]