[
    {
        "bot_id": "B01U774L6SJ",
        "type": "message",
        "text": "",
        "user": "U01UE6SLDMH",
        "ts": "1690389928.192859",
        "app_id": "A01BP7R4KNY",
        "team": "T03FVM0K8",
        "bot_profile": {
            "id": "B01U774L6SJ",
            "app_id": "A01BP7R4KNY",
            "name": "GitHub",
            "icons": {
                "image_36": "https:\/\/avatars.slack-edge.com\/2020-11-25\/1527503386626_319578f21381f9641cd8_36.png",
                "image_48": "https:\/\/avatars.slack-edge.com\/2020-11-25\/1527503386626_319578f21381f9641cd8_48.png",
                "image_72": "https:\/\/avatars.slack-edge.com\/2020-11-25\/1527503386626_319578f21381f9641cd8_72.png"
            },
            "deleted": false,
            "updated": 1618484049,
            "team_id": "T03FVM0K8"
        },
        "edited": {
            "user": "B01U774L6SJ",
            "ts": "1690389955.000000"
        },
        "attachments": [
            {
                "id": 1,
                "footer_icon": "https:\/\/slack.github.com\/static\/img\/favicon-neutral.png",
                "ts": 1690389924,
                "color": "cb2431",
                "fallback": "[silverkeytech\/inspection] Pull request opened by AhmadGadallah2000",
                "pretext": "Pull request opened by <https:\/\/github.com\/AhmadGadallah2000|AhmadGadallah2000>",
                "title": "<https:\/\/github.com\/silverkeytech\/inspection\/pull\/272|#272 new bootstrap files and new references>",
                "callback_id": "pr-opened-interaction",
                "footer": "<https:\/\/github.com\/silverkeytech\/inspection|silverkeytech\/inspection>",
                "mrkdwn_in": [
                    "text"
                ],
                "actions": [
                    {
                        "id": "1",
                        "name": "comment",
                        "text": "Comment",
                        "type": "button",
                        "value": "{&amp;amp;quot;selectedOrg&amp;amp;quot;:&amp;amp;quot;silverkeytech&amp;amp;quot;,&amp;amp;quot;selectedOrgId&amp;amp;quot;:109834,&amp;amp;quot;selectedRepo&amp;amp;quot;:&amp;amp;quot;inspection&amp;amp;quot;,&amp;amp;quot;selectedRepoId&amp;amp;quot;:331566987,&amp;amp;quot;number&amp;amp;quot;:272,&amp;amp;quot;htmlUrl&amp;amp;quot;:&amp;amp;quot;https:\/\/github.com\/silverkeytech\/inspection\/pull\/272&amp;amp;quot;,&amp;amp;quot;title&amp;amp;quot;:&amp;amp;quot;new bootstrap files and new references&amp;amp;quot;}",
                        "style": ""
                    }
                ]
            }
        ],
        "thread_ts": "1690389928.192859",
        "reply_count": 1,
        "reply_users_count": 1,
        "latest_reply": "1690389955.250829",
        "reply_users": [
            "U01UE6SLDMH"
        ],
        "replies": [
            {
                "user": "U01UE6SLDMH",
                "ts": "1690389955.250829"
            }
        ],
        "is_locked": false,
        "subscribed": false
    },
    {
        "type": "message",
        "subtype": "thread_broadcast",
        "text": "",
        "bot_id": "B01U774L6SJ",
        "ts": "1690389955.250829",
        "thread_ts": "1690389928.192859",
        "root": {
            "bot_id": "B01U774L6SJ",
            "type": "message",
            "text": "",
            "user": "U01UE6SLDMH",
            "ts": "1690389928.192859",
            "app_id": "A01BP7R4KNY",
            "team": "T03FVM0K8",
            "bot_profile": {
                "id": "B01U774L6SJ",
                "app_id": "A01BP7R4KNY",
                "name": "GitHub",
                "icons": {
                    "image_36": "https:\/\/avatars.slack-edge.com\/2020-11-25\/1527503386626_319578f21381f9641cd8_36.png",
                    "image_48": "https:\/\/avatars.slack-edge.com\/2020-11-25\/1527503386626_319578f21381f9641cd8_48.png",
                    "image_72": "https:\/\/avatars.slack-edge.com\/2020-11-25\/1527503386626_319578f21381f9641cd8_72.png"
                },
                "deleted": false,
                "updated": 1618484049,
                "team_id": "T03FVM0K8"
            },
            "edited": {
                "user": "B01U774L6SJ",
                "ts": "1690389955.000000"
            },
            "attachments": [
                {
                    "id": 1,
                    "footer_icon": "https:\/\/slack.github.com\/static\/img\/favicon-neutral.png",
                    "ts": 1690389924,
                    "color": "cb2431",
                    "fallback": "[silverkeytech\/inspection] Pull request opened by AhmadGadallah2000",
                    "pretext": "Pull request opened by <https:\/\/github.com\/AhmadGadallah2000|AhmadGadallah2000>",
                    "title": "<https:\/\/github.com\/silverkeytech\/inspection\/pull\/272|#272 new bootstrap files and new references>",
                    "callback_id": "pr-opened-interaction",
                    "footer": "<https:\/\/github.com\/silverkeytech\/inspection|silverkeytech\/inspection>",
                    "mrkdwn_in": [
                        "text"
                    ],
                    "actions": [
                        {
                            "id": "1",
                            "name": "comment",
                            "text": "Comment",
                            "type": "button",
                            "value": "{&amp;amp;quot;selectedOrg&amp;amp;quot;:&amp;amp;quot;silverkeytech&amp;amp;quot;,&amp;amp;quot;selectedOrgId&amp;amp;quot;:109834,&amp;amp;quot;selectedRepo&amp;amp;quot;:&amp;amp;quot;inspection&amp;amp;quot;,&amp;amp;quot;selectedRepoId&amp;amp;quot;:331566987,&amp;amp;quot;number&amp;amp;quot;:272,&amp;amp;quot;htmlUrl&amp;amp;quot;:&amp;amp;quot;https:\/\/github.com\/silverkeytech\/inspection\/pull\/272&amp;amp;quot;,&amp;amp;quot;title&amp;amp;quot;:&amp;amp;quot;new bootstrap files and new references&amp;amp;quot;}",
                            "style": ""
                        }
                    ]
                }
            ],
            "thread_ts": "1690389928.192859",
            "reply_count": 1,
            "reply_users_count": 1,
            "latest_reply": "1690389955.250829",
            "reply_users": [
                "U01UE6SLDMH"
            ],
            "replies": [
                {
                    "user": "U01UE6SLDMH",
                    "ts": "1690389955.250829"
                }
            ],
            "is_locked": false,
            "subscribed": false
        },
        "app_id": "A01BP7R4KNY",
        "attachments": [
            {
                "id": 1,
                "footer_icon": "https:\/\/slack.github.com\/static\/img\/favicon-neutral.png",
                "ts": 1690389924,
                "color": "cb2431",
                "fallback": "[silverkeytech\/inspection] Pull request closed by AhmadGadallah2000",
                "pretext": "Pull request closed by <https:\/\/github.com\/AhmadGadallah2000|AhmadGadallah2000>",
                "title": "<https:\/\/github.com\/silverkeytech\/inspection\/pull\/272|#272 new bootstrap files and new references>",
                "footer": "<https:\/\/github.com\/silverkeytech\/inspection|silverkeytech\/inspection>"
            }
        ]
    }
]