[
    {
        "bot_id": "B01U774L6SJ",
        "type": "message",
        "text": "",
        "user": "U01UE6SLDMH",
        "ts": "1689780087.370419",
        "app_id": "A01BP7R4KNY",
        "team": "T03FVM0K8",
        "bot_profile": {
            "id": "B01U774L6SJ",
            "app_id": "A01BP7R4KNY",
            "name": "GitHub",
            "icons": {
                "image_36": "https:\/\/avatars.slack-edge.com\/2020-11-25\/1527503386626_319578f21381f9641cd8_36.png",
                "image_48": "https:\/\/avatars.slack-edge.com\/2020-11-25\/1527503386626_319578f21381f9641cd8_48.png",
                "image_72": "https:\/\/avatars.slack-edge.com\/2020-11-25\/1527503386626_319578f21381f9641cd8_72.png"
            },
            "deleted": false,
            "updated": 1618484049,
            "team_id": "T03FVM0K8"
        },
        "attachments": [
            {
                "id": 1,
                "footer_icon": "https:\/\/slack.github.com\/static\/img\/favicon-neutral.png",
                "color": "24292f",
                "fallback": "[silverkeytech\/inspection] 1 new commit pushed to _main_ by AmrTealeb",
                "text": "`<https:\/\/github.com\/silverkeytech\/inspection\/commit\/4397cc63a29e9498ac67cd3ec6847216fd670864|4397cc63>` - Add data protection servicie to statrup",
                "pretext": "<https:\/\/github.com\/silverkeytech\/inspection\/compare\/094954a11d24...4397cc63a29e|1 new commit> pushed to `<https:\/\/github.com\/silverkeytech\/inspection\/tree\/main|main>` by <https:\/\/github.com\/AmrTealeb|AmrTealeb>",
                "footer": "<https:\/\/github.com\/silverkeytech\/inspection|silverkeytech\/inspection>",
                "mrkdwn_in": [
                    "text"
                ]
            }
        ]
    }
]