[
    {
        "bot_id": "B01U774L6SJ",
        "type": "message",
        "text": "",
        "user": "U01UE6SLDMH",
        "ts": "1691512121.100139",
        "app_id": "A01BP7R4KNY",
        "team": "T03FVM0K8",
        "bot_profile": {
            "id": "B01U774L6SJ",
            "app_id": "A01BP7R4KNY",
            "name": "GitHub",
            "icons": {
                "image_36": "https:\/\/avatars.slack-edge.com\/2020-11-25\/1527503386626_319578f21381f9641cd8_36.png",
                "image_48": "https:\/\/avatars.slack-edge.com\/2020-11-25\/1527503386626_319578f21381f9641cd8_48.png",
                "image_72": "https:\/\/avatars.slack-edge.com\/2020-11-25\/1527503386626_319578f21381f9641cd8_72.png"
            },
            "deleted": false,
            "updated": 1618484049,
            "team_id": "T03FVM0K8"
        },
        "edited": {
            "user": "B01U774L6SJ",
            "ts": "1691512242.000000"
        },
        "attachments": [
            {
                "id": 1,
                "footer_icon": "https:\/\/slack.github.com\/static\/img\/favicon-neutral.png",
                "ts": 1691512119,
                "color": "6f42c1",
                "fallback": "[silverkeytech\/thamm] Pull request opened by KarimMutwally",
                "pretext": "Pull request opened by <https:\/\/github.com\/KarimMutwally|KarimMutwally>",
                "title": "<https:\/\/github.com\/silverkeytech\/thamm\/pull\/1265|#1265 Fix cdn links>",
                "callback_id": "pr-opened-interaction",
                "footer": "<https:\/\/github.com\/silverkeytech\/thamm|silverkeytech\/thamm>",
                "mrkdwn_in": [
                    "text"
                ],
                "actions": [
                    {
                        "id": "1",
                        "name": "comment",
                        "text": "Comment",
                        "type": "button",
                        "value": "{&amp;amp;quot;selectedOrg&amp;amp;quot;:&amp;amp;quot;silverkeytech&amp;amp;quot;,&amp;amp;quot;selectedOrgId&amp;amp;quot;:109834,&amp;amp;quot;selectedRepo&amp;amp;quot;:&amp;amp;quot;thamm&amp;amp;quot;,&amp;amp;quot;selectedRepoId&amp;amp;quot;:405577871,&amp;amp;quot;number&amp;amp;quot;:1265,&amp;amp;quot;htmlUrl&amp;amp;quot;:&amp;amp;quot;https:\/\/github.com\/silverkeytech\/thamm\/pull\/1265&amp;amp;quot;,&amp;amp;quot;title&amp;amp;quot;:&amp;amp;quot;Fix cdn links&amp;amp;quot;}",
                        "style": ""
                    }
                ]
            },
            {
                "id": 2,
                "color": "28a745",
                "fallback": "All checks have passed",
                "text": ":white_check_mark: All checks have passed",
                "footer": "1\/1 successful checks"
            }
        ],
        "thread_ts": "1691512121.100139",
        "reply_count": 1,
        "reply_users_count": 1,
        "latest_reply": "1691512242.482369",
        "reply_users": [
            "U01UE6SLDMH"
        ],
        "replies": [
            {
                "user": "U01UE6SLDMH",
                "ts": "1691512242.482369"
            }
        ],
        "is_locked": false,
        "subscribed": false
    },
    {
        "bot_id": "B01U774L6SJ",
        "type": "message",
        "text": "",
        "user": "U01UE6SLDMH",
        "ts": "1691512241.361889",
        "app_id": "A01BP7R4KNY",
        "team": "T03FVM0K8",
        "bot_profile": {
            "id": "B01U774L6SJ",
            "app_id": "A01BP7R4KNY",
            "name": "GitHub",
            "icons": {
                "image_36": "https:\/\/avatars.slack-edge.com\/2020-11-25\/1527503386626_319578f21381f9641cd8_36.png",
                "image_48": "https:\/\/avatars.slack-edge.com\/2020-11-25\/1527503386626_319578f21381f9641cd8_48.png",
                "image_72": "https:\/\/avatars.slack-edge.com\/2020-11-25\/1527503386626_319578f21381f9641cd8_72.png"
            },
            "deleted": false,
            "updated": 1618484049,
            "team_id": "T03FVM0K8"
        },
        "attachments": [
            {
                "id": 1,
                "footer_icon": "https:\/\/slack.github.com\/static\/img\/favicon-neutral.png",
                "color": "24292f",
                "fallback": "[silverkeytech\/thamm] 4 new commits pushed to _main_ by KarimMutwally",
                "text": "`<https:\/\/github.com\/silverkeytech\/thamm\/commit\/f87b4d366c1c85cd9b4807cac3651b160e3639e9|f87b4d36>` - replace cdn with fastly\n`<https:\/\/github.com\/silverkeytech\/thamm\/commit\/520106e843b43ac07aedd64180dce1a3d5eb7b7b|520106e8>` - fix wrong cdn links\n`<https:\/\/github.com\/silverkeytech\/thamm\/commit\/eed4422e33d217bcc4a0a93da83f5c18a9c64312|eed4422e>` - Delete dotnet-tools.json\n`<https:\/\/github.com\/silverkeytech\/thamm\/commit\/509ee2b9d31730c2e2efa93beedb342dd64ce2c7|509ee2b9>` - Merge pull request #1265 from silverkeytech\/KarimMutwally",
                "pretext": "<https:\/\/github.com\/silverkeytech\/thamm\/compare\/fcac8b81dc6b...509ee2b9d317|4 new commits> pushed to `<https:\/\/github.com\/silverkeytech\/thamm\/tree\/main|main>` by <https:\/\/github.com\/KarimMutwally|KarimMutwally>",
                "footer": "<https:\/\/github.com\/silverkeytech\/thamm|silverkeytech\/thamm>",
                "mrkdwn_in": [
                    "text"
                ]
            }
        ]
    },
    {
        "type": "message",
        "subtype": "thread_broadcast",
        "text": "",
        "bot_id": "B01U774L6SJ",
        "ts": "1691512242.482369",
        "thread_ts": "1691512121.100139",
        "root": {
            "bot_id": "B01U774L6SJ",
            "type": "message",
            "text": "",
            "user": "U01UE6SLDMH",
            "ts": "1691512121.100139",
            "app_id": "A01BP7R4KNY",
            "team": "T03FVM0K8",
            "bot_profile": {
                "id": "B01U774L6SJ",
                "app_id": "A01BP7R4KNY",
                "name": "GitHub",
                "icons": {
                    "image_36": "https:\/\/avatars.slack-edge.com\/2020-11-25\/1527503386626_319578f21381f9641cd8_36.png",
                    "image_48": "https:\/\/avatars.slack-edge.com\/2020-11-25\/1527503386626_319578f21381f9641cd8_48.png",
                    "image_72": "https:\/\/avatars.slack-edge.com\/2020-11-25\/1527503386626_319578f21381f9641cd8_72.png"
                },
                "deleted": false,
                "updated": 1618484049,
                "team_id": "T03FVM0K8"
            },
            "edited": {
                "user": "B01U774L6SJ",
                "ts": "1691512242.000000"
            },
            "attachments": [
                {
                    "id": 1,
                    "footer_icon": "https:\/\/slack.github.com\/static\/img\/favicon-neutral.png",
                    "ts": 1691512119,
                    "color": "6f42c1",
                    "fallback": "[silverkeytech\/thamm] Pull request opened by KarimMutwally",
                    "pretext": "Pull request opened by <https:\/\/github.com\/KarimMutwally|KarimMutwally>",
                    "title": "<https:\/\/github.com\/silverkeytech\/thamm\/pull\/1265|#1265 Fix cdn links>",
                    "callback_id": "pr-opened-interaction",
                    "footer": "<https:\/\/github.com\/silverkeytech\/thamm|silverkeytech\/thamm>",
                    "mrkdwn_in": [
                        "text"
                    ],
                    "actions": [
                        {
                            "id": "1",
                            "name": "comment",
                            "text": "Comment",
                            "type": "button",
                            "value": "{&amp;amp;quot;selectedOrg&amp;amp;quot;:&amp;amp;quot;silverkeytech&amp;amp;quot;,&amp;amp;quot;selectedOrgId&amp;amp;quot;:109834,&amp;amp;quot;selectedRepo&amp;amp;quot;:&amp;amp;quot;thamm&amp;amp;quot;,&amp;amp;quot;selectedRepoId&amp;amp;quot;:405577871,&amp;amp;quot;number&amp;amp;quot;:1265,&amp;amp;quot;htmlUrl&amp;amp;quot;:&amp;amp;quot;https:\/\/github.com\/silverkeytech\/thamm\/pull\/1265&amp;amp;quot;,&amp;amp;quot;title&amp;amp;quot;:&amp;amp;quot;Fix cdn links&amp;amp;quot;}",
                            "style": ""
                        }
                    ]
                },
                {
                    "id": 2,
                    "color": "28a745",
                    "fallback": "All checks have passed",
                    "text": ":white_check_mark: All checks have passed",
                    "footer": "1\/1 successful checks"
                }
            ],
            "thread_ts": "1691512121.100139",
            "reply_count": 1,
            "reply_users_count": 1,
            "latest_reply": "1691512242.482369",
            "reply_users": [
                "U01UE6SLDMH"
            ],
            "replies": [
                {
                    "user": "U01UE6SLDMH",
                    "ts": "1691512242.482369"
                }
            ],
            "is_locked": false,
            "subscribed": false
        },
        "app_id": "A01BP7R4KNY",
        "attachments": [
            {
                "id": 1,
                "footer_icon": "https:\/\/slack.github.com\/static\/img\/favicon-neutral.png",
                "ts": 1691512119,
                "color": "6f42c1",
                "fallback": "[silverkeytech\/thamm] Pull request merged by KarimMutwally",
                "pretext": "Pull request merged by <https:\/\/github.com\/KarimMutwally|KarimMutwally>",
                "title": "<https:\/\/github.com\/silverkeytech\/thamm\/pull\/1265|#1265 Fix cdn links>",
                "footer": "<https:\/\/github.com\/silverkeytech\/thamm|silverkeytech\/thamm>"
            }
        ]
    }
]