[
    {
        "bot_id": "B01U774L6SJ",
        "type": "message",
        "text": "",
        "user": "U01UE6SLDMH",
        "ts": "1692458589.596279",
        "app_id": "A01BP7R4KNY",
        "team": "T03FVM0K8",
        "bot_profile": {
            "id": "B01U774L6SJ",
            "app_id": "A01BP7R4KNY",
            "name": "GitHub",
            "icons": {
                "image_36": "https:\/\/avatars.slack-edge.com\/2020-11-25\/1527503386626_319578f21381f9641cd8_36.png",
                "image_48": "https:\/\/avatars.slack-edge.com\/2020-11-25\/1527503386626_319578f21381f9641cd8_48.png",
                "image_72": "https:\/\/avatars.slack-edge.com\/2020-11-25\/1527503386626_319578f21381f9641cd8_72.png"
            },
            "deleted": false,
            "updated": 1618484049,
            "team_id": "T03FVM0K8"
        },
        "edited": {
            "user": "B01U774L6SJ",
            "ts": "1692458667.000000"
        },
        "attachments": [
            {
                "id": 1,
                "footer_icon": "https:\/\/slack.github.com\/static\/img\/favicon-neutral.png",
                "ts": 1692458587,
                "color": "6f42c1",
                "fallback": "[silverkeytech\/thamm] Pull request opened by KarimMutwally",
                "pretext": "Pull request opened by <https:\/\/github.com\/KarimMutwally|KarimMutwally>",
                "title": "<https:\/\/github.com\/silverkeytech\/thamm\/pull\/1285|#1285 Use scripts and styles locally and add small adjustments>",
                "callback_id": "pr-opened-interaction",
                "footer": "<https:\/\/github.com\/silverkeytech\/thamm|silverkeytech\/thamm>",
                "mrkdwn_in": [
                    "text"
                ],
                "actions": [
                    {
                        "id": "1",
                        "name": "comment",
                        "text": "Comment",
                        "type": "button",
                        "value": "{&amp;amp;quot;selectedOrg&amp;amp;quot;:&amp;amp;quot;silverkeytech&amp;amp;quot;,&amp;amp;quot;selectedOrgId&amp;amp;quot;:109834,&amp;amp;quot;selectedRepo&amp;amp;quot;:&amp;amp;quot;thamm&amp;amp;quot;,&amp;amp;quot;selectedRepoId&amp;amp;quot;:405577871,&amp;amp;quot;number&amp;amp;quot;:1285,&amp;amp;quot;htmlUrl&amp;amp;quot;:&amp;amp;quot;https:\/\/github.com\/silverkeytech\/thamm\/pull\/1285&amp;amp;quot;,&amp;amp;quot;title&amp;amp;quot;:&amp;amp;quot;Use scripts and styles locally and add small adjustments&amp;amp;quot;}",
                        "style": ""
                    }
                ]
            },
            {
                "id": 2,
                "color": "28a745",
                "fallback": "All checks have passed",
                "text": ":white_check_mark: All checks have passed",
                "footer": "1\/1 successful checks"
            }
        ],
        "thread_ts": "1692458589.596279",
        "reply_count": 1,
        "reply_users_count": 1,
        "latest_reply": "1692458667.390289",
        "reply_users": [
            "U01UE6SLDMH"
        ],
        "replies": [
            {
                "user": "U01UE6SLDMH",
                "ts": "1692458667.390289"
            }
        ],
        "is_locked": false,
        "subscribed": false
    },
    {
        "type": "message",
        "subtype": "thread_broadcast",
        "text": "",
        "bot_id": "B01U774L6SJ",
        "ts": "1692458667.390289",
        "thread_ts": "1692458589.596279",
        "root": {
            "bot_id": "B01U774L6SJ",
            "type": "message",
            "text": "",
            "user": "U01UE6SLDMH",
            "ts": "1692458589.596279",
            "app_id": "A01BP7R4KNY",
            "team": "T03FVM0K8",
            "bot_profile": {
                "id": "B01U774L6SJ",
                "app_id": "A01BP7R4KNY",
                "name": "GitHub",
                "icons": {
                    "image_36": "https:\/\/avatars.slack-edge.com\/2020-11-25\/1527503386626_319578f21381f9641cd8_36.png",
                    "image_48": "https:\/\/avatars.slack-edge.com\/2020-11-25\/1527503386626_319578f21381f9641cd8_48.png",
                    "image_72": "https:\/\/avatars.slack-edge.com\/2020-11-25\/1527503386626_319578f21381f9641cd8_72.png"
                },
                "deleted": false,
                "updated": 1618484049,
                "team_id": "T03FVM0K8"
            },
            "edited": {
                "user": "B01U774L6SJ",
                "ts": "1692458667.000000"
            },
            "attachments": [
                {
                    "id": 1,
                    "footer_icon": "https:\/\/slack.github.com\/static\/img\/favicon-neutral.png",
                    "ts": 1692458587,
                    "color": "6f42c1",
                    "fallback": "[silverkeytech\/thamm] Pull request opened by KarimMutwally",
                    "pretext": "Pull request opened by <https:\/\/github.com\/KarimMutwally|KarimMutwally>",
                    "title": "<https:\/\/github.com\/silverkeytech\/thamm\/pull\/1285|#1285 Use scripts and styles locally and add small adjustments>",
                    "callback_id": "pr-opened-interaction",
                    "footer": "<https:\/\/github.com\/silverkeytech\/thamm|silverkeytech\/thamm>",
                    "mrkdwn_in": [
                        "text"
                    ],
                    "actions": [
                        {
                            "id": "1",
                            "name": "comment",
                            "text": "Comment",
                            "type": "button",
                            "value": "{&amp;amp;quot;selectedOrg&amp;amp;quot;:&amp;amp;quot;silverkeytech&amp;amp;quot;,&amp;amp;quot;selectedOrgId&amp;amp;quot;:109834,&amp;amp;quot;selectedRepo&amp;amp;quot;:&amp;amp;quot;thamm&amp;amp;quot;,&amp;amp;quot;selectedRepoId&amp;amp;quot;:405577871,&amp;amp;quot;number&amp;amp;quot;:1285,&amp;amp;quot;htmlUrl&amp;amp;quot;:&amp;amp;quot;https:\/\/github.com\/silverkeytech\/thamm\/pull\/1285&amp;amp;quot;,&amp;amp;quot;title&amp;amp;quot;:&amp;amp;quot;Use scripts and styles locally and add small adjustments&amp;amp;quot;}",
                            "style": ""
                        }
                    ]
                },
                {
                    "id": 2,
                    "color": "28a745",
                    "fallback": "All checks have passed",
                    "text": ":white_check_mark: All checks have passed",
                    "footer": "1\/1 successful checks"
                }
            ],
            "thread_ts": "1692458589.596279",
            "reply_count": 1,
            "reply_users_count": 1,
            "latest_reply": "1692458667.390289",
            "reply_users": [
                "U01UE6SLDMH"
            ],
            "replies": [
                {
                    "user": "U01UE6SLDMH",
                    "ts": "1692458667.390289"
                }
            ],
            "is_locked": false,
            "subscribed": false
        },
        "app_id": "A01BP7R4KNY",
        "attachments": [
            {
                "id": 1,
                "footer_icon": "https:\/\/slack.github.com\/static\/img\/favicon-neutral.png",
                "ts": 1692458587,
                "color": "6f42c1",
                "fallback": "[silverkeytech\/thamm] Pull request merged by KarimMutwally",
                "pretext": "Pull request merged by <https:\/\/github.com\/KarimMutwally|KarimMutwally>",
                "title": "<https:\/\/github.com\/silverkeytech\/thamm\/pull\/1285|#1285 Use scripts and styles locally and add small adjustments>",
                "footer": "<https:\/\/github.com\/silverkeytech\/thamm|silverkeytech\/thamm>"
            }
        ]
    },
    {
        "bot_id": "B01U774L6SJ",
        "type": "message",
        "text": "",
        "user": "U01UE6SLDMH",
        "ts": "1692458667.443539",
        "app_id": "A01BP7R4KNY",
        "team": "T03FVM0K8",
        "bot_profile": {
            "id": "B01U774L6SJ",
            "app_id": "A01BP7R4KNY",
            "name": "GitHub",
            "icons": {
                "image_36": "https:\/\/avatars.slack-edge.com\/2020-11-25\/1527503386626_319578f21381f9641cd8_36.png",
                "image_48": "https:\/\/avatars.slack-edge.com\/2020-11-25\/1527503386626_319578f21381f9641cd8_48.png",
                "image_72": "https:\/\/avatars.slack-edge.com\/2020-11-25\/1527503386626_319578f21381f9641cd8_72.png"
            },
            "deleted": false,
            "updated": 1618484049,
            "team_id": "T03FVM0K8"
        },
        "attachments": [
            {
                "id": 1,
                "footer_icon": "https:\/\/slack.github.com\/static\/img\/favicon-neutral.png",
                "color": "24292f",
                "fallback": "[silverkeytech\/thamm] 7 new commits pushed to _main_ by KarimMutwally",
                "text": "`<https:\/\/github.com\/silverkeytech\/thamm\/commit\/d7b5a5eac93339b8068f1078d0e1d60fd538a3ed|d7b5a5ea>` - Add action by when applying status from tag\n`<https:\/\/github.com\/silverkeytech\/thamm\/commit\/515b7445af1bd781803ab13fe2519208dc86b432|515b7445>` - Add asterisk to required filed in new call\n`<https:\/\/github.com\/silverkeytech\/thamm\/commit\/a4a16cb0074311b9bef6729fa3c5fd0319791eb2|a4a16cb0>` - use server served libraries instead of cdn\n`<https:\/\/github.com\/silverkeytech\/thamm\/commit\/e512ea16f6726b9cd9548192a12114021657a022|e512ea16>` - add missing localization\n`<https:\/\/github.com\/silverkeytech\/thamm\/commit\/77e12286356bbf3d6693434c15e9415c4f45d78e|77e12286>` - Send confirm submit email to applicant\n`<https:\/\/github.com\/silverkeytech\/thamm\/commit\/6eea63d6c38b5c55795a15b0fd287b9bb68c15ae|6eea63d6>` - Merge branch 'KarimMutwally' of <https:\/\/github.com\/silverkeytech\/thamm> into KarimMutwally\n`<https:\/\/github.com\/silverkeytech\/thamm\/commit\/2d8a5c9a0aa61182f1e7f480e39cdb21d42e269a|2d8a5c9a>` - Merge pull request #1285 from silverkeytech\/KarimMutwally",
                "pretext": "<https:\/\/github.com\/silverkeytech\/thamm\/compare\/9eec7f85b7f3...2d8a5c9a0aa6|7 new commits> pushed to `<https:\/\/github.com\/silverkeytech\/thamm\/tree\/main|main>` by <https:\/\/github.com\/KarimMutwally|KarimMutwally>",
                "footer": "<https:\/\/github.com\/silverkeytech\/thamm|silverkeytech\/thamm>",
                "mrkdwn_in": [
                    "text"
                ]
            }
        ]
    }
]