[
    {
        "bot_id": "B01U774L6SJ",
        "type": "message",
        "text": "",
        "user": "U01UE6SLDMH",
        "ts": "1691604182.949429",
        "app_id": "A01BP7R4KNY",
        "team": "T03FVM0K8",
        "bot_profile": {
            "id": "B01U774L6SJ",
            "app_id": "A01BP7R4KNY",
            "name": "GitHub",
            "icons": {
                "image_36": "https:\/\/avatars.slack-edge.com\/2020-11-25\/1527503386626_319578f21381f9641cd8_36.png",
                "image_48": "https:\/\/avatars.slack-edge.com\/2020-11-25\/1527503386626_319578f21381f9641cd8_48.png",
                "image_72": "https:\/\/avatars.slack-edge.com\/2020-11-25\/1527503386626_319578f21381f9641cd8_72.png"
            },
            "deleted": false,
            "updated": 1618484049,
            "team_id": "T03FVM0K8"
        },
        "edited": {
            "user": "B01U774L6SJ",
            "ts": "1691604288.000000"
        },
        "attachments": [
            {
                "id": 1,
                "footer_icon": "https:\/\/slack.github.com\/static\/img\/favicon-neutral.png",
                "ts": 1691604178,
                "color": "6f42c1",
                "fallback": "[silverkeytech\/thamm] Pull request opened by KarimMutwally",
                "pretext": "Pull request opened by <https:\/\/github.com\/KarimMutwally|KarimMutwally>",
                "title": "<https:\/\/github.com\/silverkeytech\/thamm\/pull\/1266|#1266 Fix copy cfa's question bank with parents>",
                "callback_id": "pr-opened-interaction",
                "footer": "<https:\/\/github.com\/silverkeytech\/thamm|silverkeytech\/thamm>",
                "mrkdwn_in": [
                    "text"
                ],
                "actions": [
                    {
                        "id": "1",
                        "name": "comment",
                        "text": "Comment",
                        "type": "button",
                        "value": "{&amp;amp;quot;selectedOrg&amp;amp;quot;:&amp;amp;quot;silverkeytech&amp;amp;quot;,&amp;amp;quot;selectedOrgId&amp;amp;quot;:109834,&amp;amp;quot;selectedRepo&amp;amp;quot;:&amp;amp;quot;thamm&amp;amp;quot;,&amp;amp;quot;selectedRepoId&amp;amp;quot;:405577871,&amp;amp;quot;number&amp;amp;quot;:1266,&amp;amp;quot;htmlUrl&amp;amp;quot;:&amp;amp;quot;https:\/\/github.com\/silverkeytech\/thamm\/pull\/1266&amp;amp;quot;,&amp;amp;quot;title&amp;amp;quot;:&amp;amp;quot;Fix copy cfa&amp;amp;#x27;s question bank with parents&amp;amp;quot;}",
                        "style": ""
                    }
                ]
            },
            {
                "id": 2,
                "color": "28a745",
                "fallback": "All checks have passed",
                "text": ":white_check_mark: All checks have passed",
                "footer": "1\/1 successful checks"
            }
        ],
        "thread_ts": "1691604182.949429",
        "reply_count": 1,
        "reply_users_count": 1,
        "latest_reply": "1691604287.978199",
        "reply_users": [
            "U01UE6SLDMH"
        ],
        "replies": [
            {
                "user": "U01UE6SLDMH",
                "ts": "1691604287.978199"
            }
        ],
        "is_locked": false,
        "subscribed": false
    },
    {
        "bot_id": "B01U774L6SJ",
        "type": "message",
        "text": "",
        "user": "U01UE6SLDMH",
        "ts": "1691604287.685089",
        "app_id": "A01BP7R4KNY",
        "team": "T03FVM0K8",
        "bot_profile": {
            "id": "B01U774L6SJ",
            "app_id": "A01BP7R4KNY",
            "name": "GitHub",
            "icons": {
                "image_36": "https:\/\/avatars.slack-edge.com\/2020-11-25\/1527503386626_319578f21381f9641cd8_36.png",
                "image_48": "https:\/\/avatars.slack-edge.com\/2020-11-25\/1527503386626_319578f21381f9641cd8_48.png",
                "image_72": "https:\/\/avatars.slack-edge.com\/2020-11-25\/1527503386626_319578f21381f9641cd8_72.png"
            },
            "deleted": false,
            "updated": 1618484049,
            "team_id": "T03FVM0K8"
        },
        "attachments": [
            {
                "id": 1,
                "footer_icon": "https:\/\/slack.github.com\/static\/img\/favicon-neutral.png",
                "color": "24292f",
                "fallback": "[silverkeytech\/thamm] 2 new commits pushed to _main_ by KarimMutwally",
                "text": "`<https:\/\/github.com\/silverkeytech\/thamm\/commit\/716a767a106295f64c5c2173e677699c6dbd9b08|716a767a>` - Fix copy cfa's question bank with parents\n`<https:\/\/github.com\/silverkeytech\/thamm\/commit\/f3b8fb43889cdeab6bb93bece83ea3d71e509b4f|f3b8fb43>` - Merge pull request #1266 from silverkeytech\/KarimMutwally",
                "pretext": "<https:\/\/github.com\/silverkeytech\/thamm\/compare\/509ee2b9d317...f3b8fb43889c|2 new commits> pushed to `<https:\/\/github.com\/silverkeytech\/thamm\/tree\/main|main>` by <https:\/\/github.com\/KarimMutwally|KarimMutwally>",
                "footer": "<https:\/\/github.com\/silverkeytech\/thamm|silverkeytech\/thamm>",
                "mrkdwn_in": [
                    "text"
                ]
            }
        ]
    },
    {
        "type": "message",
        "subtype": "thread_broadcast",
        "text": "",
        "bot_id": "B01U774L6SJ",
        "ts": "1691604287.978199",
        "thread_ts": "1691604182.949429",
        "root": {
            "bot_id": "B01U774L6SJ",
            "type": "message",
            "text": "",
            "user": "U01UE6SLDMH",
            "ts": "1691604182.949429",
            "app_id": "A01BP7R4KNY",
            "team": "T03FVM0K8",
            "bot_profile": {
                "id": "B01U774L6SJ",
                "app_id": "A01BP7R4KNY",
                "name": "GitHub",
                "icons": {
                    "image_36": "https:\/\/avatars.slack-edge.com\/2020-11-25\/1527503386626_319578f21381f9641cd8_36.png",
                    "image_48": "https:\/\/avatars.slack-edge.com\/2020-11-25\/1527503386626_319578f21381f9641cd8_48.png",
                    "image_72": "https:\/\/avatars.slack-edge.com\/2020-11-25\/1527503386626_319578f21381f9641cd8_72.png"
                },
                "deleted": false,
                "updated": 1618484049,
                "team_id": "T03FVM0K8"
            },
            "edited": {
                "user": "B01U774L6SJ",
                "ts": "1691604288.000000"
            },
            "attachments": [
                {
                    "id": 1,
                    "footer_icon": "https:\/\/slack.github.com\/static\/img\/favicon-neutral.png",
                    "ts": 1691604178,
                    "color": "6f42c1",
                    "fallback": "[silverkeytech\/thamm] Pull request opened by KarimMutwally",
                    "pretext": "Pull request opened by <https:\/\/github.com\/KarimMutwally|KarimMutwally>",
                    "title": "<https:\/\/github.com\/silverkeytech\/thamm\/pull\/1266|#1266 Fix copy cfa's question bank with parents>",
                    "callback_id": "pr-opened-interaction",
                    "footer": "<https:\/\/github.com\/silverkeytech\/thamm|silverkeytech\/thamm>",
                    "mrkdwn_in": [
                        "text"
                    ],
                    "actions": [
                        {
                            "id": "1",
                            "name": "comment",
                            "text": "Comment",
                            "type": "button",
                            "value": "{&amp;amp;quot;selectedOrg&amp;amp;quot;:&amp;amp;quot;silverkeytech&amp;amp;quot;,&amp;amp;quot;selectedOrgId&amp;amp;quot;:109834,&amp;amp;quot;selectedRepo&amp;amp;quot;:&amp;amp;quot;thamm&amp;amp;quot;,&amp;amp;quot;selectedRepoId&amp;amp;quot;:405577871,&amp;amp;quot;number&amp;amp;quot;:1266,&amp;amp;quot;htmlUrl&amp;amp;quot;:&amp;amp;quot;https:\/\/github.com\/silverkeytech\/thamm\/pull\/1266&amp;amp;quot;,&amp;amp;quot;title&amp;amp;quot;:&amp;amp;quot;Fix copy cfa&amp;amp;#x27;s question bank with parents&amp;amp;quot;}",
                            "style": ""
                        }
                    ]
                },
                {
                    "id": 2,
                    "color": "28a745",
                    "fallback": "All checks have passed",
                    "text": ":white_check_mark: All checks have passed",
                    "footer": "1\/1 successful checks"
                }
            ],
            "thread_ts": "1691604182.949429",
            "reply_count": 1,
            "reply_users_count": 1,
            "latest_reply": "1691604287.978199",
            "reply_users": [
                "U01UE6SLDMH"
            ],
            "replies": [
                {
                    "user": "U01UE6SLDMH",
                    "ts": "1691604287.978199"
                }
            ],
            "is_locked": false,
            "subscribed": false
        },
        "app_id": "A01BP7R4KNY",
        "attachments": [
            {
                "id": 1,
                "footer_icon": "https:\/\/slack.github.com\/static\/img\/favicon-neutral.png",
                "ts": 1691604178,
                "color": "6f42c1",
                "fallback": "[silverkeytech\/thamm] Pull request merged by KarimMutwally",
                "pretext": "Pull request merged by <https:\/\/github.com\/KarimMutwally|KarimMutwally>",
                "title": "<https:\/\/github.com\/silverkeytech\/thamm\/pull\/1266|#1266 Fix copy cfa's question bank with parents>",
                "footer": "<https:\/\/github.com\/silverkeytech\/thamm|silverkeytech\/thamm>"
            }
        ]
    }
]