[
    {
        "client_msg_id": "4d640170-73db-400f-a147-f8c34171520c",
        "type": "message",
        "text": "IN",
        "user": "UA6R38XA8",
        "ts": "1692790637.407059",
        "blocks": [
            {
                "type": "rich_text",
                "block_id": "l8D",
                "elements": [
                    {
                        "type": "rich_text_section",
                        "elements": [
                            {
                                "type": "text",
                                "text": "IN"
                            }
                        ]
                    }
                ]
            }
        ],
        "team": "T03FVM0K8",
        "user_team": "T03FVM0K8",
        "source_team": "T03FVM0K8",
        "user_profile": {
            "avatar_hash": "a3c1d7f64445",
            "image_72": "https:\/\/avatars.slack-edge.com\/2023-05-21\/5321281437360_a3c1d7f64445d4d77468_72.jpg",
            "first_name": "Abdallah",
            "real_name": "Abdallah Nasser",
            "display_name": "",
            "team": "T03FVM0K8",
            "name": "abdallahn",
            "is_restricted": false,
            "is_ultra_restricted": false
        }
    },
    {
        "client_msg_id": "61184981-4a9a-45a3-93ea-fb5976b90d12",
        "type": "message",
        "text": "OUT",
        "user": "UA6R38XA8",
        "ts": "1692792312.255279",
        "blocks": [
            {
                "type": "rich_text",
                "block_id": "bUCOW",
                "elements": [
                    {
                        "type": "rich_text_section",
                        "elements": [
                            {
                                "type": "text",
                                "text": "OUT"
                            }
                        ]
                    }
                ]
            }
        ],
        "team": "T03FVM0K8",
        "user_team": "T03FVM0K8",
        "source_team": "T03FVM0K8",
        "user_profile": {
            "avatar_hash": "a3c1d7f64445",
            "image_72": "https:\/\/avatars.slack-edge.com\/2023-05-21\/5321281437360_a3c1d7f64445d4d77468_72.jpg",
            "first_name": "Abdallah",
            "real_name": "Abdallah Nasser",
            "display_name": "",
            "team": "T03FVM0K8",
            "name": "abdallahn",
            "is_restricted": false,
            "is_ultra_restricted": false
        }
    },
    {
        "client_msg_id": "34ce5b2d-980b-4f67-8894-fc3bc2b542a3",
        "type": "message",
        "text": "IN",
        "user": "U03FWLKUN",
        "ts": "1692792779.617039",
        "blocks": [
            {
                "type": "rich_text",
                "block_id": "dZsk",
                "elements": [
                    {
                        "type": "rich_text_section",
                        "elements": [
                            {
                                "type": "text",
                                "text": "IN"
                            }
                        ]
                    }
                ]
            }
        ],
        "team": "T03FVM0K8",
        "user_team": "T03FVM0K8",
        "source_team": "T03FVM0K8",
        "user_profile": {
            "avatar_hash": "ecda461ff360",
            "image_72": "https:\/\/avatars.slack-edge.com\/2023-07-17\/5583160815062_ecda461ff3606aef5048_72.jpg",
            "first_name": "Amr",
            "real_name": "Amr Ali",
            "display_name": "Amr Ali",
            "team": "T03FVM0K8",
            "name": "amrali",
            "is_restricted": false,
            "is_ultra_restricted": false
        }
    },
    {
        "client_msg_id": "6d16cc90-21f0-48a3-86d3-9d8678356b8f",
        "type": "message",
        "text": "OUT",
        "user": "U03FWLKUN",
        "ts": "1692794214.364079",
        "blocks": [
            {
                "type": "rich_text",
                "block_id": "jYy+h",
                "elements": [
                    {
                        "type": "rich_text_section",
                        "elements": [
                            {
                                "type": "text",
                                "text": "OUT"
                            }
                        ]
                    }
                ]
            }
        ],
        "team": "T03FVM0K8",
        "user_team": "T03FVM0K8",
        "source_team": "T03FVM0K8",
        "user_profile": {
            "avatar_hash": "ecda461ff360",
            "image_72": "https:\/\/avatars.slack-edge.com\/2023-07-17\/5583160815062_ecda461ff3606aef5048_72.jpg",
            "first_name": "Amr",
            "real_name": "Amr Ali",
            "display_name": "Amr Ali",
            "team": "T03FVM0K8",
            "name": "amrali",
            "is_restricted": false,
            "is_ultra_restricted": false
        }
    }
]