[
    {
        "client_msg_id": "18caef08-e76c-46af-b168-a588c5e9f721",
        "type": "message",
        "text": "IN",
        "user": "UA6R38XA8",
        "ts": "1691482705.058229",
        "blocks": [
            {
                "type": "rich_text",
                "block_id": "M6P",
                "elements": [
                    {
                        "type": "rich_text_section",
                        "elements": [
                            {
                                "type": "text",
                                "text": "IN"
                            }
                        ]
                    }
                ]
            }
        ],
        "team": "T03FVM0K8",
        "user_team": "T03FVM0K8",
        "source_team": "T03FVM0K8",
        "user_profile": {
            "avatar_hash": "a3c1d7f64445",
            "image_72": "https:\/\/avatars.slack-edge.com\/2023-05-21\/5321281437360_a3c1d7f64445d4d77468_72.jpg",
            "first_name": "Abdallah",
            "real_name": "Abdallah Nasser",
            "display_name": "",
            "team": "T03FVM0K8",
            "name": "abdallahn",
            "is_restricted": false,
            "is_ultra_restricted": false
        }
    },
    {
        "client_msg_id": "5d3f64e2-3534-4634-a4f0-3dbd4e906496",
        "type": "message",
        "text": "OUT",
        "user": "UA6R38XA8",
        "ts": "1691482997.366409",
        "blocks": [
            {
                "type": "rich_text",
                "block_id": "pyT",
                "elements": [
                    {
                        "type": "rich_text_section",
                        "elements": [
                            {
                                "type": "text",
                                "text": "OUT"
                            }
                        ]
                    }
                ]
            }
        ],
        "team": "T03FVM0K8",
        "user_team": "T03FVM0K8",
        "source_team": "T03FVM0K8",
        "user_profile": {
            "avatar_hash": "a3c1d7f64445",
            "image_72": "https:\/\/avatars.slack-edge.com\/2023-05-21\/5321281437360_a3c1d7f64445d4d77468_72.jpg",
            "first_name": "Abdallah",
            "real_name": "Abdallah Nasser",
            "display_name": "",
            "team": "T03FVM0K8",
            "name": "abdallahn",
            "is_restricted": false,
            "is_ultra_restricted": false
        }
    },
    {
        "client_msg_id": "e47865ed-e534-4ce0-98ee-0b1464f10696",
        "type": "message",
        "text": "IN",
        "user": "UD7FEGEF8",
        "ts": "1691514977.985569",
        "blocks": [
            {
                "type": "rich_text",
                "block_id": "fdE",
                "elements": [
                    {
                        "type": "rich_text_section",
                        "elements": [
                            {
                                "type": "text",
                                "text": "IN"
                            }
                        ]
                    }
                ]
            }
        ],
        "team": "T03FVM0K8",
        "user_team": "T03FVM0K8",
        "source_team": "T03FVM0K8",
        "user_profile": {
            "avatar_hash": "g083a5c40ff6",
            "image_72": "https:\/\/secure.gravatar.com\/avatar\/5083a5c40ff6db7ba5ab35355b7b2066.jpg?s=72&d=https%3A%2F%2Fa.slack-edge.com%2Fdf10d%2Fimg%2Favatars%2Fava_0023-72.png",
            "first_name": "",
            "real_name": "Reham Abdelraheem",
            "display_name": "",
            "team": "T03FVM0K8",
            "name": "rehama",
            "is_restricted": false,
            "is_ultra_restricted": false
        }
    }
]