[
    {
        "client_msg_id": "01239dd9-1ff6-4407-a71e-0890c64ab201",
        "type": "message",
        "text": "IN",
        "user": "U03FWLKUN",
        "ts": "1692709196.869299",
        "blocks": [
            {
                "type": "rich_text",
                "block_id": "7sUx",
                "elements": [
                    {
                        "type": "rich_text_section",
                        "elements": [
                            {
                                "type": "text",
                                "text": "IN"
                            }
                        ]
                    }
                ]
            }
        ],
        "team": "T03FVM0K8",
        "user_team": "T03FVM0K8",
        "source_team": "T03FVM0K8",
        "user_profile": {
            "avatar_hash": "ecda461ff360",
            "image_72": "https:\/\/avatars.slack-edge.com\/2023-07-17\/5583160815062_ecda461ff3606aef5048_72.jpg",
            "first_name": "Amr",
            "real_name": "Amr Ali",
            "display_name": "Amr Ali",
            "team": "T03FVM0K8",
            "name": "amrali",
            "is_restricted": false,
            "is_ultra_restricted": false
        }
    }
]