[
    {
        "client_msg_id": "5bed11a0-95de-4f45-a9d1-c660154621c6",
        "type": "message",
        "text": "IN",
        "user": "UD7FEGEF8",
        "ts": "1690069060.055169",
        "blocks": [
            {
                "type": "rich_text",
                "block_id": "4ZCLf",
                "elements": [
                    {
                        "type": "rich_text_section",
                        "elements": [
                            {
                                "type": "text",
                                "text": "IN"
                            }
                        ]
                    }
                ]
            }
        ],
        "team": "T03FVM0K8",
        "user_team": "T03FVM0K8",
        "source_team": "T03FVM0K8",
        "user_profile": {
            "avatar_hash": "g083a5c40ff6",
            "image_72": "https:\/\/secure.gravatar.com\/avatar\/5083a5c40ff6db7ba5ab35355b7b2066.jpg?s=72&d=https%3A%2F%2Fa.slack-edge.com%2Fdf10d%2Fimg%2Favatars%2Fava_0023-72.png",
            "first_name": "",
            "real_name": "Reham Abdelraheem",
            "display_name": "",
            "team": "T03FVM0K8",
            "name": "rehama",
            "is_restricted": false,
            "is_ultra_restricted": false
        }
    },
    {
        "client_msg_id": "b23643f8-ce7b-48be-8661-2cc22cd49028",
        "type": "message",
        "text": "OUT",
        "user": "UD7FEGEF8",
        "ts": "1690069837.849939",
        "blocks": [
            {
                "type": "rich_text",
                "block_id": "soA1",
                "elements": [
                    {
                        "type": "rich_text_section",
                        "elements": [
                            {
                                "type": "text",
                                "text": "OUT"
                            }
                        ]
                    }
                ]
            }
        ],
        "team": "T03FVM0K8",
        "user_team": "T03FVM0K8",
        "source_team": "T03FVM0K8",
        "user_profile": {
            "avatar_hash": "g083a5c40ff6",
            "image_72": "https:\/\/secure.gravatar.com\/avatar\/5083a5c40ff6db7ba5ab35355b7b2066.jpg?s=72&d=https%3A%2F%2Fa.slack-edge.com%2Fdf10d%2Fimg%2Favatars%2Fava_0023-72.png",
            "first_name": "",
            "real_name": "Reham Abdelraheem",
            "display_name": "",
            "team": "T03FVM0K8",
            "name": "rehama",
            "is_restricted": false,
            "is_ultra_restricted": false
        }
    }
]