[
    {
        "client_msg_id": "2d6e188c-83e1-4e5f-b048-15daf7136c2d",
        "type": "message",
        "text": "IN",
        "user": "U03FWLKUN",
        "ts": "1691682517.339549",
        "blocks": [
            {
                "type": "rich_text",
                "block_id": "Sff",
                "elements": [
                    {
                        "type": "rich_text_section",
                        "elements": [
                            {
                                "type": "text",
                                "text": "IN"
                            }
                        ]
                    }
                ]
            }
        ],
        "team": "T03FVM0K8",
        "user_team": "T03FVM0K8",
        "source_team": "T03FVM0K8",
        "user_profile": {
            "avatar_hash": "ecda461ff360",
            "image_72": "https:\/\/avatars.slack-edge.com\/2023-07-17\/5583160815062_ecda461ff3606aef5048_72.jpg",
            "first_name": "Amr",
            "real_name": "Amr Ali",
            "display_name": "Amr Ali",
            "team": "T03FVM0K8",
            "name": "amrali",
            "is_restricted": false,
            "is_ultra_restricted": false
        }
    },
    {
        "client_msg_id": "72a63343-305c-4be8-915c-122f8e11c072",
        "type": "message",
        "text": "OUT",
        "user": "U03FWLKUN",
        "ts": "1691682853.090959",
        "blocks": [
            {
                "type": "rich_text",
                "block_id": "0B3S",
                "elements": [
                    {
                        "type": "rich_text_section",
                        "elements": [
                            {
                                "type": "text",
                                "text": "OUT"
                            }
                        ]
                    }
                ]
            }
        ],
        "team": "T03FVM0K8",
        "user_team": "T03FVM0K8",
        "source_team": "T03FVM0K8",
        "user_profile": {
            "avatar_hash": "ecda461ff360",
            "image_72": "https:\/\/avatars.slack-edge.com\/2023-07-17\/5583160815062_ecda461ff3606aef5048_72.jpg",
            "first_name": "Amr",
            "real_name": "Amr Ali",
            "display_name": "Amr Ali",
            "team": "T03FVM0K8",
            "name": "amrali",
            "is_restricted": false,
            "is_ultra_restricted": false
        }
    },
    {
        "client_msg_id": "aa872f90-a167-49d0-9b1a-d66bd5712e4f",
        "type": "message",
        "text": "IN",
        "user": "UD7FEGEF8",
        "ts": "1691691886.278409",
        "blocks": [
            {
                "type": "rich_text",
                "block_id": "4w39r",
                "elements": [
                    {
                        "type": "rich_text_section",
                        "elements": [
                            {
                                "type": "text",
                                "text": "IN"
                            }
                        ]
                    }
                ]
            }
        ],
        "team": "T03FVM0K8",
        "user_team": "T03FVM0K8",
        "source_team": "T03FVM0K8",
        "user_profile": {
            "avatar_hash": "g083a5c40ff6",
            "image_72": "https:\/\/secure.gravatar.com\/avatar\/5083a5c40ff6db7ba5ab35355b7b2066.jpg?s=72&d=https%3A%2F%2Fa.slack-edge.com%2Fdf10d%2Fimg%2Favatars%2Fava_0023-72.png",
            "first_name": "",
            "real_name": "Reham Abdelraheem",
            "display_name": "",
            "team": "T03FVM0K8",
            "name": "rehama",
            "is_restricted": false,
            "is_ultra_restricted": false
        }
    },
    {
        "client_msg_id": "545cc8ca-a3f5-413f-81f0-ba35a3c0b7b0",
        "type": "message",
        "text": "OUT",
        "user": "UD7FEGEF8",
        "ts": "1691692507.021569",
        "blocks": [
            {
                "type": "rich_text",
                "block_id": "0El",
                "elements": [
                    {
                        "type": "rich_text_section",
                        "elements": [
                            {
                                "type": "text",
                                "text": "OUT"
                            }
                        ]
                    }
                ]
            }
        ],
        "team": "T03FVM0K8",
        "user_team": "T03FVM0K8",
        "source_team": "T03FVM0K8",
        "user_profile": {
            "avatar_hash": "g083a5c40ff6",
            "image_72": "https:\/\/secure.gravatar.com\/avatar\/5083a5c40ff6db7ba5ab35355b7b2066.jpg?s=72&d=https%3A%2F%2Fa.slack-edge.com%2Fdf10d%2Fimg%2Favatars%2Fava_0023-72.png",
            "first_name": "",
            "real_name": "Reham Abdelraheem",
            "display_name": "",
            "team": "T03FVM0K8",
            "name": "rehama",
            "is_restricted": false,
            "is_ultra_restricted": false
        }
    }
]