[
    {
        "client_msg_id": "d33bc902-357f-4fec-a66d-6453b3879774",
        "type": "message",
        "text": "IN",
        "user": "UA6R38XA8",
        "ts": "1692896073.772219",
        "blocks": [
            {
                "type": "rich_text",
                "block_id": "vnvCh",
                "elements": [
                    {
                        "type": "rich_text_section",
                        "elements": [
                            {
                                "type": "text",
                                "text": "IN"
                            }
                        ]
                    }
                ]
            }
        ],
        "team": "T03FVM0K8",
        "user_team": "T03FVM0K8",
        "source_team": "T03FVM0K8",
        "user_profile": {
            "avatar_hash": "a3c1d7f64445",
            "image_72": "https:\/\/avatars.slack-edge.com\/2023-05-21\/5321281437360_a3c1d7f64445d4d77468_72.jpg",
            "first_name": "Abdallah",
            "real_name": "Abdallah Nasser",
            "display_name": "",
            "team": "T03FVM0K8",
            "name": "abdallahn",
            "is_restricted": false,
            "is_ultra_restricted": false
        }
    }
]