[
    {
        "bot_id": "B01U774L6SJ",
        "type": "message",
        "text": "",
        "user": "U01UE6SLDMH",
        "ts": "1691064935.220739",
        "app_id": "A01BP7R4KNY",
        "team": "T03FVM0K8",
        "bot_profile": {
            "id": "B01U774L6SJ",
            "app_id": "A01BP7R4KNY",
            "name": "GitHub",
            "icons": {
                "image_36": "https:\/\/avatars.slack-edge.com\/2020-11-25\/1527503386626_319578f21381f9641cd8_36.png",
                "image_48": "https:\/\/avatars.slack-edge.com\/2020-11-25\/1527503386626_319578f21381f9641cd8_48.png",
                "image_72": "https:\/\/avatars.slack-edge.com\/2020-11-25\/1527503386626_319578f21381f9641cd8_72.png"
            },
            "deleted": false,
            "updated": 1618484049,
            "team_id": "T03FVM0K8"
        },
        "edited": {
            "user": "B01U774L6SJ",
            "ts": "1691065130.000000"
        },
        "attachments": [
            {
                "id": 1,
                "footer_icon": "https:\/\/slack.github.com\/static\/img\/favicon-neutral.png",
                "ts": 1691064932,
                "color": "6f42c1",
                "fallback": "[silverkeytech\/tmd] Pull request opened by abdallahn",
                "pretext": "Pull request opened by <https:\/\/github.com\/abdallahn|abdallahn>",
                "title": "<https:\/\/github.com\/silverkeytech\/tmd\/pull\/3157|#3157 Add Delegated Judges to out court judges>",
                "callback_id": "pr-opened-interaction",
                "footer": "<https:\/\/github.com\/silverkeytech\/tmd|silverkeytech\/tmd>",
                "mrkdwn_in": [
                    "text"
                ],
                "actions": [
                    {
                        "id": "1",
                        "name": "comment",
                        "text": "Comment",
                        "type": "button",
                        "value": "{&amp;amp;quot;selectedOrg&amp;amp;quot;:&amp;amp;quot;silverkeytech&amp;amp;quot;,&amp;amp;quot;selectedOrgId&amp;amp;quot;:109834,&amp;amp;quot;selectedRepo&amp;amp;quot;:&amp;amp;quot;tmd&amp;amp;quot;,&amp;amp;quot;selectedRepoId&amp;amp;quot;:466041793,&amp;amp;quot;number&amp;amp;quot;:3157,&amp;amp;quot;htmlUrl&amp;amp;quot;:&amp;amp;quot;https:\/\/github.com\/silverkeytech\/tmd\/pull\/3157&amp;amp;quot;,&amp;amp;quot;title&amp;amp;quot;:&amp;amp;quot;Add Delegated Judges to out court judges&amp;amp;quot;}",
                        "style": ""
                    }
                ]
            },
            {
                "id": 2,
                "color": "28a745",
                "fallback": "All checks have passed",
                "text": ":white_check_mark: All checks have passed",
                "footer": "1\/1 successful checks"
            }
        ],
        "thread_ts": "1691064935.220739",
        "reply_count": 1,
        "reply_users_count": 1,
        "latest_reply": "1691065129.842499",
        "reply_users": [
            "U01UE6SLDMH"
        ],
        "replies": [
            {
                "user": "U01UE6SLDMH",
                "ts": "1691065129.842499"
            }
        ],
        "is_locked": false,
        "subscribed": false
    },
    {
        "bot_id": "B01U774L6SJ",
        "type": "message",
        "text": "",
        "user": "U01UE6SLDMH",
        "ts": "1691065129.662259",
        "app_id": "A01BP7R4KNY",
        "team": "T03FVM0K8",
        "bot_profile": {
            "id": "B01U774L6SJ",
            "app_id": "A01BP7R4KNY",
            "name": "GitHub",
            "icons": {
                "image_36": "https:\/\/avatars.slack-edge.com\/2020-11-25\/1527503386626_319578f21381f9641cd8_36.png",
                "image_48": "https:\/\/avatars.slack-edge.com\/2020-11-25\/1527503386626_319578f21381f9641cd8_48.png",
                "image_72": "https:\/\/avatars.slack-edge.com\/2020-11-25\/1527503386626_319578f21381f9641cd8_72.png"
            },
            "deleted": false,
            "updated": 1618484049,
            "team_id": "T03FVM0K8"
        },
        "attachments": [
            {
                "id": 1,
                "footer_icon": "https:\/\/slack.github.com\/static\/img\/favicon-neutral.png",
                "color": "24292f",
                "fallback": "[silverkeytech\/tmd] 2 new commits pushed to _main_ by abdallahn",
                "text": "`<https:\/\/github.com\/silverkeytech\/tmd\/commit\/b2788754c7ed6ff8feacdbcc7b77bba3ea42a941|b2788754>` - Add Delegated Judges to out court judges\n`<https:\/\/github.com\/silverkeytech\/tmd\/commit\/e2b1d00c2fee44cb432755bbc65f0b371494ee11|e2b1d00c>` - Merge pull request #3157 from silverkeytech\/AbdallahNasser",
                "pretext": "<https:\/\/github.com\/silverkeytech\/tmd\/compare\/de82f2bdc3d2...e2b1d00c2fee|2 new commits> pushed to `<https:\/\/github.com\/silverkeytech\/tmd\/tree\/main|main>` by <https:\/\/github.com\/abdallahn|abdallahn>",
                "footer": "<https:\/\/github.com\/silverkeytech\/tmd|silverkeytech\/tmd>",
                "mrkdwn_in": [
                    "text"
                ]
            }
        ]
    },
    {
        "type": "message",
        "subtype": "thread_broadcast",
        "text": "",
        "bot_id": "B01U774L6SJ",
        "ts": "1691065129.842499",
        "thread_ts": "1691064935.220739",
        "root": {
            "bot_id": "B01U774L6SJ",
            "type": "message",
            "text": "",
            "user": "U01UE6SLDMH",
            "ts": "1691064935.220739",
            "app_id": "A01BP7R4KNY",
            "team": "T03FVM0K8",
            "bot_profile": {
                "id": "B01U774L6SJ",
                "app_id": "A01BP7R4KNY",
                "name": "GitHub",
                "icons": {
                    "image_36": "https:\/\/avatars.slack-edge.com\/2020-11-25\/1527503386626_319578f21381f9641cd8_36.png",
                    "image_48": "https:\/\/avatars.slack-edge.com\/2020-11-25\/1527503386626_319578f21381f9641cd8_48.png",
                    "image_72": "https:\/\/avatars.slack-edge.com\/2020-11-25\/1527503386626_319578f21381f9641cd8_72.png"
                },
                "deleted": false,
                "updated": 1618484049,
                "team_id": "T03FVM0K8"
            },
            "edited": {
                "user": "B01U774L6SJ",
                "ts": "1691065130.000000"
            },
            "attachments": [
                {
                    "id": 1,
                    "footer_icon": "https:\/\/slack.github.com\/static\/img\/favicon-neutral.png",
                    "ts": 1691064932,
                    "color": "6f42c1",
                    "fallback": "[silverkeytech\/tmd] Pull request opened by abdallahn",
                    "pretext": "Pull request opened by <https:\/\/github.com\/abdallahn|abdallahn>",
                    "title": "<https:\/\/github.com\/silverkeytech\/tmd\/pull\/3157|#3157 Add Delegated Judges to out court judges>",
                    "callback_id": "pr-opened-interaction",
                    "footer": "<https:\/\/github.com\/silverkeytech\/tmd|silverkeytech\/tmd>",
                    "mrkdwn_in": [
                        "text"
                    ],
                    "actions": [
                        {
                            "id": "1",
                            "name": "comment",
                            "text": "Comment",
                            "type": "button",
                            "value": "{&amp;amp;quot;selectedOrg&amp;amp;quot;:&amp;amp;quot;silverkeytech&amp;amp;quot;,&amp;amp;quot;selectedOrgId&amp;amp;quot;:109834,&amp;amp;quot;selectedRepo&amp;amp;quot;:&amp;amp;quot;tmd&amp;amp;quot;,&amp;amp;quot;selectedRepoId&amp;amp;quot;:466041793,&amp;amp;quot;number&amp;amp;quot;:3157,&amp;amp;quot;htmlUrl&amp;amp;quot;:&amp;amp;quot;https:\/\/github.com\/silverkeytech\/tmd\/pull\/3157&amp;amp;quot;,&amp;amp;quot;title&amp;amp;quot;:&amp;amp;quot;Add Delegated Judges to out court judges&amp;amp;quot;}",
                            "style": ""
                        }
                    ]
                },
                {
                    "id": 2,
                    "color": "28a745",
                    "fallback": "All checks have passed",
                    "text": ":white_check_mark: All checks have passed",
                    "footer": "1\/1 successful checks"
                }
            ],
            "thread_ts": "1691064935.220739",
            "reply_count": 1,
            "reply_users_count": 1,
            "latest_reply": "1691065129.842499",
            "reply_users": [
                "U01UE6SLDMH"
            ],
            "replies": [
                {
                    "user": "U01UE6SLDMH",
                    "ts": "1691065129.842499"
                }
            ],
            "is_locked": false,
            "subscribed": false
        },
        "app_id": "A01BP7R4KNY",
        "attachments": [
            {
                "id": 1,
                "footer_icon": "https:\/\/slack.github.com\/static\/img\/favicon-neutral.png",
                "ts": 1691064932,
                "color": "6f42c1",
                "fallback": "[silverkeytech\/tmd] Pull request merged by abdallahn",
                "pretext": "Pull request merged by <https:\/\/github.com\/abdallahn|abdallahn>",
                "title": "<https:\/\/github.com\/silverkeytech\/tmd\/pull\/3157|#3157 Add Delegated Judges to out court judges>",
                "footer": "<https:\/\/github.com\/silverkeytech\/tmd|silverkeytech\/tmd>"
            }
        ]
    },
    {
        "bot_id": "B01U774L6SJ",
        "type": "message",
        "text": "",
        "user": "U01UE6SLDMH",
        "ts": "1691074388.580109",
        "app_id": "A01BP7R4KNY",
        "team": "T03FVM0K8",
        "bot_profile": {
            "id": "B01U774L6SJ",
            "app_id": "A01BP7R4KNY",
            "name": "GitHub",
            "icons": {
                "image_36": "https:\/\/avatars.slack-edge.com\/2020-11-25\/1527503386626_319578f21381f9641cd8_36.png",
                "image_48": "https:\/\/avatars.slack-edge.com\/2020-11-25\/1527503386626_319578f21381f9641cd8_48.png",
                "image_72": "https:\/\/avatars.slack-edge.com\/2020-11-25\/1527503386626_319578f21381f9641cd8_72.png"
            },
            "deleted": false,
            "updated": 1618484049,
            "team_id": "T03FVM0K8"
        },
        "edited": {
            "user": "B01U774L6SJ",
            "ts": "1691074566.000000"
        },
        "attachments": [
            {
                "id": 1,
                "footer_icon": "https:\/\/slack.github.com\/static\/img\/favicon-neutral.png",
                "ts": 1691074386,
                "color": "6f42c1",
                "fallback": "[silverkeytech\/tmd] Pull request opened by abdallahn",
                "pretext": "Pull request opened by <https:\/\/github.com\/abdallahn|abdallahn>",
                "title": "<https:\/\/github.com\/silverkeytech\/tmd\/pull\/3158|#3158 Handle Add Judge Movement again>",
                "callback_id": "pr-opened-interaction",
                "footer": "<https:\/\/github.com\/silverkeytech\/tmd|silverkeytech\/tmd>",
                "mrkdwn_in": [
                    "text"
                ],
                "actions": [
                    {
                        "id": "1",
                        "name": "comment",
                        "text": "Comment",
                        "type": "button",
                        "value": "{&amp;amp;quot;selectedOrg&amp;amp;quot;:&amp;amp;quot;silverkeytech&amp;amp;quot;,&amp;amp;quot;selectedOrgId&amp;amp;quot;:109834,&amp;amp;quot;selectedRepo&amp;amp;quot;:&amp;amp;quot;tmd&amp;amp;quot;,&amp;amp;quot;selectedRepoId&amp;amp;quot;:466041793,&amp;amp;quot;number&amp;amp;quot;:3158,&amp;amp;quot;htmlUrl&amp;amp;quot;:&amp;amp;quot;https:\/\/github.com\/silverkeytech\/tmd\/pull\/3158&amp;amp;quot;,&amp;amp;quot;title&amp;amp;quot;:&amp;amp;quot;Handle Add Judge Movement again&amp;amp;quot;}",
                        "style": ""
                    }
                ]
            },
            {
                "id": 2,
                "color": "28a745",
                "fallback": "All checks have passed",
                "text": ":white_check_mark: All checks have passed",
                "footer": "1\/1 successful checks"
            }
        ],
        "thread_ts": "1691074388.580109",
        "reply_count": 1,
        "reply_users_count": 1,
        "latest_reply": "1691074565.878539",
        "reply_users": [
            "U01UE6SLDMH"
        ],
        "replies": [
            {
                "user": "U01UE6SLDMH",
                "ts": "1691074565.878539"
            }
        ],
        "is_locked": false,
        "subscribed": false
    },
    {
        "bot_id": "B01U774L6SJ",
        "type": "message",
        "text": "",
        "user": "U01UE6SLDMH",
        "ts": "1691074565.655509",
        "app_id": "A01BP7R4KNY",
        "team": "T03FVM0K8",
        "bot_profile": {
            "id": "B01U774L6SJ",
            "app_id": "A01BP7R4KNY",
            "name": "GitHub",
            "icons": {
                "image_36": "https:\/\/avatars.slack-edge.com\/2020-11-25\/1527503386626_319578f21381f9641cd8_36.png",
                "image_48": "https:\/\/avatars.slack-edge.com\/2020-11-25\/1527503386626_319578f21381f9641cd8_48.png",
                "image_72": "https:\/\/avatars.slack-edge.com\/2020-11-25\/1527503386626_319578f21381f9641cd8_72.png"
            },
            "deleted": false,
            "updated": 1618484049,
            "team_id": "T03FVM0K8"
        },
        "attachments": [
            {
                "id": 1,
                "footer_icon": "https:\/\/slack.github.com\/static\/img\/favicon-neutral.png",
                "color": "24292f",
                "fallback": "[silverkeytech\/tmd] 2 new commits pushed to _main_ by abdallahn",
                "text": "`<https:\/\/github.com\/silverkeytech\/tmd\/commit\/8f6122e7fe633b1d56d9494fdf1a3820d092eb83|8f6122e7>` - Handle Add Judge Movement again\n`<https:\/\/github.com\/silverkeytech\/tmd\/commit\/d750de5d861b4d09a1a495223c1c9e5c38b1a8ce|d750de5d>` - Merge pull request #3158 from silverkeytech\/AbdallahNasser",
                "pretext": "<https:\/\/github.com\/silverkeytech\/tmd\/compare\/e2b1d00c2fee...d750de5d861b|2 new commits> pushed to `<https:\/\/github.com\/silverkeytech\/tmd\/tree\/main|main>` by <https:\/\/github.com\/abdallahn|abdallahn>",
                "footer": "<https:\/\/github.com\/silverkeytech\/tmd|silverkeytech\/tmd>",
                "mrkdwn_in": [
                    "text"
                ]
            }
        ]
    },
    {
        "type": "message",
        "subtype": "thread_broadcast",
        "text": "",
        "bot_id": "B01U774L6SJ",
        "ts": "1691074565.878539",
        "thread_ts": "1691074388.580109",
        "root": {
            "bot_id": "B01U774L6SJ",
            "type": "message",
            "text": "",
            "user": "U01UE6SLDMH",
            "ts": "1691074388.580109",
            "app_id": "A01BP7R4KNY",
            "team": "T03FVM0K8",
            "bot_profile": {
                "id": "B01U774L6SJ",
                "app_id": "A01BP7R4KNY",
                "name": "GitHub",
                "icons": {
                    "image_36": "https:\/\/avatars.slack-edge.com\/2020-11-25\/1527503386626_319578f21381f9641cd8_36.png",
                    "image_48": "https:\/\/avatars.slack-edge.com\/2020-11-25\/1527503386626_319578f21381f9641cd8_48.png",
                    "image_72": "https:\/\/avatars.slack-edge.com\/2020-11-25\/1527503386626_319578f21381f9641cd8_72.png"
                },
                "deleted": false,
                "updated": 1618484049,
                "team_id": "T03FVM0K8"
            },
            "edited": {
                "user": "B01U774L6SJ",
                "ts": "1691074566.000000"
            },
            "attachments": [
                {
                    "id": 1,
                    "footer_icon": "https:\/\/slack.github.com\/static\/img\/favicon-neutral.png",
                    "ts": 1691074386,
                    "color": "6f42c1",
                    "fallback": "[silverkeytech\/tmd] Pull request opened by abdallahn",
                    "pretext": "Pull request opened by <https:\/\/github.com\/abdallahn|abdallahn>",
                    "title": "<https:\/\/github.com\/silverkeytech\/tmd\/pull\/3158|#3158 Handle Add Judge Movement again>",
                    "callback_id": "pr-opened-interaction",
                    "footer": "<https:\/\/github.com\/silverkeytech\/tmd|silverkeytech\/tmd>",
                    "mrkdwn_in": [
                        "text"
                    ],
                    "actions": [
                        {
                            "id": "1",
                            "name": "comment",
                            "text": "Comment",
                            "type": "button",
                            "value": "{&amp;amp;quot;selectedOrg&amp;amp;quot;:&amp;amp;quot;silverkeytech&amp;amp;quot;,&amp;amp;quot;selectedOrgId&amp;amp;quot;:109834,&amp;amp;quot;selectedRepo&amp;amp;quot;:&amp;amp;quot;tmd&amp;amp;quot;,&amp;amp;quot;selectedRepoId&amp;amp;quot;:466041793,&amp;amp;quot;number&amp;amp;quot;:3158,&amp;amp;quot;htmlUrl&amp;amp;quot;:&amp;amp;quot;https:\/\/github.com\/silverkeytech\/tmd\/pull\/3158&amp;amp;quot;,&amp;amp;quot;title&amp;amp;quot;:&amp;amp;quot;Handle Add Judge Movement again&amp;amp;quot;}",
                            "style": ""
                        }
                    ]
                },
                {
                    "id": 2,
                    "color": "28a745",
                    "fallback": "All checks have passed",
                    "text": ":white_check_mark: All checks have passed",
                    "footer": "1\/1 successful checks"
                }
            ],
            "thread_ts": "1691074388.580109",
            "reply_count": 1,
            "reply_users_count": 1,
            "latest_reply": "1691074565.878539",
            "reply_users": [
                "U01UE6SLDMH"
            ],
            "replies": [
                {
                    "user": "U01UE6SLDMH",
                    "ts": "1691074565.878539"
                }
            ],
            "is_locked": false,
            "subscribed": false
        },
        "app_id": "A01BP7R4KNY",
        "attachments": [
            {
                "id": 1,
                "footer_icon": "https:\/\/slack.github.com\/static\/img\/favicon-neutral.png",
                "ts": 1691074386,
                "color": "6f42c1",
                "fallback": "[silverkeytech\/tmd] Pull request merged by abdallahn",
                "pretext": "Pull request merged by <https:\/\/github.com\/abdallahn|abdallahn>",
                "title": "<https:\/\/github.com\/silverkeytech\/tmd\/pull\/3158|#3158 Handle Add Judge Movement again>",
                "footer": "<https:\/\/github.com\/silverkeytech\/tmd|silverkeytech\/tmd>"
            }
        ]
    }
]