[
    {
        "bot_id": "B01U774L6SJ",
        "type": "message",
        "text": "",
        "user": "U01UE6SLDMH",
        "ts": "1692953968.801519",
        "app_id": "A01BP7R4KNY",
        "team": "T03FVM0K8",
        "bot_profile": {
            "id": "B01U774L6SJ",
            "app_id": "A01BP7R4KNY",
            "name": "GitHub",
            "icons": {
                "image_36": "https:\/\/avatars.slack-edge.com\/2020-11-25\/1527503386626_319578f21381f9641cd8_36.png",
                "image_48": "https:\/\/avatars.slack-edge.com\/2020-11-25\/1527503386626_319578f21381f9641cd8_48.png",
                "image_72": "https:\/\/avatars.slack-edge.com\/2020-11-25\/1527503386626_319578f21381f9641cd8_72.png"
            },
            "deleted": false,
            "updated": 1618484049,
            "team_id": "T03FVM0K8"
        },
        "edited": {
            "user": "B01U774L6SJ",
            "ts": "1692955836.000000"
        },
        "attachments": [
            {
                "id": 1,
                "footer_icon": "https:\/\/slack.github.com\/static\/img\/favicon-neutral.png",
                "ts": 1692953966,
                "color": "6f42c1",
                "fallback": "[silverkeytech\/tmd] Pull request opened by abdallahn",
                "pretext": "Pull request opened by <https:\/\/github.com\/abdallahn|abdallahn>",
                "title": "<https:\/\/github.com\/silverkeytech\/tmd\/pull\/3183|#3183 Fix Count>",
                "callback_id": "pr-opened-interaction",
                "footer": "<https:\/\/github.com\/silverkeytech\/tmd|silverkeytech\/tmd>",
                "mrkdwn_in": [
                    "text"
                ],
                "actions": [
                    {
                        "id": "1",
                        "name": "comment",
                        "text": "Comment",
                        "type": "button",
                        "value": "{&amp;amp;quot;selectedOrg&amp;amp;quot;:&amp;amp;quot;silverkeytech&amp;amp;quot;,&amp;amp;quot;selectedOrgId&amp;amp;quot;:109834,&amp;amp;quot;selectedRepo&amp;amp;quot;:&amp;amp;quot;tmd&amp;amp;quot;,&amp;amp;quot;selectedRepoId&amp;amp;quot;:466041793,&amp;amp;quot;number&amp;amp;quot;:3183,&amp;amp;quot;htmlUrl&amp;amp;quot;:&amp;amp;quot;https:\/\/github.com\/silverkeytech\/tmd\/pull\/3183&amp;amp;quot;,&amp;amp;quot;title&amp;amp;quot;:&amp;amp;quot;Fix Count&amp;amp;quot;}",
                        "style": ""
                    }
                ]
            },
            {
                "id": 2,
                "color": "28a745",
                "fallback": "All checks have passed",
                "text": ":white_check_mark: All checks have passed",
                "footer": "1\/1 successful checks"
            }
        ],
        "thread_ts": "1692953968.801519",
        "reply_count": 1,
        "reply_users_count": 1,
        "latest_reply": "1692955836.569169",
        "reply_users": [
            "U01UE6SLDMH"
        ],
        "replies": [
            {
                "user": "U01UE6SLDMH",
                "ts": "1692955836.569169"
            }
        ],
        "is_locked": false,
        "subscribed": false
    },
    {
        "type": "message",
        "subtype": "thread_broadcast",
        "text": "",
        "bot_id": "B01U774L6SJ",
        "ts": "1692955836.569169",
        "thread_ts": "1692953968.801519",
        "root": {
            "bot_id": "B01U774L6SJ",
            "type": "message",
            "text": "",
            "user": "U01UE6SLDMH",
            "ts": "1692953968.801519",
            "app_id": "A01BP7R4KNY",
            "team": "T03FVM0K8",
            "bot_profile": {
                "id": "B01U774L6SJ",
                "app_id": "A01BP7R4KNY",
                "name": "GitHub",
                "icons": {
                    "image_36": "https:\/\/avatars.slack-edge.com\/2020-11-25\/1527503386626_319578f21381f9641cd8_36.png",
                    "image_48": "https:\/\/avatars.slack-edge.com\/2020-11-25\/1527503386626_319578f21381f9641cd8_48.png",
                    "image_72": "https:\/\/avatars.slack-edge.com\/2020-11-25\/1527503386626_319578f21381f9641cd8_72.png"
                },
                "deleted": false,
                "updated": 1618484049,
                "team_id": "T03FVM0K8"
            },
            "edited": {
                "user": "B01U774L6SJ",
                "ts": "1692955836.000000"
            },
            "attachments": [
                {
                    "id": 1,
                    "footer_icon": "https:\/\/slack.github.com\/static\/img\/favicon-neutral.png",
                    "ts": 1692953966,
                    "color": "6f42c1",
                    "fallback": "[silverkeytech\/tmd] Pull request opened by abdallahn",
                    "pretext": "Pull request opened by <https:\/\/github.com\/abdallahn|abdallahn>",
                    "title": "<https:\/\/github.com\/silverkeytech\/tmd\/pull\/3183|#3183 Fix Count>",
                    "callback_id": "pr-opened-interaction",
                    "footer": "<https:\/\/github.com\/silverkeytech\/tmd|silverkeytech\/tmd>",
                    "mrkdwn_in": [
                        "text"
                    ],
                    "actions": [
                        {
                            "id": "1",
                            "name": "comment",
                            "text": "Comment",
                            "type": "button",
                            "value": "{&amp;amp;quot;selectedOrg&amp;amp;quot;:&amp;amp;quot;silverkeytech&amp;amp;quot;,&amp;amp;quot;selectedOrgId&amp;amp;quot;:109834,&amp;amp;quot;selectedRepo&amp;amp;quot;:&amp;amp;quot;tmd&amp;amp;quot;,&amp;amp;quot;selectedRepoId&amp;amp;quot;:466041793,&amp;amp;quot;number&amp;amp;quot;:3183,&amp;amp;quot;htmlUrl&amp;amp;quot;:&amp;amp;quot;https:\/\/github.com\/silverkeytech\/tmd\/pull\/3183&amp;amp;quot;,&amp;amp;quot;title&amp;amp;quot;:&amp;amp;quot;Fix Count&amp;amp;quot;}",
                            "style": ""
                        }
                    ]
                },
                {
                    "id": 2,
                    "color": "28a745",
                    "fallback": "All checks have passed",
                    "text": ":white_check_mark: All checks have passed",
                    "footer": "1\/1 successful checks"
                }
            ],
            "thread_ts": "1692953968.801519",
            "reply_count": 1,
            "reply_users_count": 1,
            "latest_reply": "1692955836.569169",
            "reply_users": [
                "U01UE6SLDMH"
            ],
            "replies": [
                {
                    "user": "U01UE6SLDMH",
                    "ts": "1692955836.569169"
                }
            ],
            "is_locked": false,
            "subscribed": false
        },
        "app_id": "A01BP7R4KNY",
        "attachments": [
            {
                "id": 1,
                "footer_icon": "https:\/\/slack.github.com\/static\/img\/favicon-neutral.png",
                "ts": 1692953966,
                "color": "6f42c1",
                "fallback": "[silverkeytech\/tmd] Pull request merged by abdallahn",
                "pretext": "Pull request merged by <https:\/\/github.com\/abdallahn|abdallahn>",
                "title": "<https:\/\/github.com\/silverkeytech\/tmd\/pull\/3183|#3183 Fix Count>",
                "footer": "<https:\/\/github.com\/silverkeytech\/tmd|silverkeytech\/tmd>"
            }
        ]
    },
    {
        "bot_id": "B01U774L6SJ",
        "type": "message",
        "text": "",
        "user": "U01UE6SLDMH",
        "ts": "1692955836.637959",
        "app_id": "A01BP7R4KNY",
        "team": "T03FVM0K8",
        "bot_profile": {
            "id": "B01U774L6SJ",
            "app_id": "A01BP7R4KNY",
            "name": "GitHub",
            "icons": {
                "image_36": "https:\/\/avatars.slack-edge.com\/2020-11-25\/1527503386626_319578f21381f9641cd8_36.png",
                "image_48": "https:\/\/avatars.slack-edge.com\/2020-11-25\/1527503386626_319578f21381f9641cd8_48.png",
                "image_72": "https:\/\/avatars.slack-edge.com\/2020-11-25\/1527503386626_319578f21381f9641cd8_72.png"
            },
            "deleted": false,
            "updated": 1618484049,
            "team_id": "T03FVM0K8"
        },
        "attachments": [
            {
                "id": 1,
                "footer_icon": "https:\/\/slack.github.com\/static\/img\/favicon-neutral.png",
                "color": "24292f",
                "fallback": "[silverkeytech\/tmd] 5 new commits pushed to _main_ by abdallahn",
                "text": "`<https:\/\/github.com\/silverkeytech\/tmd\/commit\/32d6fbca2111b7e4a067aa2d08e1ce8c8a873d89|32d6fbca>` - Fix Count\n`<https:\/\/github.com\/silverkeytech\/tmd\/commit\/070743feaf7e99720ab3e4f9e724a13d4d7ef2c7|070743fe>` - Fix\n`<https:\/\/github.com\/silverkeytech\/tmd\/commit\/15fcd82ceb8ff37b1394fb267f7572e8114243fd|15fcd82c>` - Fix\n`<https:\/\/github.com\/silverkeytech\/tmd\/commit\/d96b7e501e1d56950f9864de958833426b539f20|d96b7e50>` - Fix Export\n`<https:\/\/github.com\/silverkeytech\/tmd\/commit\/caf980bda68bf1d77e505a1ca7eaed314903412e|caf980bd>` - Merge pull request #3183 from silverkeytech\/AbdallahNasser",
                "pretext": "<https:\/\/github.com\/silverkeytech\/tmd\/compare\/2b2d4333ab79...caf980bda68b|5 new commits> pushed to `<https:\/\/github.com\/silverkeytech\/tmd\/tree\/main|main>` by <https:\/\/github.com\/abdallahn|abdallahn>",
                "footer": "<https:\/\/github.com\/silverkeytech\/tmd|silverkeytech\/tmd>",
                "mrkdwn_in": [
                    "text"
                ]
            }
        ]
    },
    {
        "bot_id": "B01U774L6SJ",
        "type": "message",
        "text": "",
        "user": "U01UE6SLDMH",
        "ts": "1692969731.147269",
        "app_id": "A01BP7R4KNY",
        "team": "T03FVM0K8",
        "bot_profile": {
            "id": "B01U774L6SJ",
            "app_id": "A01BP7R4KNY",
            "name": "GitHub",
            "icons": {
                "image_36": "https:\/\/avatars.slack-edge.com\/2020-11-25\/1527503386626_319578f21381f9641cd8_36.png",
                "image_48": "https:\/\/avatars.slack-edge.com\/2020-11-25\/1527503386626_319578f21381f9641cd8_48.png",
                "image_72": "https:\/\/avatars.slack-edge.com\/2020-11-25\/1527503386626_319578f21381f9641cd8_72.png"
            },
            "deleted": false,
            "updated": 1618484049,
            "team_id": "T03FVM0K8"
        },
        "edited": {
            "user": "B01U774L6SJ",
            "ts": "1692971019.000000"
        },
        "attachments": [
            {
                "id": 1,
                "footer_icon": "https:\/\/slack.github.com\/static\/img\/favicon-neutral.png",
                "ts": 1692969729,
                "color": "6f42c1",
                "fallback": "[silverkeytech\/tmd] Pull request opened by abdallahn",
                "pretext": "Pull request opened by <https:\/\/github.com\/abdallahn|abdallahn>",
                "title": "<https:\/\/github.com\/silverkeytech\/tmd\/pull\/3184|#3184 Fix>",
                "callback_id": "pr-opened-interaction",
                "footer": "<https:\/\/github.com\/silverkeytech\/tmd|silverkeytech\/tmd>",
                "mrkdwn_in": [
                    "text"
                ],
                "actions": [
                    {
                        "id": "1",
                        "name": "comment",
                        "text": "Comment",
                        "type": "button",
                        "value": "{&amp;amp;quot;selectedOrg&amp;amp;quot;:&amp;amp;quot;silverkeytech&amp;amp;quot;,&amp;amp;quot;selectedOrgId&amp;amp;quot;:109834,&amp;amp;quot;selectedRepo&amp;amp;quot;:&amp;amp;quot;tmd&amp;amp;quot;,&amp;amp;quot;selectedRepoId&amp;amp;quot;:466041793,&amp;amp;quot;number&amp;amp;quot;:3184,&amp;amp;quot;htmlUrl&amp;amp;quot;:&amp;amp;quot;https:\/\/github.com\/silverkeytech\/tmd\/pull\/3184&amp;amp;quot;,&amp;amp;quot;title&amp;amp;quot;:&amp;amp;quot;Fix&amp;amp;quot;}",
                        "style": ""
                    }
                ]
            },
            {
                "id": 2,
                "color": "28a745",
                "fallback": "All checks have passed",
                "text": ":white_check_mark: All checks have passed",
                "footer": "1\/1 successful checks"
            }
        ],
        "thread_ts": "1692969731.147269",
        "reply_count": 1,
        "reply_users_count": 1,
        "latest_reply": "1692971018.936359",
        "reply_users": [
            "U01UE6SLDMH"
        ],
        "replies": [
            {
                "user": "U01UE6SLDMH",
                "ts": "1692971018.936359"
            }
        ],
        "is_locked": false,
        "subscribed": false
    },
    {
        "type": "message",
        "subtype": "thread_broadcast",
        "text": "",
        "bot_id": "B01U774L6SJ",
        "ts": "1692971018.936359",
        "thread_ts": "1692969731.147269",
        "root": {
            "bot_id": "B01U774L6SJ",
            "type": "message",
            "text": "",
            "user": "U01UE6SLDMH",
            "ts": "1692969731.147269",
            "app_id": "A01BP7R4KNY",
            "team": "T03FVM0K8",
            "bot_profile": {
                "id": "B01U774L6SJ",
                "app_id": "A01BP7R4KNY",
                "name": "GitHub",
                "icons": {
                    "image_36": "https:\/\/avatars.slack-edge.com\/2020-11-25\/1527503386626_319578f21381f9641cd8_36.png",
                    "image_48": "https:\/\/avatars.slack-edge.com\/2020-11-25\/1527503386626_319578f21381f9641cd8_48.png",
                    "image_72": "https:\/\/avatars.slack-edge.com\/2020-11-25\/1527503386626_319578f21381f9641cd8_72.png"
                },
                "deleted": false,
                "updated": 1618484049,
                "team_id": "T03FVM0K8"
            },
            "edited": {
                "user": "B01U774L6SJ",
                "ts": "1692971019.000000"
            },
            "attachments": [
                {
                    "id": 1,
                    "footer_icon": "https:\/\/slack.github.com\/static\/img\/favicon-neutral.png",
                    "ts": 1692969729,
                    "color": "6f42c1",
                    "fallback": "[silverkeytech\/tmd] Pull request opened by abdallahn",
                    "pretext": "Pull request opened by <https:\/\/github.com\/abdallahn|abdallahn>",
                    "title": "<https:\/\/github.com\/silverkeytech\/tmd\/pull\/3184|#3184 Fix>",
                    "callback_id": "pr-opened-interaction",
                    "footer": "<https:\/\/github.com\/silverkeytech\/tmd|silverkeytech\/tmd>",
                    "mrkdwn_in": [
                        "text"
                    ],
                    "actions": [
                        {
                            "id": "1",
                            "name": "comment",
                            "text": "Comment",
                            "type": "button",
                            "value": "{&amp;amp;quot;selectedOrg&amp;amp;quot;:&amp;amp;quot;silverkeytech&amp;amp;quot;,&amp;amp;quot;selectedOrgId&amp;amp;quot;:109834,&amp;amp;quot;selectedRepo&amp;amp;quot;:&amp;amp;quot;tmd&amp;amp;quot;,&amp;amp;quot;selectedRepoId&amp;amp;quot;:466041793,&amp;amp;quot;number&amp;amp;quot;:3184,&amp;amp;quot;htmlUrl&amp;amp;quot;:&amp;amp;quot;https:\/\/github.com\/silverkeytech\/tmd\/pull\/3184&amp;amp;quot;,&amp;amp;quot;title&amp;amp;quot;:&amp;amp;quot;Fix&amp;amp;quot;}",
                            "style": ""
                        }
                    ]
                },
                {
                    "id": 2,
                    "color": "28a745",
                    "fallback": "All checks have passed",
                    "text": ":white_check_mark: All checks have passed",
                    "footer": "1\/1 successful checks"
                }
            ],
            "thread_ts": "1692969731.147269",
            "reply_count": 1,
            "reply_users_count": 1,
            "latest_reply": "1692971018.936359",
            "reply_users": [
                "U01UE6SLDMH"
            ],
            "replies": [
                {
                    "user": "U01UE6SLDMH",
                    "ts": "1692971018.936359"
                }
            ],
            "is_locked": false,
            "subscribed": false
        },
        "app_id": "A01BP7R4KNY",
        "attachments": [
            {
                "id": 1,
                "footer_icon": "https:\/\/slack.github.com\/static\/img\/favicon-neutral.png",
                "ts": 1692969729,
                "color": "6f42c1",
                "fallback": "[silverkeytech\/tmd] Pull request merged by abdallahn",
                "pretext": "Pull request merged by <https:\/\/github.com\/abdallahn|abdallahn>",
                "title": "<https:\/\/github.com\/silverkeytech\/tmd\/pull\/3184|#3184 Fix>",
                "footer": "<https:\/\/github.com\/silverkeytech\/tmd|silverkeytech\/tmd>"
            }
        ]
    },
    {
        "bot_id": "B01U774L6SJ",
        "type": "message",
        "text": "",
        "user": "U01UE6SLDMH",
        "ts": "1692971019.816639",
        "app_id": "A01BP7R4KNY",
        "team": "T03FVM0K8",
        "bot_profile": {
            "id": "B01U774L6SJ",
            "app_id": "A01BP7R4KNY",
            "name": "GitHub",
            "icons": {
                "image_36": "https:\/\/avatars.slack-edge.com\/2020-11-25\/1527503386626_319578f21381f9641cd8_36.png",
                "image_48": "https:\/\/avatars.slack-edge.com\/2020-11-25\/1527503386626_319578f21381f9641cd8_48.png",
                "image_72": "https:\/\/avatars.slack-edge.com\/2020-11-25\/1527503386626_319578f21381f9641cd8_72.png"
            },
            "deleted": false,
            "updated": 1618484049,
            "team_id": "T03FVM0K8"
        },
        "attachments": [
            {
                "id": 1,
                "footer_icon": "https:\/\/slack.github.com\/static\/img\/favicon-neutral.png",
                "color": "24292f",
                "fallback": "[silverkeytech\/tmd] 3 new commits pushed to _main_ by abdallahn",
                "text": "`<https:\/\/github.com\/silverkeytech\/tmd\/commit\/9915df3d0f5a0fd9b9a4a4169cbde26eee6fbb5e|9915df3d>` - Fix\n`<https:\/\/github.com\/silverkeytech\/tmd\/commit\/5e057fe8471bdf2cdb3b5bdee7a836119b3669d0|5e057fe8>` - Fix\n`<https:\/\/github.com\/silverkeytech\/tmd\/commit\/7b3a3da0ce3f7feb808d8030fb070ef3805b110c|7b3a3da0>` - Merge pull request #3184 from silverkeytech\/AbdallahNasser",
                "pretext": "<https:\/\/github.com\/silverkeytech\/tmd\/compare\/caf980bda68b...7b3a3da0ce3f|3 new commits> pushed to `<https:\/\/github.com\/silverkeytech\/tmd\/tree\/main|main>` by <https:\/\/github.com\/abdallahn|abdallahn>",
                "footer": "<https:\/\/github.com\/silverkeytech\/tmd|silverkeytech\/tmd>",
                "mrkdwn_in": [
                    "text"
                ]
            }
        ]
    }
]