[
    {
        "type": "message",
        "subtype": "thread_broadcast",
        "text": "",
        "bot_id": "B01U774L6SJ",
        "ts": "1691669696.217629",
        "thread_ts": "1690988555.603569",
        "root": {
            "bot_id": "B01U774L6SJ",
            "type": "message",
            "text": "",
            "user": "U01UE6SLDMH",
            "ts": "1690988555.603569",
            "app_id": "A01BP7R4KNY",
            "team": "T03FVM0K8",
            "bot_profile": {
                "id": "B01U774L6SJ",
                "app_id": "A01BP7R4KNY",
                "name": "GitHub",
                "icons": {
                    "image_36": "https:\/\/avatars.slack-edge.com\/2020-11-25\/1527503386626_319578f21381f9641cd8_36.png",
                    "image_48": "https:\/\/avatars.slack-edge.com\/2020-11-25\/1527503386626_319578f21381f9641cd8_48.png",
                    "image_72": "https:\/\/avatars.slack-edge.com\/2020-11-25\/1527503386626_319578f21381f9641cd8_72.png"
                },
                "deleted": false,
                "updated": 1618484049,
                "team_id": "T03FVM0K8"
            },
            "edited": {
                "user": "B01U774L6SJ",
                "ts": "1692204462.000000"
            },
            "attachments": [
                {
                    "id": 1,
                    "footer_icon": "https:\/\/slack.github.com\/static\/img\/favicon-neutral.png",
                    "ts": 1690988549,
                    "color": "8250df",
                    "fallback": "[silverkeytech\/tmd] Issue opened by WaleedMuhammed14",
                    "text": "The content you are editing has changed. Please copy your edits and refresh the page.\n\nTitle of tasklist\n\nCancel Save\n\n*Tasks*\n\nEdit tasklist title\n\nBeta <https:\/\/github.com\/community\/community\/discussions\/39106|Give feedback>\n\nTasklist Tasks, more options\n\n• Rename\n• Copy markdown\n• Delete tasklist\n\n*Delete tasklist*\nDelete tasklist block?\n\nAre you sure? All relationships in this tasklist will be removed.\n\nCancel Delete\n\n1. اضافة النسبة المئوية عند تحميل الملف للحركة القضائية\n    \n    اضافة النسبة المئوية عند تحميل الملف للحركة القضائية\n    \n    اضافة النسبة المئوية عند تحميل الملف للحركة القضائية\n    \n    Options\n    \n    • Convert to issue\n    • Toggle completion\n    • Rename\n    • Remove\n    \n    Successfully updated the issue's project\n    \n    There was an error updating the issue's project\n2. حل مشكلة الداتا في مرقي لدرجة مستشار\n    \n    حل مشكلة الداتا في مرقي لدرجة مستشار\n    \n    حل مشكلة الداتا في مرقي لدرجة مستشار\n    \n    Options\n    \n    • Convert to issue\n    • Toggle completion\n    • Rename\n    • Remove\n    \n    Successfully updated the issue's project\n    \n    There was an error updating the issue's project\n3. ازالة سيكشن مرقيين من صفحة التفاصيل الخاصة بالمحكمة\n    \n    ازالة سيكشن مرقيين من صفحة التفاصيل الخاصة بالمحكمة\n    \n    ازالة سيكشن مرقيين من صفحة التفاصيل الخاصة بالمحكمة\n    \n    Options\n    \n    • Convert to issue\n    • Toggle completion\n    • Rename\n    • Remove\n    \n    Successfully updated the issue's project\n    \n    There was an error updating the issue's project\n4. مراجعة مرقي لدرجة مستشار\n    \n    مراجعة مرقي لدرجة مستشار\n    \n    مراجعة مرقي لدرجة مستشار\n    \n    Options\n    \n    • Convert to issue\n    • Toggle completion\n    • Rename\n    • Remove\n    \n    Successfully updated the issue's project\n    \n    There was an error updating the issue's project\n5. منقول من المحاكم الاقتصادية الى محكمة طنطا الاقتصادية\n    \n    منقول من المحاكم الاقتصادية الى محكمة طنطا الاقتصادية\n    \n    منقول من المحاكم الاقتصادية الى محكمة طنطا الاقتصادية\n    \n    Options\n    \n    • Convert to issue\n    • Toggle completion\n    • Rename\n    • Remove\n    \n    Successfully updated the issue's project\n    \n    There was an error updating the issue's project\n6. مراجعة اسلام زهير و هيثم عبدالرحيم\n    \n    مراجعة اسلام زهير و هيثم عبدالرحيم\n    \n    مراجعة اسلام زهير و هيثم عبدالرحيم\n    \n    Options\n    \n    • Convert to issue\n    • Toggle completion\n    • Rename\n    • Remove\n    \n    Successfully updated the issue's project\n    \n    There was an error updating the issue's project\n7. اظهار المنتدبين في تجديد الندب في مشروع الحركة اسفل البيانات\n    \n    اظهار المنتدبين في تجديد الندب في مشروع الحركة اسفل البيانات\n    \n    اظهار المنتدبين في تجديد الندب في مشروع الحركة اسفل البيانات\n    \n    Options\n    \n    • Convert to issue\n    • Toggle completion\n    • Rename\n    • Remove\n    \n    Successfully updated the issue's project\n    \n    There was an error updating the issue's project\n8. اضافة المنتدبين الي المغادرين من نفس المحكمة (ندب الي المحكمة)\n    \n    اضافة المنتدبين الي المغادرين من نفس المحكمة (ندب الي المحكمة)\n    \n    اضافة المنتدبين الي المغادرين من نفس المحكمة (ندب الي المحكمة)\n    \n    Options\n    \n    • Convert to issue\n    • Toggle completion\n    • Rename\n    • Remove\n    \n    Successfully updated the issue's project\n    \n    There was an error updating the issue's project\n9. اضافة الفايل الجديد بعد التظلمات\n    \n    اضافة الفايل الجديد بعد التظلمات\n    \n    اضافة الفايل الجديد بعد التظلمات\n    \n    Options\n    \n    • Convert to issue\n    • Toggle completion\n    • Rename\n    • Remove\n    \n    Successfully updated the issue's project\n    \n    There was an error updating the issue's project\n10. اختيار استماره لتظهر فى مشروع الحركة\n    \n    اختيار استماره لتظهر فى مشروع الحركة\n    \n    اختيار استماره لتظهر فى مشروع الحركة\n    \n    Options\n    \n    • Convert to issue\n    • Toggle completion\n    • Rename\n    • Remove\n    \n    Successfully updated the issue's project\n    \n    There was an error updating the issue's project\n11. العدد ما قبل الحركة ابتدائى فقط (حركة ابتدائى)\n    \n    العدد ما قبل الحركة ابتدائى فقط (حركة ابتدائى)\n    \n    العدد ما قبل الحركة ابتدائى فقط (حركة ابتدائى)\n    \n    Options\n    \n    • Convert to issue\n    • Toggle completion\n    • Rename\n    • Remove\n    \n    Successfully updated the issue's project\n    \n    There was an error updating the issue's project\n12. نيابة النقض و نيابة عامة = = مغادر\n    \n    نيابة النقض و نيابة عامة = = مغادر\n    \n    نيابة النقض و نيابة عامة = = مغادر\n    \n    Options\n    \n    • Convert to issue\n    • Toggle completion\n    • Rename\n    • Remove\n    \n    Successfully updated the issue's project\n    \n    There was an error updating the issue's project\n13. اضافة مرقى فى القضاة المنقولين من كل محكمة فى حركة ابتدائي\n    \n    اضافة مرقى فى القضاة المنقولين من كل محكمة فى حركة ابتدائي\n    \n    اضافة مرقى فى القضاة المنقولين من كل محكمة فى حركة ابتدائي\n    \n    Options\n    \n    • Convert to issue\n    • Toggle completion\n    • Rename\n    • Remove\n    \n    Successfully updated the issue's project\n    \n    There was an error updating the issue's project\n14. انشاء مستند لتفسير الاختلافات فى الحركة القضائية\n    \n    انشاء مستند لتفسير الاختلافات فى الحركة القضائية\n    \n    انشاء مستند لتفسير الاختلافات فى الحركة القضائية\n    \n    Options\n    \n    • Convert to issue\n    • Toggle completion\n    • Rename\n    • Remove\n    \n    Successfully updated the issue's project\n    \n    There was an error updating the issue's project\n15. Options\n    \n    • Convert to issue\n    • Toggle completion\n    • Rename\n    • Remove\n\nAdd item to Tasks\n\nType to add an item or paste in an issue URL",
                    "pretext": "Issue created by <https:\/\/github.com\/WaleedMuhammed14|WaleedMuhammed14>",
                    "title": "<https:\/\/github.com\/silverkeytech\/tmd\/issues\/3156|#3156 Judge movement enhancement >",
                    "callback_id": "issue-opened-interaction",
                    "footer": "<https:\/\/github.com\/silverkeytech\/tmd|silverkeytech\/tmd>",
                    "fields": [
                        {
                            "value": "<https:\/\/github.com\/abdallahn|@abdallahn>",
                            "title": "Assignees",
                            "short": true
                        },
                        {
                            "value": "enhancement, Judge Movement",
                            "title": "Labels",
                            "short": true
                        }
                    ],
                    "mrkdwn_in": [
                        "text"
                    ],
                    "actions": [
                        {
                            "id": "1",
                            "name": "comment",
                            "text": "Comment",
                            "type": "button",
                            "value": "{&amp;amp;quot;selectedOrg&amp;amp;quot;:&amp;amp;quot;silverkeytech&amp;amp;quot;,&amp;amp;quot;selectedOrgId&amp;amp;quot;:109834,&amp;amp;quot;selectedRepo&amp;amp;quot;:&amp;amp;quot;tmd&amp;amp;quot;,&amp;amp;quot;selectedRepoId&amp;amp;quot;:466041793,&amp;amp;quot;issueNumber&amp;amp;quot;:3156,&amp;amp;quot;issueHtmlUrl&amp;amp;quot;:&amp;amp;quot;https:\/\/github.com\/silverkeytech\/tmd\/issues\/3156&amp;amp;quot;,&amp;amp;quot;issueTitle&amp;amp;quot;:&amp;amp;quot;Judge movement enhancement &amp;amp;quot;}",
                            "style": ""
                        },
                        {
                            "id": "2",
                            "name": "edit",
                            "text": "Edit",
                            "type": "button",
                            "value": "{&amp;amp;quot;selectedOrg&amp;amp;quot;:&amp;amp;quot;silverkeytech&amp;amp;quot;,&amp;amp;quot;selectedOrgId&amp;amp;quot;:109834,&amp;amp;quot;selectedRepo&amp;amp;quot;:&amp;amp;quot;tmd&amp;amp;quot;,&amp;amp;quot;selectedRepoId&amp;amp;quot;:466041793,&amp;amp;quot;issueNumber&amp;amp;quot;:3156,&amp;amp;quot;issueHtmlUrl&amp;amp;quot;:&amp;amp;quot;https:\/\/github.com\/silverkeytech\/tmd\/issues\/3156&amp;amp;quot;,&amp;amp;quot;issueTitle&amp;amp;quot;:&amp;amp;quot;Judge movement enhancement &amp;amp;quot;}",
                            "style": ""
                        },
                        {
                            "id": "3",
                            "name": "reopen",
                            "text": "Reopen",
                            "type": "button",
                            "value": "{&amp;amp;quot;selectedOrg&amp;amp;quot;:&amp;amp;quot;silverkeytech&amp;amp;quot;,&amp;amp;quot;selectedOrgId&amp;amp;quot;:109834,&amp;amp;quot;selectedRepo&amp;amp;quot;:&amp;amp;quot;tmd&amp;amp;quot;,&amp;amp;quot;selectedRepoId&amp;amp;quot;:466041793,&amp;amp;quot;issueNumber&amp;amp;quot;:3156,&amp;amp;quot;issueHtmlUrl&amp;amp;quot;:&amp;amp;quot;https:\/\/github.com\/silverkeytech\/tmd\/issues\/3156&amp;amp;quot;,&amp;amp;quot;issueTitle&amp;amp;quot;:&amp;amp;quot;Judge movement enhancement &amp;amp;quot;}",
                            "style": ""
                        }
                    ]
                }
            ],
            "thread_ts": "1690988555.603569",
            "reply_count": 1,
            "reply_users_count": 1,
            "latest_reply": "1691669696.217629",
            "reply_users": [
                "U01UE6SLDMH"
            ],
            "replies": [
                {
                    "user": "U01UE6SLDMH",
                    "ts": "1691669696.217629"
                }
            ],
            "is_locked": false,
            "subscribed": false
        },
        "app_id": "A01BP7R4KNY",
        "attachments": [
            {
                "id": 1,
                "footer_icon": "https:\/\/slack.github.com\/static\/img\/favicon-neutral.png",
                "ts": 1690988549,
                "color": "8250df",
                "fallback": "[silverkeytech\/tmd] Issue closed as completed by abdallahn",
                "pretext": "Issue closed as completed by <https:\/\/github.com\/abdallahn|abdallahn>",
                "title": "<https:\/\/github.com\/silverkeytech\/tmd\/issues\/3156|#3156 Judge movement enhancement >",
                "footer": "<https:\/\/github.com\/silverkeytech\/tmd|silverkeytech\/tmd>"
            }
        ]
    }
]