[
    {
        "bot_id": "B01U774L6SJ",
        "type": "message",
        "text": "",
        "user": "U01UE6SLDMH",
        "ts": "1692855520.383349",
        "app_id": "A01BP7R4KNY",
        "team": "T03FVM0K8",
        "bot_profile": {
            "id": "B01U774L6SJ",
            "app_id": "A01BP7R4KNY",
            "name": "GitHub",
            "icons": {
                "image_36": "https:\/\/avatars.slack-edge.com\/2020-11-25\/1527503386626_319578f21381f9641cd8_36.png",
                "image_48": "https:\/\/avatars.slack-edge.com\/2020-11-25\/1527503386626_319578f21381f9641cd8_48.png",
                "image_72": "https:\/\/avatars.slack-edge.com\/2020-11-25\/1527503386626_319578f21381f9641cd8_72.png"
            },
            "deleted": false,
            "updated": 1618484049,
            "team_id": "T03FVM0K8"
        },
        "edited": {
            "user": "B01U774L6SJ",
            "ts": "1692855677.000000"
        },
        "attachments": [
            {
                "id": 1,
                "footer_icon": "https:\/\/slack.github.com\/static\/img\/favicon-neutral.png",
                "ts": 1692855518,
                "color": "6f42c1",
                "fallback": "[silverkeytech\/tmd] Pull request opened by abdallahn",
                "pretext": "Pull request opened by <https:\/\/github.com\/abdallahn|abdallahn>",
                "title": "<https:\/\/github.com\/silverkeytech\/tmd\/pull\/3180|#3180 Fix Display data>",
                "callback_id": "pr-opened-interaction",
                "footer": "<https:\/\/github.com\/silverkeytech\/tmd|silverkeytech\/tmd>",
                "mrkdwn_in": [
                    "text"
                ],
                "actions": [
                    {
                        "id": "1",
                        "name": "comment",
                        "text": "Comment",
                        "type": "button",
                        "value": "{&amp;amp;quot;selectedOrg&amp;amp;quot;:&amp;amp;quot;silverkeytech&amp;amp;quot;,&amp;amp;quot;selectedOrgId&amp;amp;quot;:109834,&amp;amp;quot;selectedRepo&amp;amp;quot;:&amp;amp;quot;tmd&amp;amp;quot;,&amp;amp;quot;selectedRepoId&amp;amp;quot;:466041793,&amp;amp;quot;number&amp;amp;quot;:3180,&amp;amp;quot;htmlUrl&amp;amp;quot;:&amp;amp;quot;https:\/\/github.com\/silverkeytech\/tmd\/pull\/3180&amp;amp;quot;,&amp;amp;quot;title&amp;amp;quot;:&amp;amp;quot;Fix Display data&amp;amp;quot;}",
                        "style": ""
                    }
                ]
            },
            {
                "id": 2,
                "color": "28a745",
                "fallback": "All checks have passed",
                "text": ":white_check_mark: All checks have passed",
                "footer": "1\/1 successful checks"
            }
        ],
        "thread_ts": "1692855520.383349",
        "reply_count": 1,
        "reply_users_count": 1,
        "latest_reply": "1692855677.705479",
        "reply_users": [
            "U01UE6SLDMH"
        ],
        "replies": [
            {
                "user": "U01UE6SLDMH",
                "ts": "1692855677.705479"
            }
        ],
        "is_locked": false,
        "subscribed": false
    },
    {
        "bot_id": "B01U774L6SJ",
        "type": "message",
        "text": "",
        "user": "U01UE6SLDMH",
        "ts": "1692855677.617229",
        "app_id": "A01BP7R4KNY",
        "team": "T03FVM0K8",
        "bot_profile": {
            "id": "B01U774L6SJ",
            "app_id": "A01BP7R4KNY",
            "name": "GitHub",
            "icons": {
                "image_36": "https:\/\/avatars.slack-edge.com\/2020-11-25\/1527503386626_319578f21381f9641cd8_36.png",
                "image_48": "https:\/\/avatars.slack-edge.com\/2020-11-25\/1527503386626_319578f21381f9641cd8_48.png",
                "image_72": "https:\/\/avatars.slack-edge.com\/2020-11-25\/1527503386626_319578f21381f9641cd8_72.png"
            },
            "deleted": false,
            "updated": 1618484049,
            "team_id": "T03FVM0K8"
        },
        "attachments": [
            {
                "id": 1,
                "footer_icon": "https:\/\/slack.github.com\/static\/img\/favicon-neutral.png",
                "color": "24292f",
                "fallback": "[silverkeytech\/tmd] 2 new commits pushed to _main_ by abdallahn",
                "text": "`<https:\/\/github.com\/silverkeytech\/tmd\/commit\/9b8c1bf6ef2e870239a56e8a44859b7ac0d2b16c|9b8c1bf6>` - Fix Display data\n`<https:\/\/github.com\/silverkeytech\/tmd\/commit\/954b727692907a983f62385354d7a7863021cdd9|954b7276>` - Merge pull request #3180 from silverkeytech\/AbdallahNasser",
                "pretext": "<https:\/\/github.com\/silverkeytech\/tmd\/compare\/60cd6d3671ad...954b72769290|2 new commits> pushed to `<https:\/\/github.com\/silverkeytech\/tmd\/tree\/main|main>` by <https:\/\/github.com\/abdallahn|abdallahn>",
                "footer": "<https:\/\/github.com\/silverkeytech\/tmd|silverkeytech\/tmd>",
                "mrkdwn_in": [
                    "text"
                ]
            }
        ]
    },
    {
        "type": "message",
        "subtype": "thread_broadcast",
        "text": "",
        "bot_id": "B01U774L6SJ",
        "ts": "1692855677.705479",
        "thread_ts": "1692855520.383349",
        "root": {
            "bot_id": "B01U774L6SJ",
            "type": "message",
            "text": "",
            "user": "U01UE6SLDMH",
            "ts": "1692855520.383349",
            "app_id": "A01BP7R4KNY",
            "team": "T03FVM0K8",
            "bot_profile": {
                "id": "B01U774L6SJ",
                "app_id": "A01BP7R4KNY",
                "name": "GitHub",
                "icons": {
                    "image_36": "https:\/\/avatars.slack-edge.com\/2020-11-25\/1527503386626_319578f21381f9641cd8_36.png",
                    "image_48": "https:\/\/avatars.slack-edge.com\/2020-11-25\/1527503386626_319578f21381f9641cd8_48.png",
                    "image_72": "https:\/\/avatars.slack-edge.com\/2020-11-25\/1527503386626_319578f21381f9641cd8_72.png"
                },
                "deleted": false,
                "updated": 1618484049,
                "team_id": "T03FVM0K8"
            },
            "edited": {
                "user": "B01U774L6SJ",
                "ts": "1692855677.000000"
            },
            "attachments": [
                {
                    "id": 1,
                    "footer_icon": "https:\/\/slack.github.com\/static\/img\/favicon-neutral.png",
                    "ts": 1692855518,
                    "color": "6f42c1",
                    "fallback": "[silverkeytech\/tmd] Pull request opened by abdallahn",
                    "pretext": "Pull request opened by <https:\/\/github.com\/abdallahn|abdallahn>",
                    "title": "<https:\/\/github.com\/silverkeytech\/tmd\/pull\/3180|#3180 Fix Display data>",
                    "callback_id": "pr-opened-interaction",
                    "footer": "<https:\/\/github.com\/silverkeytech\/tmd|silverkeytech\/tmd>",
                    "mrkdwn_in": [
                        "text"
                    ],
                    "actions": [
                        {
                            "id": "1",
                            "name": "comment",
                            "text": "Comment",
                            "type": "button",
                            "value": "{&amp;amp;quot;selectedOrg&amp;amp;quot;:&amp;amp;quot;silverkeytech&amp;amp;quot;,&amp;amp;quot;selectedOrgId&amp;amp;quot;:109834,&amp;amp;quot;selectedRepo&amp;amp;quot;:&amp;amp;quot;tmd&amp;amp;quot;,&amp;amp;quot;selectedRepoId&amp;amp;quot;:466041793,&amp;amp;quot;number&amp;amp;quot;:3180,&amp;amp;quot;htmlUrl&amp;amp;quot;:&amp;amp;quot;https:\/\/github.com\/silverkeytech\/tmd\/pull\/3180&amp;amp;quot;,&amp;amp;quot;title&amp;amp;quot;:&amp;amp;quot;Fix Display data&amp;amp;quot;}",
                            "style": ""
                        }
                    ]
                },
                {
                    "id": 2,
                    "color": "28a745",
                    "fallback": "All checks have passed",
                    "text": ":white_check_mark: All checks have passed",
                    "footer": "1\/1 successful checks"
                }
            ],
            "thread_ts": "1692855520.383349",
            "reply_count": 1,
            "reply_users_count": 1,
            "latest_reply": "1692855677.705479",
            "reply_users": [
                "U01UE6SLDMH"
            ],
            "replies": [
                {
                    "user": "U01UE6SLDMH",
                    "ts": "1692855677.705479"
                }
            ],
            "is_locked": false,
            "subscribed": false
        },
        "app_id": "A01BP7R4KNY",
        "attachments": [
            {
                "id": 1,
                "footer_icon": "https:\/\/slack.github.com\/static\/img\/favicon-neutral.png",
                "ts": 1692855518,
                "color": "6f42c1",
                "fallback": "[silverkeytech\/tmd] Pull request merged by abdallahn",
                "pretext": "Pull request merged by <https:\/\/github.com\/abdallahn|abdallahn>",
                "title": "<https:\/\/github.com\/silverkeytech\/tmd\/pull\/3180|#3180 Fix Display data>",
                "footer": "<https:\/\/github.com\/silverkeytech\/tmd|silverkeytech\/tmd>"
            }
        ]
    }
]