[
    {
        "bot_id": "B01U774L6SJ",
        "type": "message",
        "text": "",
        "user": "U01UE6SLDMH",
        "ts": "1692693373.681599",
        "app_id": "A01BP7R4KNY",
        "team": "T03FVM0K8",
        "bot_profile": {
            "id": "B01U774L6SJ",
            "app_id": "A01BP7R4KNY",
            "name": "GitHub",
            "icons": {
                "image_36": "https:\/\/avatars.slack-edge.com\/2020-11-25\/1527503386626_319578f21381f9641cd8_36.png",
                "image_48": "https:\/\/avatars.slack-edge.com\/2020-11-25\/1527503386626_319578f21381f9641cd8_48.png",
                "image_72": "https:\/\/avatars.slack-edge.com\/2020-11-25\/1527503386626_319578f21381f9641cd8_72.png"
            },
            "deleted": false,
            "updated": 1618484049,
            "team_id": "T03FVM0K8"
        },
        "edited": {
            "user": "B01U774L6SJ",
            "ts": "1692693722.000000"
        },
        "attachments": [
            {
                "id": 1,
                "footer_icon": "https:\/\/slack.github.com\/static\/img\/favicon-neutral.png",
                "ts": 1692693369,
                "color": "6f42c1",
                "fallback": "[silverkeytech\/tmd] Pull request opened by abdallahn",
                "pretext": "Pull request opened by <https:\/\/github.com\/abdallahn|abdallahn>",
                "title": "<https:\/\/github.com\/silverkeytech\/tmd\/pull\/3173|#3173 Fix Remining judges>",
                "callback_id": "pr-opened-interaction",
                "footer": "<https:\/\/github.com\/silverkeytech\/tmd|silverkeytech\/tmd>",
                "mrkdwn_in": [
                    "text"
                ],
                "actions": [
                    {
                        "id": "1",
                        "name": "comment",
                        "text": "Comment",
                        "type": "button",
                        "value": "{&amp;amp;quot;selectedOrg&amp;amp;quot;:&amp;amp;quot;silverkeytech&amp;amp;quot;,&amp;amp;quot;selectedOrgId&amp;amp;quot;:109834,&amp;amp;quot;selectedRepo&amp;amp;quot;:&amp;amp;quot;tmd&amp;amp;quot;,&amp;amp;quot;selectedRepoId&amp;amp;quot;:466041793,&amp;amp;quot;number&amp;amp;quot;:3173,&amp;amp;quot;htmlUrl&amp;amp;quot;:&amp;amp;quot;https:\/\/github.com\/silverkeytech\/tmd\/pull\/3173&amp;amp;quot;,&amp;amp;quot;title&amp;amp;quot;:&amp;amp;quot;Fix Remining judges&amp;amp;quot;}",
                        "style": ""
                    }
                ]
            },
            {
                "id": 2,
                "color": "28a745",
                "fallback": "All checks have passed",
                "text": ":white_check_mark: All checks have passed",
                "footer": "1\/1 successful checks"
            }
        ],
        "thread_ts": "1692693373.681599",
        "reply_count": 1,
        "reply_users_count": 1,
        "latest_reply": "1692693722.120659",
        "reply_users": [
            "U01UE6SLDMH"
        ],
        "replies": [
            {
                "user": "U01UE6SLDMH",
                "ts": "1692693722.120659"
            }
        ],
        "is_locked": false,
        "subscribed": false
    },
    {
        "bot_id": "B01U774L6SJ",
        "type": "message",
        "text": "",
        "user": "U01UE6SLDMH",
        "ts": "1692693721.147199",
        "app_id": "A01BP7R4KNY",
        "team": "T03FVM0K8",
        "bot_profile": {
            "id": "B01U774L6SJ",
            "app_id": "A01BP7R4KNY",
            "name": "GitHub",
            "icons": {
                "image_36": "https:\/\/avatars.slack-edge.com\/2020-11-25\/1527503386626_319578f21381f9641cd8_36.png",
                "image_48": "https:\/\/avatars.slack-edge.com\/2020-11-25\/1527503386626_319578f21381f9641cd8_48.png",
                "image_72": "https:\/\/avatars.slack-edge.com\/2020-11-25\/1527503386626_319578f21381f9641cd8_72.png"
            },
            "deleted": false,
            "updated": 1618484049,
            "team_id": "T03FVM0K8"
        },
        "attachments": [
            {
                "id": 1,
                "footer_icon": "https:\/\/slack.github.com\/static\/img\/favicon-neutral.png",
                "color": "24292f",
                "fallback": "[silverkeytech\/tmd] 2 new commits pushed to _main_ by abdallahn",
                "text": "`<https:\/\/github.com\/silverkeytech\/tmd\/commit\/d299e97d425f45e98d12b40c230ab074703bd593|d299e97d>` - Fix Remining judges\n`<https:\/\/github.com\/silverkeytech\/tmd\/commit\/35f57021fd745dc5b07534cf793974ed83429d04|35f57021>` - Merge pull request #3173 from silverkeytech\/AbdallahNasser",
                "pretext": "<https:\/\/github.com\/silverkeytech\/tmd\/compare\/9699ce927000...35f57021fd74|2 new commits> pushed to `<https:\/\/github.com\/silverkeytech\/tmd\/tree\/main|main>` by <https:\/\/github.com\/abdallahn|abdallahn>",
                "footer": "<https:\/\/github.com\/silverkeytech\/tmd|silverkeytech\/tmd>",
                "mrkdwn_in": [
                    "text"
                ]
            }
        ]
    },
    {
        "type": "message",
        "subtype": "thread_broadcast",
        "text": "",
        "bot_id": "B01U774L6SJ",
        "ts": "1692693722.120659",
        "thread_ts": "1692693373.681599",
        "root": {
            "bot_id": "B01U774L6SJ",
            "type": "message",
            "text": "",
            "user": "U01UE6SLDMH",
            "ts": "1692693373.681599",
            "app_id": "A01BP7R4KNY",
            "team": "T03FVM0K8",
            "bot_profile": {
                "id": "B01U774L6SJ",
                "app_id": "A01BP7R4KNY",
                "name": "GitHub",
                "icons": {
                    "image_36": "https:\/\/avatars.slack-edge.com\/2020-11-25\/1527503386626_319578f21381f9641cd8_36.png",
                    "image_48": "https:\/\/avatars.slack-edge.com\/2020-11-25\/1527503386626_319578f21381f9641cd8_48.png",
                    "image_72": "https:\/\/avatars.slack-edge.com\/2020-11-25\/1527503386626_319578f21381f9641cd8_72.png"
                },
                "deleted": false,
                "updated": 1618484049,
                "team_id": "T03FVM0K8"
            },
            "edited": {
                "user": "B01U774L6SJ",
                "ts": "1692693722.000000"
            },
            "attachments": [
                {
                    "id": 1,
                    "footer_icon": "https:\/\/slack.github.com\/static\/img\/favicon-neutral.png",
                    "ts": 1692693369,
                    "color": "6f42c1",
                    "fallback": "[silverkeytech\/tmd] Pull request opened by abdallahn",
                    "pretext": "Pull request opened by <https:\/\/github.com\/abdallahn|abdallahn>",
                    "title": "<https:\/\/github.com\/silverkeytech\/tmd\/pull\/3173|#3173 Fix Remining judges>",
                    "callback_id": "pr-opened-interaction",
                    "footer": "<https:\/\/github.com\/silverkeytech\/tmd|silverkeytech\/tmd>",
                    "mrkdwn_in": [
                        "text"
                    ],
                    "actions": [
                        {
                            "id": "1",
                            "name": "comment",
                            "text": "Comment",
                            "type": "button",
                            "value": "{&amp;amp;quot;selectedOrg&amp;amp;quot;:&amp;amp;quot;silverkeytech&amp;amp;quot;,&amp;amp;quot;selectedOrgId&amp;amp;quot;:109834,&amp;amp;quot;selectedRepo&amp;amp;quot;:&amp;amp;quot;tmd&amp;amp;quot;,&amp;amp;quot;selectedRepoId&amp;amp;quot;:466041793,&amp;amp;quot;number&amp;amp;quot;:3173,&amp;amp;quot;htmlUrl&amp;amp;quot;:&amp;amp;quot;https:\/\/github.com\/silverkeytech\/tmd\/pull\/3173&amp;amp;quot;,&amp;amp;quot;title&amp;amp;quot;:&amp;amp;quot;Fix Remining judges&amp;amp;quot;}",
                            "style": ""
                        }
                    ]
                },
                {
                    "id": 2,
                    "color": "28a745",
                    "fallback": "All checks have passed",
                    "text": ":white_check_mark: All checks have passed",
                    "footer": "1\/1 successful checks"
                }
            ],
            "thread_ts": "1692693373.681599",
            "reply_count": 1,
            "reply_users_count": 1,
            "latest_reply": "1692693722.120659",
            "reply_users": [
                "U01UE6SLDMH"
            ],
            "replies": [
                {
                    "user": "U01UE6SLDMH",
                    "ts": "1692693722.120659"
                }
            ],
            "is_locked": false,
            "subscribed": false
        },
        "app_id": "A01BP7R4KNY",
        "attachments": [
            {
                "id": 1,
                "footer_icon": "https:\/\/slack.github.com\/static\/img\/favicon-neutral.png",
                "ts": 1692693369,
                "color": "6f42c1",
                "fallback": "[silverkeytech\/tmd] Pull request merged by abdallahn",
                "pretext": "Pull request merged by <https:\/\/github.com\/abdallahn|abdallahn>",
                "title": "<https:\/\/github.com\/silverkeytech\/tmd\/pull\/3173|#3173 Fix Remining judges>",
                "footer": "<https:\/\/github.com\/silverkeytech\/tmd|silverkeytech\/tmd>"
            }
        ]
    },
    {
        "bot_id": "B01U774L6SJ",
        "type": "message",
        "text": "",
        "user": "U01UE6SLDMH",
        "ts": "1692694714.020759",
        "app_id": "A01BP7R4KNY",
        "team": "T03FVM0K8",
        "bot_profile": {
            "id": "B01U774L6SJ",
            "app_id": "A01BP7R4KNY",
            "name": "GitHub",
            "icons": {
                "image_36": "https:\/\/avatars.slack-edge.com\/2020-11-25\/1527503386626_319578f21381f9641cd8_36.png",
                "image_48": "https:\/\/avatars.slack-edge.com\/2020-11-25\/1527503386626_319578f21381f9641cd8_48.png",
                "image_72": "https:\/\/avatars.slack-edge.com\/2020-11-25\/1527503386626_319578f21381f9641cd8_72.png"
            },
            "deleted": false,
            "updated": 1618484049,
            "team_id": "T03FVM0K8"
        },
        "edited": {
            "user": "B01U774L6SJ",
            "ts": "1692694863.000000"
        },
        "attachments": [
            {
                "id": 1,
                "footer_icon": "https:\/\/slack.github.com\/static\/img\/favicon-neutral.png",
                "ts": 1692694710,
                "color": "6f42c1",
                "fallback": "[silverkeytech\/tmd] Pull request opened by abdallahn",
                "pretext": "Pull request opened by <https:\/\/github.com\/abdallahn|abdallahn>",
                "title": "<https:\/\/github.com\/silverkeytech\/tmd\/pull\/3174|#3174 Fix remaining>",
                "callback_id": "pr-opened-interaction",
                "footer": "<https:\/\/github.com\/silverkeytech\/tmd|silverkeytech\/tmd>",
                "mrkdwn_in": [
                    "text"
                ],
                "actions": [
                    {
                        "id": "1",
                        "name": "comment",
                        "text": "Comment",
                        "type": "button",
                        "value": "{&amp;amp;quot;selectedOrg&amp;amp;quot;:&amp;amp;quot;silverkeytech&amp;amp;quot;,&amp;amp;quot;selectedOrgId&amp;amp;quot;:109834,&amp;amp;quot;selectedRepo&amp;amp;quot;:&amp;amp;quot;tmd&amp;amp;quot;,&amp;amp;quot;selectedRepoId&amp;amp;quot;:466041793,&amp;amp;quot;number&amp;amp;quot;:3174,&amp;amp;quot;htmlUrl&amp;amp;quot;:&amp;amp;quot;https:\/\/github.com\/silverkeytech\/tmd\/pull\/3174&amp;amp;quot;,&amp;amp;quot;title&amp;amp;quot;:&amp;amp;quot;Fix remaining&amp;amp;quot;}",
                        "style": ""
                    }
                ]
            },
            {
                "id": 2,
                "color": "28a745",
                "fallback": "All checks have passed",
                "text": ":white_check_mark: All checks have passed",
                "footer": "1\/1 successful checks"
            }
        ],
        "thread_ts": "1692694714.020759",
        "reply_count": 1,
        "reply_users_count": 1,
        "latest_reply": "1692694863.174239",
        "reply_users": [
            "U01UE6SLDMH"
        ],
        "replies": [
            {
                "user": "U01UE6SLDMH",
                "ts": "1692694863.174239"
            }
        ],
        "is_locked": false,
        "subscribed": false
    },
    {
        "bot_id": "B01U774L6SJ",
        "type": "message",
        "text": "",
        "user": "U01UE6SLDMH",
        "ts": "1692694862.885399",
        "app_id": "A01BP7R4KNY",
        "team": "T03FVM0K8",
        "bot_profile": {
            "id": "B01U774L6SJ",
            "app_id": "A01BP7R4KNY",
            "name": "GitHub",
            "icons": {
                "image_36": "https:\/\/avatars.slack-edge.com\/2020-11-25\/1527503386626_319578f21381f9641cd8_36.png",
                "image_48": "https:\/\/avatars.slack-edge.com\/2020-11-25\/1527503386626_319578f21381f9641cd8_48.png",
                "image_72": "https:\/\/avatars.slack-edge.com\/2020-11-25\/1527503386626_319578f21381f9641cd8_72.png"
            },
            "deleted": false,
            "updated": 1618484049,
            "team_id": "T03FVM0K8"
        },
        "attachments": [
            {
                "id": 1,
                "footer_icon": "https:\/\/slack.github.com\/static\/img\/favicon-neutral.png",
                "color": "24292f",
                "fallback": "[silverkeytech\/tmd] 2 new commits pushed to _main_ by abdallahn",
                "text": "`<https:\/\/github.com\/silverkeytech\/tmd\/commit\/1f139c2b1491a472f954aa6061244b85911b2ce4|1f139c2b>` - Fix remaining\n`<https:\/\/github.com\/silverkeytech\/tmd\/commit\/d45f41dfb2618c16939275caa52a4a92e149709e|d45f41df>` - Merge pull request #3174 from silverkeytech\/AbdallahNasser",
                "pretext": "<https:\/\/github.com\/silverkeytech\/tmd\/compare\/35f57021fd74...d45f41dfb261|2 new commits> pushed to `<https:\/\/github.com\/silverkeytech\/tmd\/tree\/main|main>` by <https:\/\/github.com\/abdallahn|abdallahn>",
                "footer": "<https:\/\/github.com\/silverkeytech\/tmd|silverkeytech\/tmd>",
                "mrkdwn_in": [
                    "text"
                ]
            }
        ]
    },
    {
        "type": "message",
        "subtype": "thread_broadcast",
        "text": "",
        "bot_id": "B01U774L6SJ",
        "ts": "1692694863.174239",
        "thread_ts": "1692694714.020759",
        "root": {
            "bot_id": "B01U774L6SJ",
            "type": "message",
            "text": "",
            "user": "U01UE6SLDMH",
            "ts": "1692694714.020759",
            "app_id": "A01BP7R4KNY",
            "team": "T03FVM0K8",
            "bot_profile": {
                "id": "B01U774L6SJ",
                "app_id": "A01BP7R4KNY",
                "name": "GitHub",
                "icons": {
                    "image_36": "https:\/\/avatars.slack-edge.com\/2020-11-25\/1527503386626_319578f21381f9641cd8_36.png",
                    "image_48": "https:\/\/avatars.slack-edge.com\/2020-11-25\/1527503386626_319578f21381f9641cd8_48.png",
                    "image_72": "https:\/\/avatars.slack-edge.com\/2020-11-25\/1527503386626_319578f21381f9641cd8_72.png"
                },
                "deleted": false,
                "updated": 1618484049,
                "team_id": "T03FVM0K8"
            },
            "edited": {
                "user": "B01U774L6SJ",
                "ts": "1692694863.000000"
            },
            "attachments": [
                {
                    "id": 1,
                    "footer_icon": "https:\/\/slack.github.com\/static\/img\/favicon-neutral.png",
                    "ts": 1692694710,
                    "color": "6f42c1",
                    "fallback": "[silverkeytech\/tmd] Pull request opened by abdallahn",
                    "pretext": "Pull request opened by <https:\/\/github.com\/abdallahn|abdallahn>",
                    "title": "<https:\/\/github.com\/silverkeytech\/tmd\/pull\/3174|#3174 Fix remaining>",
                    "callback_id": "pr-opened-interaction",
                    "footer": "<https:\/\/github.com\/silverkeytech\/tmd|silverkeytech\/tmd>",
                    "mrkdwn_in": [
                        "text"
                    ],
                    "actions": [
                        {
                            "id": "1",
                            "name": "comment",
                            "text": "Comment",
                            "type": "button",
                            "value": "{&amp;amp;quot;selectedOrg&amp;amp;quot;:&amp;amp;quot;silverkeytech&amp;amp;quot;,&amp;amp;quot;selectedOrgId&amp;amp;quot;:109834,&amp;amp;quot;selectedRepo&amp;amp;quot;:&amp;amp;quot;tmd&amp;amp;quot;,&amp;amp;quot;selectedRepoId&amp;amp;quot;:466041793,&amp;amp;quot;number&amp;amp;quot;:3174,&amp;amp;quot;htmlUrl&amp;amp;quot;:&amp;amp;quot;https:\/\/github.com\/silverkeytech\/tmd\/pull\/3174&amp;amp;quot;,&amp;amp;quot;title&amp;amp;quot;:&amp;amp;quot;Fix remaining&amp;amp;quot;}",
                            "style": ""
                        }
                    ]
                },
                {
                    "id": 2,
                    "color": "28a745",
                    "fallback": "All checks have passed",
                    "text": ":white_check_mark: All checks have passed",
                    "footer": "1\/1 successful checks"
                }
            ],
            "thread_ts": "1692694714.020759",
            "reply_count": 1,
            "reply_users_count": 1,
            "latest_reply": "1692694863.174239",
            "reply_users": [
                "U01UE6SLDMH"
            ],
            "replies": [
                {
                    "user": "U01UE6SLDMH",
                    "ts": "1692694863.174239"
                }
            ],
            "is_locked": false,
            "subscribed": false
        },
        "app_id": "A01BP7R4KNY",
        "attachments": [
            {
                "id": 1,
                "footer_icon": "https:\/\/slack.github.com\/static\/img\/favicon-neutral.png",
                "ts": 1692694710,
                "color": "6f42c1",
                "fallback": "[silverkeytech\/tmd] Pull request merged by abdallahn",
                "pretext": "Pull request merged by <https:\/\/github.com\/abdallahn|abdallahn>",
                "title": "<https:\/\/github.com\/silverkeytech\/tmd\/pull\/3174|#3174 Fix remaining>",
                "footer": "<https:\/\/github.com\/silverkeytech\/tmd|silverkeytech\/tmd>"
            }
        ]
    },
    {
        "bot_id": "B01U774L6SJ",
        "type": "message",
        "text": "",
        "user": "U01UE6SLDMH",
        "ts": "1692695630.596589",
        "app_id": "A01BP7R4KNY",
        "team": "T03FVM0K8",
        "bot_profile": {
            "id": "B01U774L6SJ",
            "app_id": "A01BP7R4KNY",
            "name": "GitHub",
            "icons": {
                "image_36": "https:\/\/avatars.slack-edge.com\/2020-11-25\/1527503386626_319578f21381f9641cd8_36.png",
                "image_48": "https:\/\/avatars.slack-edge.com\/2020-11-25\/1527503386626_319578f21381f9641cd8_48.png",
                "image_72": "https:\/\/avatars.slack-edge.com\/2020-11-25\/1527503386626_319578f21381f9641cd8_72.png"
            },
            "deleted": false,
            "updated": 1618484049,
            "team_id": "T03FVM0K8"
        },
        "edited": {
            "user": "B01U774L6SJ",
            "ts": "1692695790.000000"
        },
        "attachments": [
            {
                "id": 1,
                "footer_icon": "https:\/\/slack.github.com\/static\/img\/favicon-neutral.png",
                "ts": 1692695628,
                "color": "6f42c1",
                "fallback": "[silverkeytech\/tmd] Pull request opened by abdallahn",
                "pretext": "Pull request opened by <https:\/\/github.com\/abdallahn|abdallahn>",
                "title": "<https:\/\/github.com\/silverkeytech\/tmd\/pull\/3175|#3175 Fix Remaining>",
                "callback_id": "pr-opened-interaction",
                "footer": "<https:\/\/github.com\/silverkeytech\/tmd|silverkeytech\/tmd>",
                "mrkdwn_in": [
                    "text"
                ],
                "actions": [
                    {
                        "id": "1",
                        "name": "comment",
                        "text": "Comment",
                        "type": "button",
                        "value": "{&amp;amp;quot;selectedOrg&amp;amp;quot;:&amp;amp;quot;silverkeytech&amp;amp;quot;,&amp;amp;quot;selectedOrgId&amp;amp;quot;:109834,&amp;amp;quot;selectedRepo&amp;amp;quot;:&amp;amp;quot;tmd&amp;amp;quot;,&amp;amp;quot;selectedRepoId&amp;amp;quot;:466041793,&amp;amp;quot;number&amp;amp;quot;:3175,&amp;amp;quot;htmlUrl&amp;amp;quot;:&amp;amp;quot;https:\/\/github.com\/silverkeytech\/tmd\/pull\/3175&amp;amp;quot;,&amp;amp;quot;title&amp;amp;quot;:&amp;amp;quot;Fix Remaining&amp;amp;quot;}",
                        "style": ""
                    }
                ]
            },
            {
                "id": 2,
                "color": "28a745",
                "fallback": "All checks have passed",
                "text": ":white_check_mark: All checks have passed",
                "footer": "1\/1 successful checks"
            }
        ],
        "thread_ts": "1692695630.596589",
        "reply_count": 1,
        "reply_users_count": 1,
        "latest_reply": "1692695790.368939",
        "reply_users": [
            "U01UE6SLDMH"
        ],
        "replies": [
            {
                "user": "U01UE6SLDMH",
                "ts": "1692695790.368939"
            }
        ],
        "is_locked": false,
        "subscribed": false
    },
    {
        "type": "message",
        "subtype": "thread_broadcast",
        "text": "",
        "bot_id": "B01U774L6SJ",
        "ts": "1692695790.368939",
        "thread_ts": "1692695630.596589",
        "root": {
            "bot_id": "B01U774L6SJ",
            "type": "message",
            "text": "",
            "user": "U01UE6SLDMH",
            "ts": "1692695630.596589",
            "app_id": "A01BP7R4KNY",
            "team": "T03FVM0K8",
            "bot_profile": {
                "id": "B01U774L6SJ",
                "app_id": "A01BP7R4KNY",
                "name": "GitHub",
                "icons": {
                    "image_36": "https:\/\/avatars.slack-edge.com\/2020-11-25\/1527503386626_319578f21381f9641cd8_36.png",
                    "image_48": "https:\/\/avatars.slack-edge.com\/2020-11-25\/1527503386626_319578f21381f9641cd8_48.png",
                    "image_72": "https:\/\/avatars.slack-edge.com\/2020-11-25\/1527503386626_319578f21381f9641cd8_72.png"
                },
                "deleted": false,
                "updated": 1618484049,
                "team_id": "T03FVM0K8"
            },
            "edited": {
                "user": "B01U774L6SJ",
                "ts": "1692695790.000000"
            },
            "attachments": [
                {
                    "id": 1,
                    "footer_icon": "https:\/\/slack.github.com\/static\/img\/favicon-neutral.png",
                    "ts": 1692695628,
                    "color": "6f42c1",
                    "fallback": "[silverkeytech\/tmd] Pull request opened by abdallahn",
                    "pretext": "Pull request opened by <https:\/\/github.com\/abdallahn|abdallahn>",
                    "title": "<https:\/\/github.com\/silverkeytech\/tmd\/pull\/3175|#3175 Fix Remaining>",
                    "callback_id": "pr-opened-interaction",
                    "footer": "<https:\/\/github.com\/silverkeytech\/tmd|silverkeytech\/tmd>",
                    "mrkdwn_in": [
                        "text"
                    ],
                    "actions": [
                        {
                            "id": "1",
                            "name": "comment",
                            "text": "Comment",
                            "type": "button",
                            "value": "{&amp;amp;quot;selectedOrg&amp;amp;quot;:&amp;amp;quot;silverkeytech&amp;amp;quot;,&amp;amp;quot;selectedOrgId&amp;amp;quot;:109834,&amp;amp;quot;selectedRepo&amp;amp;quot;:&amp;amp;quot;tmd&amp;amp;quot;,&amp;amp;quot;selectedRepoId&amp;amp;quot;:466041793,&amp;amp;quot;number&amp;amp;quot;:3175,&amp;amp;quot;htmlUrl&amp;amp;quot;:&amp;amp;quot;https:\/\/github.com\/silverkeytech\/tmd\/pull\/3175&amp;amp;quot;,&amp;amp;quot;title&amp;amp;quot;:&amp;amp;quot;Fix Remaining&amp;amp;quot;}",
                            "style": ""
                        }
                    ]
                },
                {
                    "id": 2,
                    "color": "28a745",
                    "fallback": "All checks have passed",
                    "text": ":white_check_mark: All checks have passed",
                    "footer": "1\/1 successful checks"
                }
            ],
            "thread_ts": "1692695630.596589",
            "reply_count": 1,
            "reply_users_count": 1,
            "latest_reply": "1692695790.368939",
            "reply_users": [
                "U01UE6SLDMH"
            ],
            "replies": [
                {
                    "user": "U01UE6SLDMH",
                    "ts": "1692695790.368939"
                }
            ],
            "is_locked": false,
            "subscribed": false
        },
        "app_id": "A01BP7R4KNY",
        "attachments": [
            {
                "id": 1,
                "footer_icon": "https:\/\/slack.github.com\/static\/img\/favicon-neutral.png",
                "ts": 1692695628,
                "color": "6f42c1",
                "fallback": "[silverkeytech\/tmd] Pull request merged by abdallahn",
                "pretext": "Pull request merged by <https:\/\/github.com\/abdallahn|abdallahn>",
                "title": "<https:\/\/github.com\/silverkeytech\/tmd\/pull\/3175|#3175 Fix Remaining>",
                "footer": "<https:\/\/github.com\/silverkeytech\/tmd|silverkeytech\/tmd>"
            }
        ]
    },
    {
        "bot_id": "B01U774L6SJ",
        "type": "message",
        "text": "",
        "user": "U01UE6SLDMH",
        "ts": "1692695791.363989",
        "app_id": "A01BP7R4KNY",
        "team": "T03FVM0K8",
        "bot_profile": {
            "id": "B01U774L6SJ",
            "app_id": "A01BP7R4KNY",
            "name": "GitHub",
            "icons": {
                "image_36": "https:\/\/avatars.slack-edge.com\/2020-11-25\/1527503386626_319578f21381f9641cd8_36.png",
                "image_48": "https:\/\/avatars.slack-edge.com\/2020-11-25\/1527503386626_319578f21381f9641cd8_48.png",
                "image_72": "https:\/\/avatars.slack-edge.com\/2020-11-25\/1527503386626_319578f21381f9641cd8_72.png"
            },
            "deleted": false,
            "updated": 1618484049,
            "team_id": "T03FVM0K8"
        },
        "attachments": [
            {
                "id": 1,
                "footer_icon": "https:\/\/slack.github.com\/static\/img\/favicon-neutral.png",
                "color": "24292f",
                "fallback": "[silverkeytech\/tmd] 2 new commits pushed to _main_ by abdallahn",
                "text": "`<https:\/\/github.com\/silverkeytech\/tmd\/commit\/a8048d2e3819e3e983cf5bff3f3b1b50f8bf2af0|a8048d2e>` - Fix Remaining\n`<https:\/\/github.com\/silverkeytech\/tmd\/commit\/30b50bc51c585791143a890c99b955c2bff5d81a|30b50bc5>` - Merge pull request #3175 from silverkeytech\/AbdallahNasser",
                "pretext": "<https:\/\/github.com\/silverkeytech\/tmd\/compare\/d45f41dfb261...30b50bc51c58|2 new commits> pushed to `<https:\/\/github.com\/silverkeytech\/tmd\/tree\/main|main>` by <https:\/\/github.com\/abdallahn|abdallahn>",
                "footer": "<https:\/\/github.com\/silverkeytech\/tmd|silverkeytech\/tmd>",
                "mrkdwn_in": [
                    "text"
                ]
            }
        ]
    },
    {
        "bot_id": "B01U774L6SJ",
        "type": "message",
        "text": "",
        "user": "U01UE6SLDMH",
        "ts": "1692701964.725699",
        "app_id": "A01BP7R4KNY",
        "team": "T03FVM0K8",
        "bot_profile": {
            "id": "B01U774L6SJ",
            "app_id": "A01BP7R4KNY",
            "name": "GitHub",
            "icons": {
                "image_36": "https:\/\/avatars.slack-edge.com\/2020-11-25\/1527503386626_319578f21381f9641cd8_36.png",
                "image_48": "https:\/\/avatars.slack-edge.com\/2020-11-25\/1527503386626_319578f21381f9641cd8_48.png",
                "image_72": "https:\/\/avatars.slack-edge.com\/2020-11-25\/1527503386626_319578f21381f9641cd8_72.png"
            },
            "deleted": false,
            "updated": 1618484049,
            "team_id": "T03FVM0K8"
        },
        "edited": {
            "user": "B01U774L6SJ",
            "ts": "1692702134.000000"
        },
        "attachments": [
            {
                "id": 1,
                "footer_icon": "https:\/\/slack.github.com\/static\/img\/favicon-neutral.png",
                "ts": 1692701959,
                "color": "6f42c1",
                "fallback": "[silverkeytech\/tmd] Pull request opened by abdallahn",
                "pretext": "Pull request opened by <https:\/\/github.com\/abdallahn|abdallahn>",
                "title": "<https:\/\/github.com\/silverkeytech\/tmd\/pull\/3176|#3176 Fix Permission>",
                "callback_id": "pr-opened-interaction",
                "footer": "<https:\/\/github.com\/silverkeytech\/tmd|silverkeytech\/tmd>",
                "mrkdwn_in": [
                    "text"
                ],
                "actions": [
                    {
                        "id": "1",
                        "name": "comment",
                        "text": "Comment",
                        "type": "button",
                        "value": "{&amp;amp;quot;selectedOrg&amp;amp;quot;:&amp;amp;quot;silverkeytech&amp;amp;quot;,&amp;amp;quot;selectedOrgId&amp;amp;quot;:109834,&amp;amp;quot;selectedRepo&amp;amp;quot;:&amp;amp;quot;tmd&amp;amp;quot;,&amp;amp;quot;selectedRepoId&amp;amp;quot;:466041793,&amp;amp;quot;number&amp;amp;quot;:3176,&amp;amp;quot;htmlUrl&amp;amp;quot;:&amp;amp;quot;https:\/\/github.com\/silverkeytech\/tmd\/pull\/3176&amp;amp;quot;,&amp;amp;quot;title&amp;amp;quot;:&amp;amp;quot;Fix Permission&amp;amp;quot;}",
                        "style": ""
                    }
                ]
            },
            {
                "id": 2,
                "color": "28a745",
                "fallback": "All checks have passed",
                "text": ":white_check_mark: All checks have passed",
                "footer": "1\/1 successful checks"
            }
        ],
        "thread_ts": "1692701964.725699",
        "reply_count": 1,
        "reply_users_count": 1,
        "latest_reply": "1692702133.852199",
        "reply_users": [
            "U01UE6SLDMH"
        ],
        "replies": [
            {
                "user": "U01UE6SLDMH",
                "ts": "1692702133.852199"
            }
        ],
        "is_locked": false,
        "subscribed": false
    },
    {
        "bot_id": "B01U774L6SJ",
        "type": "message",
        "text": "",
        "user": "U01UE6SLDMH",
        "ts": "1692702133.387809",
        "app_id": "A01BP7R4KNY",
        "team": "T03FVM0K8",
        "bot_profile": {
            "id": "B01U774L6SJ",
            "app_id": "A01BP7R4KNY",
            "name": "GitHub",
            "icons": {
                "image_36": "https:\/\/avatars.slack-edge.com\/2020-11-25\/1527503386626_319578f21381f9641cd8_36.png",
                "image_48": "https:\/\/avatars.slack-edge.com\/2020-11-25\/1527503386626_319578f21381f9641cd8_48.png",
                "image_72": "https:\/\/avatars.slack-edge.com\/2020-11-25\/1527503386626_319578f21381f9641cd8_72.png"
            },
            "deleted": false,
            "updated": 1618484049,
            "team_id": "T03FVM0K8"
        },
        "attachments": [
            {
                "id": 1,
                "footer_icon": "https:\/\/slack.github.com\/static\/img\/favicon-neutral.png",
                "color": "24292f",
                "fallback": "[silverkeytech\/tmd] 2 new commits pushed to _main_ by abdallahn",
                "text": "`<https:\/\/github.com\/silverkeytech\/tmd\/commit\/2e5b88e1e08ad1bde70f1115bbadd49a3b204cf3|2e5b88e1>` - Fix Peremesstion\n`<https:\/\/github.com\/silverkeytech\/tmd\/commit\/60cd6d3671ad7fbaa6380f9da88d735bdd85fd1e|60cd6d36>` - Merge pull request #3176 from silverkeytech\/AbdallahNasser",
                "pretext": "<https:\/\/github.com\/silverkeytech\/tmd\/compare\/30b50bc51c58...60cd6d3671ad|2 new commits> pushed to `<https:\/\/github.com\/silverkeytech\/tmd\/tree\/main|main>` by <https:\/\/github.com\/abdallahn|abdallahn>",
                "footer": "<https:\/\/github.com\/silverkeytech\/tmd|silverkeytech\/tmd>",
                "mrkdwn_in": [
                    "text"
                ]
            }
        ]
    },
    {
        "type": "message",
        "subtype": "thread_broadcast",
        "text": "",
        "bot_id": "B01U774L6SJ",
        "ts": "1692702133.852199",
        "thread_ts": "1692701964.725699",
        "root": {
            "bot_id": "B01U774L6SJ",
            "type": "message",
            "text": "",
            "user": "U01UE6SLDMH",
            "ts": "1692701964.725699",
            "app_id": "A01BP7R4KNY",
            "team": "T03FVM0K8",
            "bot_profile": {
                "id": "B01U774L6SJ",
                "app_id": "A01BP7R4KNY",
                "name": "GitHub",
                "icons": {
                    "image_36": "https:\/\/avatars.slack-edge.com\/2020-11-25\/1527503386626_319578f21381f9641cd8_36.png",
                    "image_48": "https:\/\/avatars.slack-edge.com\/2020-11-25\/1527503386626_319578f21381f9641cd8_48.png",
                    "image_72": "https:\/\/avatars.slack-edge.com\/2020-11-25\/1527503386626_319578f21381f9641cd8_72.png"
                },
                "deleted": false,
                "updated": 1618484049,
                "team_id": "T03FVM0K8"
            },
            "edited": {
                "user": "B01U774L6SJ",
                "ts": "1692702134.000000"
            },
            "attachments": [
                {
                    "id": 1,
                    "footer_icon": "https:\/\/slack.github.com\/static\/img\/favicon-neutral.png",
                    "ts": 1692701959,
                    "color": "6f42c1",
                    "fallback": "[silverkeytech\/tmd] Pull request opened by abdallahn",
                    "pretext": "Pull request opened by <https:\/\/github.com\/abdallahn|abdallahn>",
                    "title": "<https:\/\/github.com\/silverkeytech\/tmd\/pull\/3176|#3176 Fix Permission>",
                    "callback_id": "pr-opened-interaction",
                    "footer": "<https:\/\/github.com\/silverkeytech\/tmd|silverkeytech\/tmd>",
                    "mrkdwn_in": [
                        "text"
                    ],
                    "actions": [
                        {
                            "id": "1",
                            "name": "comment",
                            "text": "Comment",
                            "type": "button",
                            "value": "{&amp;amp;quot;selectedOrg&amp;amp;quot;:&amp;amp;quot;silverkeytech&amp;amp;quot;,&amp;amp;quot;selectedOrgId&amp;amp;quot;:109834,&amp;amp;quot;selectedRepo&amp;amp;quot;:&amp;amp;quot;tmd&amp;amp;quot;,&amp;amp;quot;selectedRepoId&amp;amp;quot;:466041793,&amp;amp;quot;number&amp;amp;quot;:3176,&amp;amp;quot;htmlUrl&amp;amp;quot;:&amp;amp;quot;https:\/\/github.com\/silverkeytech\/tmd\/pull\/3176&amp;amp;quot;,&amp;amp;quot;title&amp;amp;quot;:&amp;amp;quot;Fix Permission&amp;amp;quot;}",
                            "style": ""
                        }
                    ]
                },
                {
                    "id": 2,
                    "color": "28a745",
                    "fallback": "All checks have passed",
                    "text": ":white_check_mark: All checks have passed",
                    "footer": "1\/1 successful checks"
                }
            ],
            "thread_ts": "1692701964.725699",
            "reply_count": 1,
            "reply_users_count": 1,
            "latest_reply": "1692702133.852199",
            "reply_users": [
                "U01UE6SLDMH"
            ],
            "replies": [
                {
                    "user": "U01UE6SLDMH",
                    "ts": "1692702133.852199"
                }
            ],
            "is_locked": false,
            "subscribed": false
        },
        "app_id": "A01BP7R4KNY",
        "attachments": [
            {
                "id": 1,
                "footer_icon": "https:\/\/slack.github.com\/static\/img\/favicon-neutral.png",
                "ts": 1692701959,
                "color": "6f42c1",
                "fallback": "[silverkeytech\/tmd] Pull request merged by abdallahn",
                "pretext": "Pull request merged by <https:\/\/github.com\/abdallahn|abdallahn>",
                "title": "<https:\/\/github.com\/silverkeytech\/tmd\/pull\/3176|#3176 Fix Permission>",
                "footer": "<https:\/\/github.com\/silverkeytech\/tmd|silverkeytech\/tmd>"
            }
        ]
    },
    {
        "bot_id": "B01U774L6SJ",
        "type": "message",
        "text": "",
        "user": "U01UE6SLDMH",
        "ts": "1692709448.044949",
        "app_id": "A01BP7R4KNY",
        "team": "T03FVM0K8",
        "bot_profile": {
            "id": "B01U774L6SJ",
            "app_id": "A01BP7R4KNY",
            "name": "GitHub",
            "icons": {
                "image_36": "https:\/\/avatars.slack-edge.com\/2020-11-25\/1527503386626_319578f21381f9641cd8_36.png",
                "image_48": "https:\/\/avatars.slack-edge.com\/2020-11-25\/1527503386626_319578f21381f9641cd8_48.png",
                "image_72": "https:\/\/avatars.slack-edge.com\/2020-11-25\/1527503386626_319578f21381f9641cd8_72.png"
            },
            "deleted": false,
            "updated": 1618484049,
            "team_id": "T03FVM0K8"
        },
        "attachments": [
            {
                "id": 1,
                "footer_icon": "https:\/\/slack.github.com\/static\/img\/favicon-neutral.png",
                "ts": 1692709443,
                "color": "36a64f",
                "fallback": "[silverkeytech\/tmd] Issue opened by WaleedMuhammed14",
                "pretext": "Issue created by <https:\/\/github.com\/WaleedMuhammed14|WaleedMuhammed14>",
                "title": "<https:\/\/github.com\/silverkeytech\/tmd\/issues\/3177|#3177 Data backup >",
                "callback_id": "issue-opened-interaction",
                "footer": "<https:\/\/github.com\/silverkeytech\/tmd|silverkeytech\/tmd>",
                "fields": [
                    {
                        "value": "<https:\/\/github.com\/abdallahn|@abdallahn>",
                        "title": "Assignees",
                        "short": true
                    }
                ],
                "mrkdwn_in": [
                    "text"
                ],
                "actions": [
                    {
                        "id": "1",
                        "name": "comment",
                        "text": "Comment",
                        "type": "button",
                        "value": "{&amp;amp;quot;selectedOrg&amp;amp;quot;:&amp;amp;quot;silverkeytech&amp;amp;quot;,&amp;amp;quot;selectedOrgId&amp;amp;quot;:109834,&amp;amp;quot;selectedRepo&amp;amp;quot;:&amp;amp;quot;tmd&amp;amp;quot;,&amp;amp;quot;selectedRepoId&amp;amp;quot;:466041793,&amp;amp;quot;issueNumber&amp;amp;quot;:3177,&amp;amp;quot;issueHtmlUrl&amp;amp;quot;:&amp;amp;quot;https:\/\/github.com\/silverkeytech\/tmd\/issues\/3177&amp;amp;quot;,&amp;amp;quot;issueTitle&amp;amp;quot;:&amp;amp;quot;Data backup &amp;amp;quot;}",
                        "style": ""
                    },
                    {
                        "id": "2",
                        "name": "edit",
                        "text": "Edit",
                        "type": "button",
                        "value": "{&amp;amp;quot;selectedOrg&amp;amp;quot;:&amp;amp;quot;silverkeytech&amp;amp;quot;,&amp;amp;quot;selectedOrgId&amp;amp;quot;:109834,&amp;amp;quot;selectedRepo&amp;amp;quot;:&amp;amp;quot;tmd&amp;amp;quot;,&amp;amp;quot;selectedRepoId&amp;amp;quot;:466041793,&amp;amp;quot;issueNumber&amp;amp;quot;:3177,&amp;amp;quot;issueHtmlUrl&amp;amp;quot;:&amp;amp;quot;https:\/\/github.com\/silverkeytech\/tmd\/issues\/3177&amp;amp;quot;,&amp;amp;quot;issueTitle&amp;amp;quot;:&amp;amp;quot;Data backup &amp;amp;quot;}",
                        "style": ""
                    },
                    {
                        "id": "3",
                        "name": "close",
                        "text": "Close",
                        "type": "button",
                        "value": "{&amp;amp;quot;selectedOrg&amp;amp;quot;:&amp;amp;quot;silverkeytech&amp;amp;quot;,&amp;amp;quot;selectedOrgId&amp;amp;quot;:109834,&amp;amp;quot;selectedRepo&amp;amp;quot;:&amp;amp;quot;tmd&amp;amp;quot;,&amp;amp;quot;selectedRepoId&amp;amp;quot;:466041793,&amp;amp;quot;issueNumber&amp;amp;quot;:3177,&amp;amp;quot;issueHtmlUrl&amp;amp;quot;:&amp;amp;quot;https:\/\/github.com\/silverkeytech\/tmd\/issues\/3177&amp;amp;quot;,&amp;amp;quot;issueTitle&amp;amp;quot;:&amp;amp;quot;Data backup &amp;amp;quot;}",
                        "style": "danger"
                    }
                ]
            }
        ]
    },
    {
        "bot_id": "B01U774L6SJ",
        "type": "message",
        "text": "",
        "user": "U01UE6SLDMH",
        "ts": "1692709544.506379",
        "app_id": "A01BP7R4KNY",
        "team": "T03FVM0K8",
        "bot_profile": {
            "id": "B01U774L6SJ",
            "app_id": "A01BP7R4KNY",
            "name": "GitHub",
            "icons": {
                "image_36": "https:\/\/avatars.slack-edge.com\/2020-11-25\/1527503386626_319578f21381f9641cd8_36.png",
                "image_48": "https:\/\/avatars.slack-edge.com\/2020-11-25\/1527503386626_319578f21381f9641cd8_48.png",
                "image_72": "https:\/\/avatars.slack-edge.com\/2020-11-25\/1527503386626_319578f21381f9641cd8_72.png"
            },
            "deleted": false,
            "updated": 1618484049,
            "team_id": "T03FVM0K8"
        },
        "edited": {
            "user": "B01U774L6SJ",
            "ts": "1692709545.000000"
        },
        "attachments": [
            {
                "id": 1,
                "footer_icon": "https:\/\/slack.github.com\/static\/img\/favicon-neutral.png",
                "ts": 1692709536,
                "color": "36a64f",
                "fallback": "[silverkeytech\/tmd] Issue opened by WaleedMuhammed14",
                "text": "• We need to add new screen inside the court for the applications to can assign judges",
                "pretext": "Issue created by <https:\/\/github.com\/WaleedMuhammed14|WaleedMuhammed14>",
                "title": "<https:\/\/github.com\/silverkeytech\/tmd\/issues\/3178|#3178 Create new screen to show the applications in the judge movement >",
                "callback_id": "issue-opened-interaction",
                "footer": "<https:\/\/github.com\/silverkeytech\/tmd|silverkeytech\/tmd>",
                "fields": [
                    {
                        "value": "<https:\/\/github.com\/abdallahn|@abdallahn>",
                        "title": "Assignees",
                        "short": true
                    },
                    {
                        "value": "enhancement, Judge Movement",
                        "title": "Labels",
                        "short": true
                    }
                ],
                "mrkdwn_in": [
                    "text"
                ],
                "actions": [
                    {
                        "id": "1",
                        "name": "comment",
                        "text": "Comment",
                        "type": "button",
                        "value": "{&amp;amp;quot;selectedOrg&amp;amp;quot;:&amp;amp;quot;silverkeytech&amp;amp;quot;,&amp;amp;quot;selectedOrgId&amp;amp;quot;:109834,&amp;amp;quot;selectedRepo&amp;amp;quot;:&amp;amp;quot;tmd&amp;amp;quot;,&amp;amp;quot;selectedRepoId&amp;amp;quot;:466041793,&amp;amp;quot;issueNumber&amp;amp;quot;:3178,&amp;amp;quot;issueHtmlUrl&amp;amp;quot;:&amp;amp;quot;https:\/\/github.com\/silverkeytech\/tmd\/issues\/3178&amp;amp;quot;,&amp;amp;quot;issueTitle&amp;amp;quot;:&amp;amp;quot;Create new screen to show the applications in the judge movement &amp;amp;quot;}",
                        "style": ""
                    },
                    {
                        "id": "2",
                        "name": "edit",
                        "text": "Edit",
                        "type": "button",
                        "value": "{&amp;amp;quot;selectedOrg&amp;amp;quot;:&amp;amp;quot;silverkeytech&amp;amp;quot;,&amp;amp;quot;selectedOrgId&amp;amp;quot;:109834,&amp;amp;quot;selectedRepo&amp;amp;quot;:&amp;amp;quot;tmd&amp;amp;quot;,&amp;amp;quot;selectedRepoId&amp;amp;quot;:466041793,&amp;amp;quot;issueNumber&amp;amp;quot;:3178,&amp;amp;quot;issueHtmlUrl&amp;amp;quot;:&amp;amp;quot;https:\/\/github.com\/silverkeytech\/tmd\/issues\/3178&amp;amp;quot;,&amp;amp;quot;issueTitle&amp;amp;quot;:&amp;amp;quot;Create new screen to show the applications in the judge movement &amp;amp;quot;}",
                        "style": ""
                    },
                    {
                        "id": "3",
                        "name": "close",
                        "text": "Close",
                        "type": "button",
                        "value": "{&amp;amp;quot;selectedOrg&amp;amp;quot;:&amp;amp;quot;silverkeytech&amp;amp;quot;,&amp;amp;quot;selectedOrgId&amp;amp;quot;:109834,&amp;amp;quot;selectedRepo&amp;amp;quot;:&amp;amp;quot;tmd&amp;amp;quot;,&amp;amp;quot;selectedRepoId&amp;amp;quot;:466041793,&amp;amp;quot;issueNumber&amp;amp;quot;:3178,&amp;amp;quot;issueHtmlUrl&amp;amp;quot;:&amp;amp;quot;https:\/\/github.com\/silverkeytech\/tmd\/issues\/3178&amp;amp;quot;,&amp;amp;quot;issueTitle&amp;amp;quot;:&amp;amp;quot;Create new screen to show the applications in the judge movement &amp;amp;quot;}",
                        "style": "danger"
                    }
                ]
            }
        ]
    },
    {
        "bot_id": "B01U774L6SJ",
        "type": "message",
        "text": "",
        "user": "U01UE6SLDMH",
        "ts": "1692715623.476259",
        "app_id": "A01BP7R4KNY",
        "team": "T03FVM0K8",
        "bot_profile": {
            "id": "B01U774L6SJ",
            "app_id": "A01BP7R4KNY",
            "name": "GitHub",
            "icons": {
                "image_36": "https:\/\/avatars.slack-edge.com\/2020-11-25\/1527503386626_319578f21381f9641cd8_36.png",
                "image_48": "https:\/\/avatars.slack-edge.com\/2020-11-25\/1527503386626_319578f21381f9641cd8_48.png",
                "image_72": "https:\/\/avatars.slack-edge.com\/2020-11-25\/1527503386626_319578f21381f9641cd8_72.png"
            },
            "deleted": false,
            "updated": 1618484049,
            "team_id": "T03FVM0K8"
        },
        "edited": {
            "user": "B01U774L6SJ",
            "ts": "1692715624.000000"
        },
        "attachments": [
            {
                "id": 1,
                "footer_icon": "https:\/\/slack.github.com\/static\/img\/favicon-neutral.png",
                "ts": 1692715619,
                "color": "36a64f",
                "fallback": "[silverkeytech\/tmd] Issue opened by WaleedMuhammed14",
                "pretext": "Issue created by <https:\/\/github.com\/WaleedMuhammed14|WaleedMuhammed14>",
                "title": "<https:\/\/github.com\/silverkeytech\/tmd\/issues\/3179|#3179 Search flexibility >",
                "callback_id": "issue-opened-interaction",
                "footer": "<https:\/\/github.com\/silverkeytech\/tmd|silverkeytech\/tmd>",
                "fields": [
                    {
                        "value": "<https:\/\/github.com\/abdallahn|@abdallahn>",
                        "title": "Assignees",
                        "short": true
                    },
                    {
                        "value": "enhancement",
                        "title": "Labels",
                        "short": true
                    }
                ],
                "mrkdwn_in": [
                    "text"
                ],
                "actions": [
                    {
                        "id": "1",
                        "name": "comment",
                        "text": "Comment",
                        "type": "button",
                        "value": "{&amp;amp;quot;selectedOrg&amp;amp;quot;:&amp;amp;quot;silverkeytech&amp;amp;quot;,&amp;amp;quot;selectedOrgId&amp;amp;quot;:109834,&amp;amp;quot;selectedRepo&amp;amp;quot;:&amp;amp;quot;tmd&amp;amp;quot;,&amp;amp;quot;selectedRepoId&amp;amp;quot;:466041793,&amp;amp;quot;issueNumber&amp;amp;quot;:3179,&amp;amp;quot;issueHtmlUrl&amp;amp;quot;:&amp;amp;quot;https:\/\/github.com\/silverkeytech\/tmd\/issues\/3179&amp;amp;quot;,&amp;amp;quot;issueTitle&amp;amp;quot;:&amp;amp;quot;Search flexibility &amp;amp;quot;}",
                        "style": ""
                    },
                    {
                        "id": "2",
                        "name": "edit",
                        "text": "Edit",
                        "type": "button",
                        "value": "{&amp;amp;quot;selectedOrg&amp;amp;quot;:&amp;amp;quot;silverkeytech&amp;amp;quot;,&amp;amp;quot;selectedOrgId&amp;amp;quot;:109834,&amp;amp;quot;selectedRepo&amp;amp;quot;:&amp;amp;quot;tmd&amp;amp;quot;,&amp;amp;quot;selectedRepoId&amp;amp;quot;:466041793,&amp;amp;quot;issueNumber&amp;amp;quot;:3179,&amp;amp;quot;issueHtmlUrl&amp;amp;quot;:&amp;amp;quot;https:\/\/github.com\/silverkeytech\/tmd\/issues\/3179&amp;amp;quot;,&amp;amp;quot;issueTitle&amp;amp;quot;:&amp;amp;quot;Search flexibility &amp;amp;quot;}",
                        "style": ""
                    },
                    {
                        "id": "3",
                        "name": "close",
                        "text": "Close",
                        "type": "button",
                        "value": "{&amp;amp;quot;selectedOrg&amp;amp;quot;:&amp;amp;quot;silverkeytech&amp;amp;quot;,&amp;amp;quot;selectedOrgId&amp;amp;quot;:109834,&amp;amp;quot;selectedRepo&amp;amp;quot;:&amp;amp;quot;tmd&amp;amp;quot;,&amp;amp;quot;selectedRepoId&amp;amp;quot;:466041793,&amp;amp;quot;issueNumber&amp;amp;quot;:3179,&amp;amp;quot;issueHtmlUrl&amp;amp;quot;:&amp;amp;quot;https:\/\/github.com\/silverkeytech\/tmd\/issues\/3179&amp;amp;quot;,&amp;amp;quot;issueTitle&amp;amp;quot;:&amp;amp;quot;Search flexibility &amp;amp;quot;}",
                        "style": "danger"
                    }
                ]
            }
        ]
    }
]