[
{
    "id": "C03FVM0KG",
    "name": "general",
    "created": 1422424125,
    "creator": "U03FVM0KA",
    "is_archived": false,
    "is_general": true,
    "members": [
        "U03FVBQTR",
        "U03FVM0KA",
        "U03FWCWLL",
        "U03FWLKUN",
        "U1A6L8649",
        "U1LF0P0LB",
        "U5VBQ76G3",
        "U7CHCKH7B",
        "UA6R38XA8",
        "UASMV9W7N",
        "UAWHVVB8X",
        "UD7FEGEF8",
        "UDDJGP5CL",
        "UDP9B6K6K",
        "UGUP6SQUT",
        "UK2KQLACC",
        "UKPG594HH",
        "UKTFWA4AC",
        "UN4K20264",
        "UUB64KVPC",
        "UUPUC5880",
        "U01A2EPV0BA",
        "U01C63XNDQ8",
        "U01J6S6PP8E",
        "U01JHGNLXTP",
        "U01V3U7T0JC",
        "U023D3C7UBX",
        "U0273QC9Q13",
        "U02767Y6QHY",
        "U02784N2AQ7",
        "U027C3PDVQC",
        "U027JMN1NUR",
        "U027PSQ8ZUK",
        "U027V0C9KEY",
        "U02D2MEC25P",
        "U02D7GP9FRS",
        "U02HJ8E8H2L",
        "U02P5PUDENL",
        "U034X8927KL",
        "U0436S8PYJH",
        "U04509JHX54",
        "U046VDR7X60",
        "U048P9RUFHD",
        "U048RH7A2BY",
        "U04NU1DH41X",
        "U050Z8GF28P",
        "U05DMR1NYH5",
        "U05DMR335M5",
        "U05DVMH0CSJ",
        "U05DVMHBGF8",
        "U05DZD9DDGV",
        "U05E27TDRC3",
        "U05E27TG3EF",
        "U05E2BBU3AN",
        "U05E2BBUNCA",
        "U05E2BDNG1G",
        "U05E2BE5E9G",
        "U05E2BF528J",
        "U05E4Q5CJJY",
        "U05EF0GJ1L1",
        "U05ES2TQ40Y",
        "U05ES2V9WKS",
        "U05FLR73T2S",
        "U05HQPS132N",
        "U05KDUMB8R0",
        "U05N9C6DS3A"
    ],
    "pins": [
        {
            "id": "1682865228.756399",
            "type": "C",
            "created": 1685872504,
            "user": "U02P5PUDENL",
            "owner": "U03FVBQTR"
        },
        {
            "id": "1688515171.707339",
            "type": "C",
            "created": 1688526126,
            "user": "U03FWCWLL",
            "owner": "U03FWCWLL"
        },
        {
            "id": "1689510476.593239",
            "type": "C",
            "created": 1689672813,
            "user": "UA6R38XA8",
            "owner": "U03FVM0KA"
        }
    ],
    "topic": {
        "value": "",
        "creator": "",
        "last_set": 0
    },
    "purpose": {
        "value": "This channel is for team-wide communication and announcements. All team members are in this channel.",
        "creator": "",
        "last_set": 0
    }
},
{
    "id": "C03FVM0KJ",
    "name": "random",
    "created": 1422424125,
    "creator": "U03FVM0KA",
    "is_archived": false,
    "is_general": false,
    "members": [
        "U03FVBQTR",
        "U03FVM0KA",
        "U03FWLKUN",
        "U1A6L8649",
        "U1LF0P0LB",
        "U5VBQ76G3",
        "U7CHCKH7B",
        "UA6R38XA8",
        "UAWHVVB8X",
        "UD7FEGEF8",
        "UDDJGP5CL",
        "UDP9B6K6K",
        "UGUP6SQUT",
        "UK2KQLACC",
        "UKPG594HH",
        "UKTFWA4AC",
        "UN4K20264",
        "UUB64KVPC",
        "UUPUC5880",
        "U01A2EPV0BA",
        "U01C63XNDQ8",
        "U01J6S6PP8E",
        "U01JHGNLXTP",
        "U01V3U7T0JC",
        "U023D3C7UBX",
        "U0273QC9Q13",
        "U02767Y6QHY",
        "U02784N2AQ7",
        "U027C3PDVQC",
        "U027JMN1NUR",
        "U027PSQ8ZUK",
        "U027V0C9KEY",
        "U02D2MEC25P",
        "U02D7GP9FRS",
        "U02HJ8E8H2L",
        "U034X8927KL",
        "U0436S8PYJH",
        "U046VDR7X60",
        "U048P9RUFHD",
        "U048RH7A2BY",
        "U04NU1DH41X",
        "U050Z8GF28P",
        "U05DMR1NYH5",
        "U05DMR335M5",
        "U05DVMH0CSJ",
        "U05DVMHBGF8",
        "U05DZD9DDGV",
        "U05E27TDRC3",
        "U05E27TG3EF",
        "U05E2BBU3AN",
        "U05E2BBUNCA",
        "U05E2BDNG1G",
        "U05E2BE5E9G",
        "U05E2BF528J",
        "U05E4Q5CJJY",
        "U05EF0GJ1L1",
        "U05ES2TQ40Y",
        "U05ES2V9WKS",
        "U05FLR73T2S",
        "U05HQPS132N",
        "U05KDUMB8R0",
        "U05N9C6DS3A"
    ],
    "topic": {
        "value": "",
        "creator": "",
        "last_set": 0
    },
    "purpose": {
        "value": "A place for non-work banter, links, articles of interest, humor or anything else which you'd like concentrated in some place other than work-related channels.",
        "creator": "",
        "last_set": 0
    }
},
{
    "id": "C03FVMK68",
    "name": "labs",
    "created": 1422424342,
    "creator": "U03FVM0KA",
    "is_archived": false,
    "is_general": false,
    "members": [
        "U03FVBQTR",
        "U03FVM0KA",
        "U03FWCWLL",
        "U03FWLKUN",
        "U1LF0P0LB",
        "UA6R38XA8",
        "UASMV9W7N",
        "UD7FEGEF8",
        "UDDJGP5CL",
        "UGUP6SQUT",
        "UK2KQLACC",
        "UKPG594HH",
        "UUB64KVPC",
        "UUPUC5880",
        "U01A2EPV0BA",
        "U01C63XNDQ8",
        "U01J6S6PP8E",
        "U01JHGNLXTP",
        "U023D3C7UBX",
        "U0273QC9Q13",
        "U02767Y6QHY",
        "U02784N2AQ7",
        "U027C3PDVQC",
        "U027JMN1NUR",
        "U027PSQ8ZUK",
        "U027V0C9KEY",
        "U02D2MEC25P",
        "U02D7GP9FRS",
        "U02HJ8E8H2L",
        "U02P5PUDENL",
        "U034X8927KL",
        "U0436S8PYJH",
        "U04509JHX54",
        "U046VDR7X60",
        "U048P9RUFHD",
        "U048RH7A2BY",
        "U05DMR1NYH5",
        "U05DMR335M5",
        "U05DZD9DDGV",
        "U05E27TG3EF",
        "U05E2BDNG1G",
        "U05E2BF528J",
        "U05E4Q5CJJY",
        "U05EF0GJ1L1",
        "U05ES2V9WKS",
        "U05FLR73T2S",
        "U05HQPS132N"
    ],
    "pins": [
        {
            "id": "1631369675.017100",
            "type": "C",
            "created": 1631370192,
            "user": "U03FVM0KA",
            "owner": "U03FVM0KA"
        },
        {
            "id": "1661960619.958349",
            "type": "C",
            "created": 1666733231,
            "user": "UGUP6SQUT",
            "owner": "U01JHGNLXTP"
        }
    ],
    "topic": {
        "value": "",
        "creator": "",
        "last_set": 0
    },
    "purpose": {
        "value": "Ideas development, cool hack, random links",
        "creator": "U03FVM0KA",
        "last_set": 1422424342
    }
},
{
    "id": "C01U3QGTR4L",
    "name": "pony-checkin",
    "created": 1618135341,
    "creator": "U03FVM0KA",
    "is_archived": false,
    "is_general": false,
    "members": [
        "U03FVM0KA",
        "U03FWLKUN",
        "UA6R38XA8",
        "UASMV9W7N",
        "UD7FEGEF8",
        "UDDJGP5CL",
        "UGUP6SQUT",
        "UUB64KVPC",
        "U01A2EPV0BA",
        "U01C63XNDQ8",
        "U01JHGNLXTP",
        "U046VDR7X60"
    ],
    "topic": {
        "value": "",
        "creator": "",
        "last_set": 0
    },
    "purpose": {
        "value": "",
        "creator": "",
        "last_set": 0
    }
},
{
    "id": "C02DMH6B3NG",
    "name": "sfsd-me-system-github",
    "created": 1630831749,
    "creator": "U03FVM0KA",
    "is_archived": false,
    "is_general": false,
    "members": [
        "U03FVM0KA",
        "UA6R38XA8",
        "UDDJGP5CL",
        "UUPUC5880",
        "U01C63XNDQ8",
        "U027JMN1NUR",
        "U027PSQ8ZUK",
        "U027V0C9KEY"
    ],
    "topic": {
        "value": "",
        "creator": "",
        "last_set": 0
    },
    "purpose": {
        "value": "Github messages for SFSD website",
        "creator": "U03FVM0KA",
        "last_set": 1630831750
    }
},
{
    "id": "C02NEDW4DE1",
    "name": "thamm-github",
    "created": 1637764389,
    "creator": "U03FVM0KA",
    "is_archived": false,
    "is_general": false,
    "members": [
        "U03FVM0KA",
        "U023D3C7UBX",
        "U02784N2AQ7",
        "U02D7GP9FRS",
        "U034X8927KL"
    ],
    "topic": {
        "value": "",
        "creator": "",
        "last_set": 0
    },
    "purpose": {
        "value": "",
        "creator": "",
        "last_set": 0
    }
},
{
    "id": "C02P5LJPK4H",
    "name": "inspection-github",
    "created": 1638086810,
    "creator": "U03FVM0KA",
    "is_archived": false,
    "is_general": false,
    "members": [
        "U03FVM0KA",
        "U03FWLKUN"
    ],
    "topic": {
        "value": "",
        "creator": "",
        "last_set": 0
    },
    "purpose": {
        "value": "",
        "creator": "",
        "last_set": 0
    }
},
{
    "id": "C02P71NC2RW",
    "name": "giz-edu-inspection-github",
    "created": 1637763454,
    "creator": "U03FVM0KA",
    "is_archived": false,
    "is_general": false,
    "members": [
        "U03FVM0KA",
        "UD7FEGEF8",
        "U027C3PDVQC",
        "U02P5PUDENL",
        "U05FLR73T2S"
    ],
    "topic": {
        "value": "",
        "creator": "",
        "last_set": 0
    },
    "purpose": {
        "value": "",
        "creator": "",
        "last_set": 0
    }
},
{
    "id": "C03AULQB6HG",
    "name": "tmd-github",
    "created": 1649497217,
    "creator": "U03FVM0KA",
    "is_archived": false,
    "is_general": false,
    "members": [
        "U03FVM0KA",
        "UA6R38XA8",
        "UDDJGP5CL",
        "U0273QC9Q13",
        "U02P5PUDENL",
        "U034X8927KL"
    ],
    "topic": {
        "value": "",
        "creator": "",
        "last_set": 0
    },
    "purpose": {
        "value": "Channel for TMD Github Activities",
        "creator": "U03FVM0KA",
        "last_set": 1649497219
    }
},
{
    "id": "C03LW3E5L9X",
    "name": "taly-bill-pay-github",
    "created": 1655814513,
    "creator": "U03FVM0KA",
    "is_archived": false,
    "is_general": false,
    "members": [
        "U03FVM0KA",
        "UGUP6SQUT",
        "U027V0C9KEY",
        "U0436S8PYJH"
    ],
    "topic": {
        "value": "",
        "creator": "",
        "last_set": 0
    },
    "purpose": {
        "value": "",
        "creator": "",
        "last_set": 0
    }
},
{
    "id": "C0451FY2XT4",
    "name": "tmd-judges-mvmt",
    "created": 1664883993,
    "creator": "U03FVBQTR",
    "is_archived": false,
    "is_general": false,
    "members": [
        "U03FVBQTR",
        "U03FVM0KA",
        "UA6R38XA8",
        "UDDJGP5CL",
        "UGUP6SQUT",
        "U01A2EPV0BA",
        "U01V3U7T0JC",
        "U02P5PUDENL",
        "U034X8927KL",
        "U046VDR7X60"
    ],
    "pins": [
        {
            "id": "1686047626.246009",
            "type": "C",
            "created": 1686047779,
            "user": "U01V3U7T0JC",
            "owner": "UA6R38XA8"
        }
    ],
    "topic": {
        "value": "",
        "creator": "",
        "last_set": 0
    },
    "purpose": {
        "value": "",
        "creator": "",
        "last_set": 0
    }
},
{
    "id": "C04U78SKPST",
    "name": "ask-hub",
    "created": 1679213511,
    "creator": "U027C3PDVQC",
    "is_archived": false,
    "is_general": false,
    "members": [
        "U03FVBQTR",
        "U03FVM0KA",
        "U03FWLKUN",
        "U1LF0P0LB",
        "UA6R38XA8",
        "UASMV9W7N",
        "UD7FEGEF8",
        "UDDJGP5CL",
        "UGUP6SQUT",
        "UK2KQLACC",
        "UKPG594HH",
        "UKTFWA4AC",
        "UUB64KVPC",
        "UUPUC5880",
        "U01A2EPV0BA",
        "U01C63XNDQ8",
        "U01J6S6PP8E",
        "U01JHGNLXTP",
        "U01V3U7T0JC",
        "U0273QC9Q13",
        "U02767Y6QHY",
        "U027C3PDVQC",
        "U027JMN1NUR",
        "U027PSQ8ZUK",
        "U027V0C9KEY",
        "U02D2MEC25P",
        "U02D7GP9FRS",
        "U02HJ8E8H2L",
        "U02P5PUDENL",
        "U034X8927KL",
        "U0436S8PYJH",
        "U04509JHX54",
        "U046VDR7X60",
        "U048P9RUFHD",
        "U048RH7A2BY",
        "U04NU1DH41X",
        "U050Z8GF28P",
        "U05DMR1NYH5",
        "U05DMR335M5",
        "U05DVMH0CSJ",
        "U05DVMHBGF8",
        "U05DZD9DDGV",
        "U05E27TDRC3",
        "U05E27TG3EF",
        "U05E2BBU3AN",
        "U05E2BBUNCA",
        "U05E2BDNG1G",
        "U05E2BE5E9G",
        "U05E2BF528J",
        "U05E4Q5CJJY",
        "U05EF0GJ1L1",
        "U05ES2TQ40Y",
        "U05ES2V9WKS",
        "U05HQPS132N"
    ],
    "topic": {
        "value": "",
        "creator": "",
        "last_set": 0
    },
    "purpose": {
        "value": "",
        "creator": "",
        "last_set": 0
    }
},
{
    "id": "C05DMQXTYKH",
    "name": "summer-2023",
    "created": 1687597283,
    "creator": "U03FVM0KA",
    "is_archived": false,
    "is_general": false,
    "members": [
        "U03FVM0KA",
        "UD7FEGEF8",
        "U05DMR1NYH5",
        "U05DMR335M5",
        "U05DVMH0CSJ",
        "U05DVMHBGF8",
        "U05DZD9DDGV",
        "U05E27TDRC3",
        "U05E27TG3EF",
        "U05E2BBU3AN",
        "U05E2BBUNCA",
        "U05E2BDNG1G",
        "U05E2BF528J",
        "U05E4Q5CJJY",
        "U05EF0GJ1L1",
        "U05ES2TQ40Y",
        "U05ES2V9WKS",
        "U05HQPS132N"
    ],
    "topic": {
        "value": "",
        "creator": "",
        "last_set": 0
    },
    "purpose": {
        "value": "",
        "creator": "",
        "last_set": 0
    }
},
{
    "id": "C05HR4EMNQ5",
    "name": "attendance",
    "created": 1689788729,
    "creator": "U03FWCWLL",
    "is_archived": false,
    "is_general": false,
    "members": [
        "U03FVBQTR",
        "U03FVM0KA",
        "U03FWCWLL",
        "U03FWLKUN",
        "U1A6L8649",
        "U1LF0P0LB",
        "U5VBQ76G3",
        "U7CHCKH7B",
        "UA6R38XA8",
        "UASMV9W7N",
        "UAWHVVB8X",
        "UD7FEGEF8",
        "UDDJGP5CL",
        "UDP9B6K6K",
        "UGUP6SQUT",
        "UKPG594HH",
        "UKTFWA4AC",
        "UN4K20264",
        "UUB64KVPC",
        "UUPUC5880",
        "U01A2EPV0BA",
        "U01C63XNDQ8",
        "U01J6S6PP8E",
        "U01JHGNLXTP",
        "U01V3U7T0JC",
        "U023D3C7UBX",
        "U0273QC9Q13",
        "U02767Y6QHY",
        "U02784N2AQ7",
        "U027C3PDVQC",
        "U027JMN1NUR",
        "U027PSQ8ZUK",
        "U027V0C9KEY",
        "U02D2MEC25P",
        "U02D7GP9FRS",
        "U02HJ8E8H2L",
        "U02P5PUDENL",
        "U034X8927KL",
        "U0436S8PYJH",
        "U04509JHX54",
        "U046VDR7X60",
        "U048P9RUFHD",
        "U048RH7A2BY",
        "U04NU1DH41X",
        "U050Z8GF28P",
        "U05DMR1NYH5",
        "U05DMR335M5",
        "U05DVMH0CSJ",
        "U05DVMHBGF8",
        "U05DZD9DDGV",
        "U05E27TDRC3",
        "U05E27TG3EF",
        "U05E2BBU3AN",
        "U05E2BBUNCA",
        "U05E2BDNG1G",
        "U05E2BE5E9G",
        "U05E2BF528J",
        "U05E4Q5CJJY",
        "U05EF0GJ1L1",
        "U05ES2TQ40Y",
        "U05ES2V9WKS",
        "U05FLR73T2S",
        "U05HQPS132N",
        "U05KDUMB8R0",
        "U05N9C6DS3A"
    ],
    "topic": {
        "value": "",
        "creator": "",
        "last_set": 0
    },
    "purpose": {
        "value": "",
        "creator": "",
        "last_set": 0
    }
}
]