[
{"user_id":"U03FVM0KA","user_name":"dodyg","date":"1692600628","change_type":"enabled","reason":"user","service_id":5593952074391,"service_type":"Incoming WebHooks","scope":"incoming-webhook","channel":"C05HR4EMNQ5"},
{"user_id":0,"user_name":"slack","date":"1692527553","change_type":"disabled","reason":"channel_archive","service_id":5593952074391,"service_type":"Incoming WebHooks","scope":"incoming-webhook"},
{"user_id":"U027V0C9KEY","user_name":"amrz","date":"1690873786","change_type":"expanded","app_type":"Google Calendar","app_id":"ADZ494LHY"},
{"user_id":"U027V0C9KEY","user_name":"amrz","date":"1690873786","change_type":"added","app_type":"Google Calendar","app_id":"ADZ494LHY","scope":"identify,users.profile:write"},
{"user_id":0,"user_name":"slack","date":"1690484697","change_type":"app_collaborator_added","app_type":"chatbot","app_id":"A05K4H70342"},
{"user_id":"U03FWCWLL","user_name":"sherifr","date":"1689823131","change_type":"updated","service_id":5593952074391,"service_type":"Incoming WebHooks","scope":"incoming-webhook","channel":"C05HR4EMNQ5"},
{"user_id":"U03FWCWLL","user_name":"sherifr","date":"1689822887","change_type":"updated","service_id":5593952074391,"service_type":"Incoming WebHooks","scope":"incoming-webhook","channel":"C05HR4EMNQ5"},
{"user_id":"U03FWCWLL","user_name":"sherifr","date":"1689822671","change_type":"added","service_id":5593952074391,"service_type":"Incoming WebHooks","scope":"incoming-webhook","channel":"C05HR4EMNQ5"},
{"user_id":"U04509JHX54","user_name":"bassela","date":"1687625498","change_type":"expanded","app_type":"Google Calendar","app_id":"ADZ494LHY"},
{"user_id":"U04509JHX54","user_name":"bassela","date":"1687625497","change_type":"added","app_type":"Google Calendar","app_id":"ADZ494LHY","scope":"identify,users.profile:write"},
{"user_id":0,"user_name":"slack","date":"1687333496","change_type":"removed","reason":"team_downgrade","app_type":"Outlook Calendar","app_id":"AFV5ECLBZ"},
{"user_id":0,"user_name":"slack","date":"1687333495","change_type":"removed","reason":"team_downgrade","app_type":"Outlook Calendar","app_id":"AFV5ECLBZ","scope":"identify,users.profile:write"},
{"user_id":"UDDJGP5CL","user_name":"mohammedo","date":"1678619245","change_type":"added","app_type":"Outlook Calendar","app_id":"AFV5ECLBZ"},
{"user_id":"UDDJGP5CL","user_name":"mohammedo","date":"1678619244","change_type":"added","app_type":"Outlook Calendar","app_id":"AFV5ECLBZ","scope":"identify,users.profile:write"},
{"user_id":"U03FWCWLL","user_name":"sherifr","date":"1678619223","change_type":"app_whitelist_added","resolution":"approved","app_type":"Outlook Calendar","app_id":"AFV5ECLBZ"},
{"user_id":"USLACKBOT","user_name":"slackbot","date":"1678619208","change_type":"app_allowlist_rule_executed","app_type":"Outlook Calendar","app_id":"AFV5ECLBZ"},
{"user_id":"UDDJGP5CL","user_name":"mohammedo","date":"1678619206","change_type":"app_whitelist_requested","app_type":"Outlook Calendar","app_id":"AFV5ECLBZ"},
{"user_id":"U03FVBQTR","user_name":"taherelshafei","date":"1678191987","change_type":"expanded","app_type":"Google Calendar","app_id":"ADZ494LHY"},
{"user_id":"U03FVBQTR","user_name":"taherelshafei","date":"1678191987","change_type":"added","app_type":"Google Calendar","app_id":"ADZ494LHY","scope":"identify,users.profile:write"},
{"user_id":"U01C63XNDQ8","user_name":"dina","date":"1678188899","change_type":"added","app_type":"Google Calendar","app_id":"ADZ494LHY"},
{"user_id":"U01C63XNDQ8","user_name":"dina","date":"1678188898","change_type":"added","app_type":"Google Calendar","app_id":"ADZ494LHY","scope":"identify,users.profile:write"},
{"user_id":"U03FVM0KA","user_name":"dodyg","date":"1678188879","change_type":"app_whitelist_added","resolution":"approved","app_type":"Google Calendar","app_id":"ADZ494LHY"},
{"user_id":"USLACKBOT","user_name":"slackbot","date":"1678188859","change_type":"app_allowlist_rule_executed","app_type":"Google Calendar","app_id":"ADZ494LHY"},
{"user_id":"U01C63XNDQ8","user_name":"dina","date":"1678188858","change_type":"app_whitelist_requested","app_type":"Google Calendar","app_id":"ADZ494LHY"},
{"user_id":"U03FVM0KA","user_name":"dodyg","date":"1678188696","change_type":"app_whitelist_added","resolution":"approved","app_type":"Google Calendar for Team Events (Legacy)","app_id":"A0F8149ED"},
{"user_id":"USLACKBOT","user_name":"slackbot","date":"1678188674","change_type":"app_allowlist_rule_executed","app_type":"Google Calendar for Team Events (Legacy)","app_id":"A0F8149ED"},
{"user_id":"U01C63XNDQ8","user_name":"dina","date":"1678188673","change_type":"app_whitelist_requested","app_type":"Google Calendar for Team Events (Legacy)","app_id":"A0F8149ED"},
{"user_id":"U03FWCWLL","user_name":"sherifr","date":"1667393251","change_type":"added","app_type":"Silverkey Hub","app_id":"A049J0BP02D"},
{"user_id":"U03FVM0KA","user_name":"dodyg","date":"1662894918","change_type":"app_whitelist_added","resolution":"approved","app_type":"Zoom","app_id":"A5GE9BMQC"},
{"user_id":"UKPG594HH","user_name":"nouranm","date":"1662894905","change_type":"app_whitelist_requested","app_type":"Zoom","app_id":"A5GE9BMQC"},
{"user_id":"UGUP6SQUT","user_name":"bassema","date":"1662888295","change_type":"added","app_type":"Oops Bug","app_id":"A041THYNSTF"},
{"user_id":"U03FVM0KA","user_name":"dodyg","date":"1662888247","change_type":"app_whitelist_added","resolution":"approved","app_type":"Oops Bug","app_id":"A041THYNSTF"},
{"user_id":"UGUP6SQUT","user_name":"bassema","date":"1662888239","change_type":"app_whitelist_requested","app_type":"Oops Bug","app_id":"A041THYNSTF"},
{"user_id":"U03FVM0KA","user_name":"dodyg","date":"1662888163","change_type":"removed","reason":"user_uninstalled_app","app_type":"Hive","app_id":"A1X4WCTD0","scope":"identify,commands,channels:read,groups:read,im:read,users:read,users:read.email,chat:write:user"},
{"user_id":"U03FVM0KA","user_name":"dodyg","date":"1662888115","change_type":"removed","reason":"user_revoked_auth","app_type":"Zoom","app_id":"A5GE9BMQC","scope":"identity.basic"},
{"user_id":"U03FVM0KA","user_name":"dodyg","date":"1662888105","change_type":"removed","reason":"user_revoked_auth","app_type":"Zoom","app_id":"A5GE9BMQC","scope":"identify,links:read,links:write"},
{"user_id":"U03FVM0KA","user_name":"dodyg","date":"1662888092","change_type":"removed","reason":"user_revoked_auth","app_type":"Zoom","app_id":"A5GE9BMQC"},
{"user_id":"U03FVM0KA","user_name":"dodyg","date":"1662888065","change_type":"removed","reason":"user_revoked_auth","app_type":"Zoom","app_id":"A5GE9BMQC","scope":"identity.basic"},
{"user_id":"U03FVM0KA","user_name":"dodyg","date":"1662888032","change_type":"removed","reason":"user_revoked_auth","app_type":"Screenful","app_id":"A2BSGSWQY"},
{"user_id":"U03FVM0KA","user_name":"dodyg","date":"1662888019","change_type":"removed","reason":"user_revoked_auth","app_type":"Screenful","app_id":"A2BSGSWQY","scope":"identify,channels:read"},
{"user_id":"U03FVM0KA","user_name":"dodyg","date":"1662887905","change_type":"removed","reason":"user_revoked_auth","app_type":"Adobe Creative Cloud","app_id":"A7P35MCT0","scope":"identify,bot,commands,channels:read,groups:read,im:read,mpim:read,users:read,users:read.email,chat:write:bot,links:read,links:write"},
{"user_id":"U03FVM0KA","user_name":"dodyg","date":"1662887893","change_type":"removed","reason":"user_revoked_auth","app_type":"Adobe Creative Cloud","app_id":"A7P35MCT0","scope":"identify,bot,commands,channels:read,groups:read,im:read,mpim:read,users:read,users:read.email,chat:write:bot,links:read,links:write"},
{"user_id":"U03FVM0KA","user_name":"dodyg","date":"1662887740","change_type":"notification_dismissed","app_type":"Team Chat for VS Code","app_id":"ACB4LQKN1"},
{"user_id":"U03FVM0KA","user_name":"dodyg","date":"1662887737","change_type":"notification_dismissed","app_type":"Slack Deletron","app_id":"AA3DR7V1S"},
{"user_id":"U03FVM0KA","user_name":"dodyg","date":"1662887735","change_type":"notification_dismissed","app_type":"Statsbot","app_id":"A0GP9E18S"},
{"user_id":"U03FVM0KA","user_name":"dodyg","date":"1662887732","change_type":"notification_dismissed","app_type":"Zeplin","app_id":"A08MGBLJV"},
{"user_id":"U03FVM0KA","user_name":"dodyg","date":"1662887654","change_type":"whitelist_enabled"},
{"user_id":"U03FVM0KA","user_name":"dodyg","date":"1662887654","change_type":"whitelist_permissions_updated"},
{"user_id":"U03FVM0KA","user_name":"dodyg","date":"1658751056","change_type":"removed","reason":"user_deactivated","app_type":"Google Drive","app_id":"A6NL8MJ6Q","scope":"identify,bot,channels:read,files:read,team:read,users:read,users:read.email,chat:write:bot,links:read"},
{"user_id":"U03FVM0KA","user_name":"dodyg","date":"1658750987","change_type":"removed","reason":"user_deactivated","app_type":"Google Drive","app_id":"A6NL8MJ6Q","scope":"identify,bot,channels:read,files:read,team:read,users:read,users:read.email,chat:write:bot,links:read"},
{"user_id":"U02P5PUDENL","user_name":"fares","date":"1649773120","change_type":"added","app_type":"Screenful","app_id":"A2BSGSWQY"},
{"user_id":"U02P5PUDENL","user_name":"fares","date":"1649773119","change_type":"added","app_type":"Screenful","app_id":"A2BSGSWQY","scope":"identify,channels:read"},
{"user_id":"U034X8927KL","user_name":"waleed","date":"1647259864","change_type":"added","app_type":"Google Drive","app_id":"A6NL8MJ6Q","scope":"identify,bot,channels:read,files:read,team:read,users:read,users:read.email,chat:write:bot,links:read"},
{"user_id":"UKPG594HH","user_name":"nouranm","date":"1635356943","change_type":"added","app_type":"Adobe Creative Cloud","app_id":"A7P35MCT0","scope":"identify,bot,commands,channels:read,groups:read,im:read,mpim:read,users:read,users:read.email,chat:write:bot,links:read,links:write"},
{"user_id":"U01C63XNDQ8","user_name":"dina","date":"1634657335","change_type":"updated","service_id":2624436492436,"service_type":"Google Calendar for Team Events (Legacy)","scope":"incoming-webhook","channel":"private"},
{"user_id":"U01C63XNDQ8","user_name":"dina","date":"1634657304","change_type":"removed","service_id":2494602858451,"service_type":"Google Calendar for Team Events (Legacy)","scope":"incoming-webhook","channel":"private"},
{"user_id":"U01C63XNDQ8","user_name":"dina","date":"1634657223","change_type":"updated","service_id":2624426189956,"service_type":"Google Calendar for Team Events (Legacy)","scope":"incoming-webhook","channel":"private"},
{"user_id":"UKPG594HH","user_name":"nouranm","date":"1634135827","change_type":"added","app_type":"Zoom","app_id":"A5GE9BMQC","scope":"identity.basic"},
{"user_id":"U1LF0P0LB","user_name":"mohamed_taher","date":"1634034690","change_type":"added","app_type":"Zoom","app_id":"A5GE9BMQC","scope":"identity.basic"},
{"user_id":"U01C63XNDQ8","user_name":"dina","date":"1633524810","change_type":"updated","service_id":2494602858451,"service_type":"Google Calendar for Team Events (Legacy)","scope":"incoming-webhook","channel":"private"},
{"user_id":"U01C63XNDQ8","user_name":"dina","date":"1633009851","change_type":"updated","service_id":2494602858451,"service_type":"Google Calendar for Team Events (Legacy)","scope":"incoming-webhook","channel":"private"},
{"user_id":"U01C63XNDQ8","user_name":"dina","date":"1633009627","change_type":"updated","service_id":2494602858451,"service_type":"Google Calendar for Team Events (Legacy)","scope":"incoming-webhook","channel":"private"},
{"user_id":"U01C63XNDQ8","user_name":"dina","date":"1633009616","change_type":"updated","service_id":2494602858451,"service_type":"Google Calendar for Team Events (Legacy)","scope":"incoming-webhook","channel":"private"},
{"user_id":"U027PSQ8ZUK","user_name":"ahmadg","date":"1632149443","change_type":"added","app_type":"Miro","app_id":"A8VK125AS","scope":"identity.basic,identity.email,identity.avatar,identity.team"},
{"user_id":"U027V0C9KEY","user_name":"amrz","date":"1632130026","change_type":"added","app_type":"Miro","app_id":"A8VK125AS","scope":"identity.basic,identity.email,identity.avatar,identity.team"},
{"user_id":"U01C63XNDQ8","user_name":"dina","date":"1631718403","change_type":"removed","service_id":2518161489760,"service_type":"Google Calendar for Team Events (Legacy)","scope":"incoming-webhook","channel":"private"},
{"user_id":"U01C63XNDQ8","user_name":"dina","date":"1631718389","change_type":"updated","service_id":2494602858451,"service_type":"Google Calendar for Team Events (Legacy)","scope":"incoming-webhook","channel":"private"},
{"user_id":"U01C63XNDQ8","user_name":"dina","date":"1631717809","change_type":"updated","service_id":2518161489760,"service_type":"Google Calendar for Team Events (Legacy)","scope":"incoming-webhook","channel":"private"},
{"user_id":"U03FVM0KA","user_name":"dodyg","date":"1628407832","change_type":"removed","reason":"user_deactivated","app_type":"Zeplin","app_id":"A08MGBLJV","scope":"identify,incoming-webhook,emoji:read,links:read,links:write"},
{"user_id":"U03FVM0KA","user_name":"dodyg","date":"1628407806","change_type":"removed","reason":"user_deactivated","app_type":"Google Drive","app_id":"A6NL8MJ6Q","scope":"identify,bot,channels:read,files:read,team:read,users:read,users:read.email,chat:write:bot,links:read"},
{"user_id":"U03FWLKUN","user_name":"amrali","date":"1618875853","change_type":"added","app_type":"Zoom","app_id":"A5GE9BMQC"},
{"user_id":"U03FWLKUN","user_name":"amrali","date":"1618875853","change_type":"added","app_type":"Zoom","app_id":"A5GE9BMQC","scope":"identify,links:read,links:write"},
{"user_id":"UGUP6SQUT","user_name":"bassema","date":"1618484126","change_type":"expanded","app_type":"GitHub","app_id":"A01BP7R4KNY"},
{"user_id":0,"user_name":"slack","date":"1618484051","change_type":"removed","app_type":"GitHub (Legacy)","app_id":"A8GBNUWU8"},
{"user_id":"U03FVM0KA","user_name":"dodyg","date":"1618484049","change_type":"added","app_type":"GitHub","app_id":"A01BP7R4KNY"},
{"user_id":"U03FVM0KA","user_name":"dodyg","date":"1618484031","change_type":"removed","reason":"user_uninstalled_app","app_type":"Zoom","app_id":"A5GE9BMQC"},
{"user_id":"U03FVM0KA","user_name":"dodyg","date":"1618484011","change_type":"removed","reason":"user_uninstalled_app","app_type":"Mio","app_id":"AU5024XLL"},
{"user_id":"U03FVM0KA","user_name":"dodyg","date":"1618484011","change_type":"removed","reason":"user_uninstalled_app","app_type":"Mio","app_id":"AU5024XLL","scope":"identify,team:read,users:read,channels:write,groups:write"},
{"user_id":"UKTFWA4AC","user_name":"khaledo","date":"1618321232","change_type":"resource_grant_created","service_id":932414472865,"service_type":"App","scope":null,"channel":"private","app_type":"GitHub (Legacy)","app_id":"A8GBNUWU8"},
{"user_id":"U03FVM0KA","user_name":"dodyg","date":"1617708870","change_type":"resource_grant_created","service_id":932414472865,"service_type":"App","scope":null,"channel":"private","app_type":"GitHub (Legacy)","app_id":"A8GBNUWU8"},
{"user_id":"UGUP6SQUT","user_name":"bassema","date":"1615717405","change_type":"resource_grant_created","service_id":932414472865,"service_type":"App","scope":null,"channel":"private","app_type":"GitHub (Legacy)","app_id":"A8GBNUWU8"},
{"user_id":"U03FVM0KA","user_name":"dodyg","date":"1614614121","change_type":"resource_grant_created","service_id":932414472865,"service_type":"App","scope":null,"channel":"private","app_type":"GitHub (Legacy)","app_id":"A8GBNUWU8"},
{"user_id":"U03FVM0KA","user_name":"dodyg","date":"1613467546","change_type":"resource_grant_created","service_id":932414472865,"service_type":"App","scope":null,"channel":"private","app_type":"GitHub (Legacy)","app_id":"A8GBNUWU8"},
{"user_id":"U01C63XNDQ8","user_name":"dina","date":"1613053712","change_type":"updated","service_id":1753981418625,"service_type":"Google Calendar for Team Events (Legacy)","scope":"incoming-webhook","channel":"private"},
{"user_id":"U01J6S6PP8E","user_name":"mennan","date":"1610833309","change_type":"added","app_type":"Adobe Creative Cloud","app_id":"A7P35MCT0","scope":"identify,bot,commands,channels:read,groups:read,im:read,mpim:read,users:read,users:read.email,chat:write:bot,links:read,links:write"},
{"user_id":"U03FVM0KA","user_name":"dodyg","date":"1609150833","change_type":"removed","reason":"user_deactivated","app_type":"Statsbot","app_id":"A0GP9E18S","scope":"identity.basic,identity.email,identity.team"},
{"user_id":"U03FVM0KA","user_name":"dodyg","date":"1609150833","change_type":"removed","reason":"user_deactivated","app_type":"Zoom","app_id":"A5GE9BMQC","scope":"identify,links:read,links:write,identity.basic"},
{"user_id":"U3ZBEFG21","user_name":"maih","date":"1609093725","change_type":"resource_grant_created","service_id":932414472865,"service_type":"App","scope":null,"channel":"private","app_type":"GitHub (Legacy)","app_id":"A8GBNUWU8"},
{"user_id":"U01CVSHCVPC","user_name":"alisayed","date":"1606903361","change_type":"resource_grant_created","service_id":932414472865,"service_type":"App","scope":null,"channel":"private","app_type":"GitHub (Legacy)","app_id":"A8GBNUWU8"},
{"user_id":"UCZS2RDFB","user_name":"ameen","date":"1605916602","change_type":"expanded","app_type":"Mio","app_id":"AU5024XLL"},
{"user_id":"UCZS2RDFB","user_name":"ameen","date":"1605916225","change_type":"added","app_type":"Mio","app_id":"AU5024XLL"},
{"user_id":"UCZS2RDFB","user_name":"ameen","date":"1605916224","change_type":"added","app_type":"Mio","app_id":"AU5024XLL","scope":"identify,team:read,users:read,channels:write,groups:write"},
{"user_id":"U01A2EPV0BA","user_name":"mazena","date":"1603891512","change_type":"added","app_type":"Google Drive","app_id":"A6NL8MJ6Q","scope":"identify,bot,channels:read,files:read,team:read,users:read,users:read.email,chat:write:bot,links:read"},
{"user_id":"U03FVM0KA","user_name":"dodyg","date":"1601805001","change_type":"resource_grant_created","service_id":932414472865,"service_type":"App","scope":null,"channel":"private","app_type":"GitHub (Legacy)","app_id":"A8GBNUWU8"},
{"user_id":"U03FVM0KA","user_name":"dodyg","date":"1601804892","change_type":"removed","reason":"user_uninstalled_app","app_type":"Adobe Creative Cloud","app_id":"A7P35MCT0","scope":"identify,bot,channels:read,groups:read,im:read,mpim:read,users:read,users:read.email,chat:write:bot,links:read,links:write"},
{"user_id":"U03FVM0KA","user_name":"dodyg","date":"1601804874","change_type":"removed","reason":"user_uninstalled_app","app_type":"Clever Ads Marketing Assistant","app_id":"AFBKZP6AW"},
{"user_id":"U03FVM0KA","user_name":"dodyg","date":"1601804873","change_type":"removed","reason":"user_uninstalled_app","app_type":"Clever Ads Marketing Assistant","app_id":"AFBKZP6AW","scope":"identity.basic"},
{"user_id":"U03FVM0KA","user_name":"dodyg","date":"1601804814","change_type":"removed","reason":"user_uninstalled_app","app_type":"Trello","app_id":"A074YH40Z","scope":"identify,bot,commands,channels:history,groups:history,im:history,mpim:history,channels:read,emoji:read,groups:read,mpim:read,reminders:read,search:read,stars:read,team:read,users:read,users:read.email,chat:write:user,chat:write:bot,im:write,reminders:write"},
{"user_id":"U03FVM0KA","user_name":"dodyg","date":"1601804813","change_type":"removed","reason":"user_uninstalled_app","app_type":"Trello","app_id":"A074YH40Z","scope":"identify,bot,commands,channels:history,groups:history,im:history,mpim:history,channels:read,emoji:read,groups:read,mpim:read,reminders:read,search:read,stars:read,team:read,users:read,users:read.email,chat:write:user,chat:write:bot,im:write,reminders:write"},
{"user_id":"U03FVM0KA","user_name":"dodyg","date":"1601804813","change_type":"removed","reason":"user_uninstalled_app","app_type":"Trello","app_id":"A074YH40Z","scope":"identify,bot,commands,channels:history,groups:history,im:history,mpim:history,channels:read,emoji:read,groups:read,mpim:read,reminders:read,search:read,stars:read,team:read,users:read,users:read.email,chat:write:user,chat:write:bot,im:write,reminders:write"},
{"user_id":"U03FVM0KA","user_name":"dodyg","date":"1601804804","change_type":"removed","reason":"user_revoked_auth","app_type":"Trello","app_id":"A074YH40Z","scope":"identify,bot,commands,channels:history,groups:history,im:history,mpim:history,channels:read,emoji:read,groups:read,mpim:read,reminders:read,search:read,stars:read,team:read,users:read,users:read.email,chat:write:user,chat:write:bot,im:write,reminders:write"},
{"user_id":"U03FVM0KA","user_name":"dodyg","date":"1601803483","change_type":"added","service_id":1390729265095,"service_type":"Incoming WebHooks","scope":"incoming-webhook","channel":"private"},
{"user_id":"URVGBUHT6","user_name":"michael","date":"1600775426","change_type":"expanded","app_type":"Zoom","app_id":"A5GE9BMQC","scope":"identify,links:read,links:write,identity.basic"},
{"user_id":"URVGBUHT6","user_name":"michael","date":"1600603474","change_type":"added","app_type":"Zoom","app_id":"A5GE9BMQC","scope":"identify,links:read,links:write,identity.basic"},
{"user_id":"URVGBUHT6","user_name":"michael","date":"1600603474","change_type":"added","app_type":"Zoom","app_id":"A5GE9BMQC"},
{"user_id":"UUDSM4BNV","user_name":"taghridm","date":"1597572052","change_type":"resource_grant_created","service_id":932414472865,"service_type":"App","scope":null,"channel":"private","app_type":"GitHub (Legacy)","app_id":"A8GBNUWU8"},
{"user_id":"URVGBUHT6","user_name":"michael","date":"1594543443","change_type":"resource_grant_created","service_id":932414472865,"service_type":"App","scope":null,"channel":"private","app_type":"GitHub (Legacy)","app_id":"A8GBNUWU8"},
{"user_id":"UASMV9W7N","user_name":"mohamedm","date":"1594303434","change_type":"added","service_id":1232142140115,"service_type":"Incoming WebHooks","scope":"incoming-webhook","channel":"private"},
{"user_id":"UUPUC5880","user_name":"mahmoudkh","date":"1593283732","change_type":"resource_grant_created","service_id":932414472865,"service_type":"App","scope":null,"channel":"private","app_type":"GitHub (Legacy)","app_id":"A8GBNUWU8"},
{"user_id":"U03FVM0KA","user_name":"dodyg","date":"1591176810","change_type":"resource_grant_created","service_id":932414472865,"service_type":"App","scope":null,"channel":"private","app_type":"GitHub (Legacy)","app_id":"A8GBNUWU8"},
{"user_id":"U03FVM0KA","user_name":"dodyg","date":"1591176277","change_type":"added","service_id":1185264412944,"service_type":"Incoming WebHooks","scope":"incoming-webhook","channel":"private"},
{"user_id":"U6DA0ES2Z","user_name":"sherifh","date":"1589376537","change_type":"resource_grant_created","service_id":932414472865,"service_type":"App","scope":null,"channel":"private","app_type":"GitHub (Legacy)","app_id":"A8GBNUWU8"},
{"user_id":"U03FVM0KA","user_name":"dodyg","date":"1589027927","change_type":"resource_grant_created","service_id":932414472865,"service_type":"App","scope":null,"channel":"private","app_type":"GitHub (Legacy)","app_id":"A8GBNUWU8"},
{"user_id":"USX5168J2","user_name":"engahmedhamdy1212","date":"1587171819","change_type":"added","app_type":"Google Drive","app_id":"A6NL8MJ6Q","scope":"identify,bot,channels:read,files:read,team:read,users:read,users:read.email,chat:write:bot,links:read"},
{"user_id":"UKG6BP874","user_name":"shadwajamal","date":"1586773952","change_type":"added","app_type":"Clever Ads Marketing Assistant","app_id":"AFBKZP6AW"},
{"user_id":"UKG6BP874","user_name":"shadwajamal","date":"1586773891","change_type":"added","app_type":"Clever Ads Marketing Assistant","app_id":"AFBKZP6AW","scope":"identity.basic"},
{"user_id":"URVGBUHT6","user_name":"michael","date":"1584026908","change_type":"added","app_type":"Statsbot","app_id":"A0GP9E18S","scope":"identity.basic,identity.email,identity.team"},
{"user_id":"UFXQDNNFR","user_name":"mustafam","date":"1581105367","change_type":"resource_grant_created","service_id":932414472865,"service_type":"App","scope":null,"channel":"private","app_type":"GitHub (Legacy)","app_id":"A8GBNUWU8"},
{"user_id":"UFXQDNNFR","user_name":"mustafam","date":"1581105367","change_type":"wildcard_resource_grant_created","service_id":932414472865,"service_type":"App","scope":null,"app_type":"GitHub (Legacy)","app_id":"A8GBNUWU8"},
{"user_id":"UFXQDNNFR","user_name":"mustafam","date":"1581105367","change_type":"resource_grant_created","service_id":932414472865,"service_type":"App","scope":null,"app_type":"GitHub (Legacy)","app_id":"A8GBNUWU8"},
{"user_id":"UFXQDNNFR","user_name":"mustafam","date":"1581105366","change_type":"expanded","service_id":932414472865,"service_type":"App","scope":null,"app_type":"GitHub (Legacy)","app_id":"A8GBNUWU8"},
{"user_id":"UFXQDNNFR","user_name":"mustafam","date":"1581105366","change_type":"expanded","service_id":932414472865,"service_type":"App","scope":null,"app_type":"GitHub (Legacy)","app_id":"A8GBNUWU8"},
{"user_id":"UFXQDNNFR","user_name":"mustafam","date":"1581105366","change_type":"added","app_type":"GitHub (Legacy)","app_id":"A8GBNUWU8"},
{"user_id":"URX1F7N2D","user_name":"seif","date":"1579679156","change_type":"added","app_type":"Hive","app_id":"A1X4WCTD0","scope":"identify,commands,channels:read,groups:read,im:read,users:read,users:read.email,chat:write:user"},
{"user_id":"URVGBUHT6","user_name":"michael","date":"1576984106","change_type":"removed","reason":"user_uninstalled_app","app_type":"Google Calendar","app_id":"ADZ494LHY","scope":"identify,bot,commands,users.profile:write"},
{"user_id":"URVGBUHT6","user_name":"michael","date":"1576984106","change_type":"removed","reason":"user_uninstalled_app","app_type":"Google Calendar","app_id":"ADZ494LHY","scope":"identify,bot,commands,users.profile:write"},
{"user_id":"URVGBUHT6","user_name":"michael","date":"1576856443","change_type":"added","app_type":"Google Calendar","app_id":"ADZ494LHY","scope":"identify,bot,commands,users.profile:write"},
{"user_id":"UN4K20264","user_name":"mahmoudk","date":"1576578575","change_type":"added","app_type":"Google Calendar","app_id":"ADZ494LHY","scope":"identify,bot,commands,users.profile:write"},
{"user_id":"U03FVM0KA","user_name":"dodyg","date":"1574594755","change_type":"removed","reason":"user_deactivated","app_type":"Google Drive","app_id":"A6NL8MJ6Q","scope":"identify,bot,channels:read,files:read,team:read,users:read,users:read.email,chat:write:bot,links:read"},
{"user_id":"U03FVM0KA","user_name":"dodyg","date":"1570007264","change_type":"removed","reason":"user_deactivated","app_type":"Google Drive","app_id":"A6NL8MJ6Q","scope":"identify,bot,channels:read,files:read,team:read,users:read,users:read.email,chat:write:bot,links:read"},
{"user_id":"U03FVM0KA","user_name":"dodyg","date":"1569943803","change_type":"removed","reason":"user_deactivated","app_type":"Slack Deletron","app_id":"AA3DR7V1S","scope":"identify,channels:read,files:read,groups:read,users:read,files:write:user"},
{"user_id":"U03FVM0KA","user_name":"dodyg","date":"1569943803","change_type":"removed","reason":"user_deactivated","app_type":"Slack API Tester","app_id":"A02","scope":"MAX"},
{"user_id":"U9NADQYBF","user_name":"walaaa","date":"1569873259","change_type":"added","app_type":"Slack Deletron","app_id":"AA3DR7V1S","scope":"identify,channels:read,files:read,groups:read,users:read,files:write:user"},
{"user_id":"U9NADQYBF","user_name":"walaaa","date":"1569872465","change_type":"added","app_type":"Slack API Tester","app_id":"A02","scope":"MAX"},
{"user_id":"U03FVM0KA","user_name":"dodyg","date":"1569066299","change_type":"added","service_id":770399672551,"service_type":"Incoming WebHooks","scope":"incoming-webhook","channel":"private"},
{"user_id":"U03FVM0KA","user_name":"dodyg","date":"1567669443","change_type":"added","service_id":749525046677,"service_type":"Incoming WebHooks","scope":"incoming-webhook","channel":"CAKHTTL7P"},
{"user_id":"U5VBQ76G3","user_name":"mahmoudm","date":"1562071376","change_type":"added","app_type":"Google Drive","app_id":"A6NL8MJ6Q","scope":"identify,bot,channels:read,files:read,team:read,users:read,users:read.email,chat:write:bot,links:read"},
{"user_id":"U03FVM0KA","user_name":"dodyg","date":"1559645158","change_type":"removed","reason":"user_deactivated","app_type":"Google Drive","app_id":"A6NL8MJ6Q","scope":"identify,bot,channels:read,files:read,team:read,users:read,users:read.email,chat:write:bot,links:read"},
{"user_id":"U03FVM0KA","user_name":"dodyg","date":"1559028938","change_type":"removed","reason":"user_deactivated","app_type":"Google Drive","app_id":"A6NL8MJ6Q","scope":"identify,bot,channels:read,files:read,team:read,users:read,users:read.email,chat:write:bot,links:read"},
{"user_id":"UGFHLAS05","user_name":"mostafaa","date":"1554628020","change_type":"added","app_type":"Adobe Creative Cloud","app_id":"A7P35MCT0","scope":"identify,bot,channels:read,groups:read,im:read,mpim:read,users:read,users:read.email,chat:write:bot,links:read,links:write"},
{"user_id":"U03FVM0KA","user_name":"dodyg","date":"1553600135","change_type":"removed","reason":"user_deactivated","app_type":"Team Chat for VS Code","app_id":"ACB4LQKN1","scope":"read,client,identify,post"},
{"user_id":"UGFHLAS05","user_name":"mostafaa","date":"1551361672","change_type":"added","app_type":"Zeplin","app_id":"A08MGBLJV","scope":"identify,incoming-webhook,emoji:read,links:read,links:write"},
{"user_id":"U03FVM0KA","user_name":"dodyg","date":"1545902611","change_type":"added","service_id":512231810627,"service_type":"Incoming WebHooks","scope":"incoming-webhook","channel":"private"},
{"user_id":"U03FVM0KA","user_name":"dodyg","date":"1545902419","change_type":"removed","app_type":"UptimeBot","app_id":"A9Z9ZNFE1","scope":"identify,bot"},
{"user_id":0,"user_name":"slack","date":"1545902419","change_type":"removed","app_type":"UptimeBot","app_id":"A9Z9ZNFE1","scope":"identify,bot"},
{"user_id":"U03FVM0KA","user_name":"dodyg","date":"1545902307","change_type":"added","app_type":"UptimeBot","app_id":"A9Z9ZNFE1","scope":"identify,bot"},
{"user_id":"U03FVM0KA","user_name":"dodyg","date":"1543136876","change_type":"updated","service_id":407026530613,"service_type":"Incoming WebHooks","scope":"incoming-webhook","channel":"private"},
{"user_id":0,"user_name":"slack","date":"1543136471","change_type":"reissued","service_id":407026530613,"service_type":"Incoming WebHooks","scope":"incoming-webhook","channel":"private"},
{"user_id":"UBYSPCJR0","user_name":"adelb","date":"1542820875","change_type":"added","app_type":"Team Chat for VS Code","app_id":"ACB4LQKN1","scope":"read,client,identify,post"},
{"user_id":"U03FVBQTR","user_name":"taherelshafei","date":"1533654499","change_type":"removed","app_type":"Google Drive","app_id":"A6NL8MJ6Q","scope":"identify,bot,channels:read,files:read,team:read,users:read,users:read.email,chat:write:bot,links:read"},
{"user_id":"U03FVM0KA","user_name":"dodyg","date":"1532858470","change_type":"added","service_id":407026530613,"service_type":"Incoming WebHooks","scope":"incoming-webhook","channel":"private"},
{"user_id":"U03FVM0KA","user_name":"dodyg","date":"1532858048","change_type":"added","service_id":407922870583,"service_type":"Incoming WebHooks","scope":"incoming-webhook","channel":"private"},
{"user_id":"UBVQS9DUP","user_name":"samaha","date":"1532528015","change_type":"added","app_type":"Google Drive","app_id":"A6NL8MJ6Q","scope":"identify,bot,channels:read,files:read,team:read,users:read,users:read.email,chat:write:bot,links:read"},
{"user_id":0,"user_name":"slack","date":"1515576790","change_type":"disabled","reason":"admin","service_id":7979648881,"service_type":"Giphy","scope":"commands"},
{"user_id":0,"user_name":"slack","date":"1515576790","change_type":"disabled","reason":"admin","service_id":7979315186,"service_type":"Dropbox (Legacy)","scope":"files:write:user,files:read"},
{"user_id":"U3W7MPD5L","user_name":"ayar","date":"1514282019","change_type":"added","app_type":"Google Drive","app_id":"A6NL8MJ6Q","scope":"identify,bot,channels:read,files:read,team:read,users:read,users:read.email,chat:write:bot,links:read"},
{"user_id":"U03FWCWLL","user_name":"sherifr","date":"1512900973","change_type":"added","app_type":"Trello","app_id":"A074YH40Z","scope":"identify,bot,commands,channels:history,groups:history,im:history,mpim:history,channels:read,emoji:read,groups:read,mpim:read,reminders:read,search:read,stars:read,team:read,users:read,users:read.email,chat:write:user,chat:write:bot,im:write,reminders:write"},
{"user_id":"U6J3RB6SU","user_name":"haidyh","date":"1512314430","change_type":"added","app_type":"Google Drive","app_id":"A6NL8MJ6Q","scope":"identify,bot,channels:read,files:read,team:read,users:read,users:read.email,chat:write:bot,links:read"},
{"user_id":"U03FVM0KA","user_name":"dodyg","date":"1510576510","change_type":"removed","app_type":"Google Drive","app_id":"A6NL8MJ6Q","scope":"identify,bot,channels:read,files:read,team:read,users:read,users:read.email,chat:write:bot,links:read"},
{"user_id":"U40JDSJ8N","user_name":"yasmink","date":"1509959471","change_type":"added","app_type":"Google Drive","app_id":"A6NL8MJ6Q","scope":"identify,bot,channels:read,files:read,team:read,users:read,users:read.email,chat:write:bot,links:read"},
{"user_id":"U03FUAHLR","user_name":"maisoliman","date":"1509814133","change_type":"added","app_type":"Google Drive","app_id":"A6NL8MJ6Q","scope":"identify,bot,channels:read,files:read,team:read,users:read,users:read.email,chat:write:bot,links:read"},
{"user_id":"U6B8NPRTL","user_name":"emans","date":"1507736215","change_type":"added","app_type":"Google Drive","app_id":"A6NL8MJ6Q","scope":"identify,bot,channels:read,files:read,team:read,users:read,users:read.email,chat:write:bot,links:read"},
{"user_id":"U0QLTGA7Q","user_name":"mahmouds","date":"1507124833","change_type":"added","app_type":"Google Drive","app_id":"A6NL8MJ6Q","scope":"identify,bot,channels:read,files:read,team:read,users:read,users:read.email,chat:write:bot,links:read"},
{"user_id":"U1LF0P0LB","user_name":"mohamed_taher","date":"1506870378","change_type":"added","app_type":"Trello","app_id":"A074YH40Z","scope":"identify,bot,commands,channels:history,groups:history,im:history,mpim:history,channels:read,emoji:read,groups:read,mpim:read,reminders:read,search:read,stars:read,team:read,users:read,users:read.email,chat:write:user,chat:write:bot,im:write,reminders:write"},
{"user_id":"U03FVBQTR","user_name":"taherelshafei","date":"1506607165","change_type":"added","app_type":"Trello","app_id":"A074YH40Z","scope":"identify,bot,commands,channels:history,groups:history,im:history,mpim:history,channels:read,emoji:read,groups:read,mpim:read,reminders:read,search:read,stars:read,team:read,users:read,users:read.email,chat:write:user,chat:write:bot,im:write,reminders:write"},
{"user_id":"U03FVM0KA","user_name":"dodyg","date":"1502617412","change_type":"added","app_type":"Trello","app_id":"A074YH40Z","scope":"identify,bot,commands,channels:history,groups:history,im:history,mpim:history,channels:read,emoji:read,groups:read,mpim:read,reminders:read,search:read,stars:read,team:read,users:read,users:read.email,chat:write:user,chat:write:bot,im:write,reminders:write"},
{"user_id":0,"user_name":"slack","date":"1502017075","change_type":"removed","app_type":"McDonald's Bot","app_id":"A6JPDULGJ","scope":"identify,bot"},
{"user_id":0,"user_name":"slack","date":"1502017075","change_type":"removed","app_type":"McDonald's Bot","app_id":"A6JPDULGJ","scope":"identify,bot"},
{"user_id":"U562LMV7B","user_name":"mahmouda","date":"1502016614","change_type":"added","app_type":"McDonald's Bot","app_id":"A6JPDULGJ","scope":"identify,bot"},
{"user_id":0,"user_name":"slack","date":"1502015947","change_type":"removed","app_type":"McDonalds Bot","app_id":"A6HUJRK1A","scope":"identify,bot"},
{"user_id":0,"user_name":"slack","date":"1502015946","change_type":"removed","app_type":"McDonalds Bot","app_id":"A6HUJRK1A","scope":"identify,bot"},
{"user_id":"U562LMV7B","user_name":"mahmouda","date":"1501788405","change_type":"added","app_type":"McDonalds Bot","app_id":"A6HUJRK1A","scope":"identify,bot"},
{"user_id":0,"user_name":"slack","date":"1501520091","change_type":"removed","app_type":"McDonalds Bot","app_id":"A6E481801","scope":"identify,bot"},
{"user_id":0,"user_name":"slack","date":"1501520091","change_type":"removed","app_type":"McDonalds Bot","app_id":"A6E481801","scope":"identify,bot"},
{"user_id":"U562LMV7B","user_name":"mahmouda","date":"1501179381","change_type":"added","app_type":"McDonalds Bot","app_id":"A6E481801","scope":"identify,bot"},
{"user_id":0,"user_name":"slack","date":"1501179161","change_type":"removed","app_type":"McDonalds Bot","app_id":"A6D0ZDJFP","scope":"identify,bot"},
{"user_id":0,"user_name":"slack","date":"1501179161","change_type":"removed","app_type":"McDonalds Bot","app_id":"A6D0ZDJFP","scope":"identify,bot"},
{"user_id":"U562LMV7B","user_name":"mahmouda","date":"1500917014","change_type":"added","app_type":"McDonalds Bot","app_id":"A6D0ZDJFP","scope":"identify,bot"},
{"user_id":0,"user_name":"slack","date":"1500915405","change_type":"removed","app_type":"Echo Bot","app_id":"A67PU79C7","scope":"identify,bot"},
{"user_id":0,"user_name":"slack","date":"1500915405","change_type":"removed","app_type":"Echo Bot","app_id":"A67PU79C7","scope":"identify,bot"},
{"user_id":0,"user_name":"slack","date":"1500915387","change_type":"removed","app_type":"McDonalds Bot","app_id":"A65TMGJG1","scope":"identify,bot"},
{"user_id":0,"user_name":"slack","date":"1500915387","change_type":"removed","app_type":"McDonalds Bot","app_id":"A65TMGJG1","scope":"identify,bot"},
{"user_id":"U0QLTGA7Q","user_name":"mahmouds","date":"1500199157","change_type":"updated","service_id":7979648881,"service_type":"Giphy","scope":"commands"},
{"user_id":"U562LMV7B","user_name":"mahmouda","date":"1499775604","change_type":"added","app_type":"Echo Bot","app_id":"A67PU79C7","scope":"identify,bot"},
{"user_id":"U562LMV7B","user_name":"mahmouda","date":"1499707191","change_type":"added","app_type":"McDonalds Bot","app_id":"A65TMGJG1","scope":"identify,bot"},
{"user_id":0,"user_name":"slack","date":"1499706375","change_type":"removed","app_type":"McDonalds Bot","app_id":"A663J8W85","scope":"identify,bot"},
{"user_id":0,"user_name":"slack","date":"1499706375","change_type":"removed","app_type":"McDonalds Bot","app_id":"A663J8W85","scope":"identify,bot"},
{"user_id":"U562LMV7B","user_name":"mahmouda","date":"1499618533","change_type":"added","app_type":"McDonalds Bot","app_id":"A663J8W85","scope":"identify,bot"},
{"user_id":0,"user_name":"slack","date":"1499617578","change_type":"removed","app_type":"McDonalds Bot","app_id":"A5WLEJX61","scope":"identify,bot"},
{"user_id":0,"user_name":"slack","date":"1499617578","change_type":"removed","app_type":"McDonalds Bot","app_id":"A5WLEJX61","scope":"identify,bot"},
{"user_id":"U562LMV7B","user_name":"mahmouda","date":"1499616939","change_type":"added","app_type":"McDonalds Bot","app_id":"A5WLEJX61","scope":"identify,bot"},
{"user_id":0,"user_name":"slack","date":"1497904283","change_type":"removed","app_type":"McDonalds Bot","app_id":"A5W3NFRT4","scope":"identify,bot"},
{"user_id":0,"user_name":"slack","date":"1497904283","change_type":"removed","app_type":"McDonalds Bot","app_id":"A5W3NFRT4","scope":"identify,bot"},
{"user_id":"U562LMV7B","user_name":"mahmouda","date":"1497903821","change_type":"added","app_type":"McDonalds Bot","app_id":"A5W3NFRT4","scope":"identify,bot"},
{"user_id":"U03FVM0KA","user_name":"dodyg","date":"1496668869","change_type":"added","service_id":192762159508,"service_type":"Incoming WebHooks","scope":"incoming-webhook","channel":"private"},
{"user_id":"U03FVM0KA","user_name":"dodyg","date":"1495545051","change_type":"added","service_id":187626699479,"service_type":"Incoming WebHooks","scope":"incoming-webhook","channel":"C03FVM0KG"},
{"user_id":"U03FVM0KA","user_name":"dodyg","date":"1495539965","change_type":"removed","app_type":"Zenkit","app_id":"A22HBGXAT","scope":"identify,users:read,users:read.email"},
{"user_id":"U03FVM0KA","user_name":"dodyg","date":"1495539948","change_type":"removed","service_id":3537542087,"service_type":"Subversion","scope":"incoming-webhook","channel":"private"},
{"user_id":"U03FVM0KA","user_name":"dodyg","date":"1495539903","change_type":"added","service_id":187596494839,"service_type":"Incoming WebHooks","scope":"incoming-webhook","channel":"C03FVM0KG"},
{"user_id":"U03FVM0KA","user_name":"dodyg","date":"1479911851","change_type":"added","app_type":"Zenkit","app_id":"A22HBGXAT","scope":"identify,users:read,users:read.email"},
{"user_id":"U03FWCWLL","user_name":"sherifr","date":"1479208613","change_type":"enabled","service_id":21925164935,"service_type":"Asana (Deprecated)","scope":"incoming-webhook,commands","channel":"C0J594EGL"},
{"user_id":0,"user_name":"slack","date":"1464180298","change_type":"disabled","reason":"channel_archive","service_id":21925164935,"service_type":"Asana (Deprecated)","scope":"incoming-webhook,commands"},
{"user_id":0,"user_name":"slack","date":"1464180100","change_type":"disabled","reason":"channel_archive","service_id":19286483554,"service_type":"Trello Alerts","scope":"incoming-webhook"},
{"user_id":"U03FUAHLR","user_name":"maisoliman","date":"1455797966","change_type":"updated","service_id":21925164935,"service_type":"Asana (Deprecated)","scope":"incoming-webhook,commands","channel":"C0J594EGL"},
{"user_id":"U03FVM0KA","user_name":"dodyg","date":"1455780865","change_type":"updated","service_id":21925164935,"service_type":"Asana (Deprecated)","scope":"incoming-webhook,commands","channel":"C0J594EGL"},
{"user_id":"U03FVM0KA","user_name":"dodyg","date":"1455780280","change_type":"updated","service_id":21925164935,"service_type":"Asana (Deprecated)","scope":"incoming-webhook,commands","channel":"C0J594EGL"},
{"user_id":"U03FVM0KA","user_name":"dodyg","date":"1455780040","change_type":"removed","app_type":"WorkingOn","app_id":"A026Z4N1C","scope":"identify,commands,users:read,chat:write:bot"},
{"user_id":"U03FVM0KA","user_name":"dodyg","date":"1455780002","change_type":"added","service_id":21925164935,"service_type":"Asana (Deprecated)","scope":"incoming-webhook,commands","channel":"C0J594EGL"},
{"user_id":"U03FVM0KA","user_name":"dodyg","date":"1453628518","change_type":"updated","service_id":19286483554,"service_type":"Trello Alerts","scope":"incoming-webhook","channel":"C0K8BMCQ3"},
{"user_id":"U03FVM0KA","user_name":"dodyg","date":"1453628493","change_type":"added","service_id":19286483554,"service_type":"Trello Alerts","scope":"incoming-webhook","channel":"C0K8BMCQ3"},
{"user_id":"U03FWE0PY","user_name":"tareks","date":"1452509235","change_type":"removed","service_id":18181746531,"service_type":"Slash Commands","scope":"commands"},
{"user_id":"U03FWE0PY","user_name":"tareks","date":"1452509098","change_type":"updated","service_id":18181746531,"service_type":"Slash Commands","scope":"commands"},
{"user_id":"U03FWE0PY","user_name":"tareks","date":"1452509021","change_type":"added","service_id":18181746531,"service_type":"Slash Commands","scope":"commands"},
{"user_id":"U03FVM0KA","user_name":"dodyg","date":"1452508899","change_type":"added","app_type":"WorkingOn","app_id":"A026Z4N1C","scope":"identify,commands,users:read,chat:write:bot"},
{"user_id":"U03FVM0KA","user_name":"dodyg","date":"1452508249","change_type":"updated","service_id":18183436305,"service_type":"Slash Commands","scope":"commands"},
{"user_id":"U03FVM0KA","user_name":"dodyg","date":"1452508145","change_type":"added","service_id":18183436305,"service_type":"Slash Commands","scope":"commands"}
]