[
    {
        "client_msg_id": "90a33fc8-b2ad-4265-9809-adbd6c37896f",
        "type": "message",
        "text": "<https:\/\/learn.microsoft.com\/en-us\/dotnet\/orleans\/migration-guide>",
        "user": "U027C3PDVQC",
        "ts": "1691407049.194659",
        "blocks": [
            {
                "type": "rich_text",
                "block_id": "lX4dP",
                "elements": [
                    {
                        "type": "rich_text_section",
                        "elements": [
                            {
                                "type": "link",
                                "url": "https:\/\/learn.microsoft.com\/en-us\/dotnet\/orleans\/migration-guide"
                            }
                        ]
                    }
                ]
            }
        ],
        "team": "T03FVM0K8",
        "user_team": "T03FVM0K8",
        "source_team": "T03FVM0K8",
        "user_profile": {
            "avatar_hash": "b2432500ca87",
            "image_72": "https:\/\/avatars.slack-edge.com\/2022-01-23\/2978662366199_b2432500ca87d891ba17_72.jpg",
            "first_name": "Mohamed",
            "real_name": "Mohamed Abdelrahman",
            "display_name": "",
            "team": "T03FVM0K8",
            "name": "maboelkassem",
            "is_restricted": false,
            "is_ultra_restricted": false
        },
        "attachments": [
            {
                "from_url": "https:\/\/learn.microsoft.com\/en-us\/dotnet\/orleans\/migration-guide",
                "service_icon": "https:\/\/learn.microsoft.com\/favicon.ico",
                "thumb_url": "https:\/\/learn.microsoft.com\/dotnet\/media\/dotnet-orleans.png",
                "thumb_width": 128,
                "thumb_height": 128,
                "id": 1,
                "original_url": "https:\/\/learn.microsoft.com\/en-us\/dotnet\/orleans\/migration-guide",
                "fallback": "Migrate from Orleans 3.x to 7.0",
                "text": "Learn the various new features introduced in Orleans 7.0, and how to migrate from 3.x versions.",
                "title": "Migrate from Orleans 3.x to 7.0",
                "title_link": "https:\/\/learn.microsoft.com\/en-us\/dotnet\/orleans\/migration-guide",
                "service_name": "learn.microsoft.com"
            }
        ]
    },
    {
        "client_msg_id": "bbc0cde8-3f19-42d6-8c1f-a41da4c86c89",
        "type": "message",
        "text": "<https:\/\/cadenceworkflow.io\/docs\/get-started\/>",
        "user": "U03FWCWLL",
        "ts": "1691437525.292979",
        "blocks": [
            {
                "type": "rich_text",
                "block_id": "omG",
                "elements": [
                    {
                        "type": "rich_text_section",
                        "elements": [
                            {
                                "type": "link",
                                "url": "https:\/\/cadenceworkflow.io\/docs\/get-started\/"
                            }
                        ]
                    }
                ]
            }
        ],
        "team": "T03FVM0K8",
        "user_team": "T03FVM0K8",
        "source_team": "T03FVM0K8",
        "user_profile": {
            "avatar_hash": "ab9a763ac584",
            "image_72": "https:\/\/avatars.slack-edge.com\/2019-06-06\/645293626450_ab9a763ac58462796ac7_72.jpg",
            "first_name": "Sherif",
            "real_name": "Sherif",
            "display_name": "sherifr",
            "team": "T03FVM0K8",
            "name": "sherifr",
            "is_restricted": false,
            "is_ultra_restricted": false
        },
        "attachments": [
            {
                "from_url": "https:\/\/cadenceworkflow.io\/docs\/get-started\/",
                "service_icon": "https:\/\/cadenceworkflow.io\/img\/favicon.ico",
                "id": 1,
                "original_url": "https:\/\/cadenceworkflow.io\/docs\/get-started\/",
                "fallback": "Overview | Cadence",
                "text": "A large number of use cases span beyond a single request-reply, require tracking of a complex state, respond to asynchronous events, and communicate to external unreliable dependencies.",
                "title": "Overview | Cadence",
                "title_link": "https:\/\/cadenceworkflow.io\/docs\/get-started\/",
                "service_name": "cadenceworkflow.io"
            }
        ],
        "reactions": [
            {
                "name": "metal",
                "users": [
                    "U027C3PDVQC"
                ],
                "count": 1
            }
        ]
    },
    {
        "client_msg_id": "1b911785-e03a-4d2d-8166-848ab384bf75",
        "type": "message",
        "text": "It is a different way of building distributed systems.",
        "user": "U03FWCWLL",
        "ts": "1691437544.437499",
        "blocks": [
            {
                "type": "rich_text",
                "block_id": "Khdy",
                "elements": [
                    {
                        "type": "rich_text_section",
                        "elements": [
                            {
                                "type": "text",
                                "text": "It is a different way of building distributed systems."
                            }
                        ]
                    }
                ]
            }
        ],
        "team": "T03FVM0K8",
        "user_team": "T03FVM0K8",
        "source_team": "T03FVM0K8",
        "user_profile": {
            "avatar_hash": "ab9a763ac584",
            "image_72": "https:\/\/avatars.slack-edge.com\/2019-06-06\/645293626450_ab9a763ac58462796ac7_72.jpg",
            "first_name": "Sherif",
            "real_name": "Sherif",
            "display_name": "sherifr",
            "team": "T03FVM0K8",
            "name": "sherifr",
            "is_restricted": false,
            "is_ultra_restricted": false
        }
    }
]