[
    {
        "type": "message",
        "text": "The best book about software development\/management is this. The authors actually approach the topic scientifically and not just putting out opinions on YouTube.",
        "files": [
            {
                "id": "F05KKBA7ACU",
                "created": 1690795976,
                "timestamp": 1690795976,
                "name": "image.png",
                "title": "image.png",
                "mimetype": "image\/png",
                "filetype": "png",
                "pretty_type": "PNG",
                "user": "U03FVM0KA",
                "user_team": "T03FVM0K8",
                "editable": false,
                "size": 66506,
                "mode": "hosted",
                "is_external": false,
                "external_type": "",
                "is_public": true,
                "public_url_shared": false,
                "display_as_bot": false,
                "username": "",
                "url_private": "https:\/\/files.slack.com\/files-pri\/T03FVM0K8-F05KKBA7ACU\/image.png?t=xoxe-3539714654-5811278554788-5832538929008-03dc07771412e207820c9f7ae6fe1988",
                "url_private_download": "https:\/\/files.slack.com\/files-pri\/T03FVM0K8-F05KKBA7ACU\/download\/image.png?t=xoxe-3539714654-5811278554788-5832538929008-03dc07771412e207820c9f7ae6fe1988",
                "media_display_type": "unknown",
                "thumb_64": "https:\/\/files.slack.com\/files-tmb\/T03FVM0K8-F05KKBA7ACU-2e79d732e1\/image_64.png?t=xoxe-3539714654-5811278554788-5832538929008-03dc07771412e207820c9f7ae6fe1988",
                "thumb_80": "https:\/\/files.slack.com\/files-tmb\/T03FVM0K8-F05KKBA7ACU-2e79d732e1\/image_80.png?t=xoxe-3539714654-5811278554788-5832538929008-03dc07771412e207820c9f7ae6fe1988",
                "thumb_360": "https:\/\/files.slack.com\/files-tmb\/T03FVM0K8-F05KKBA7ACU-2e79d732e1\/image_360.png?t=xoxe-3539714654-5811278554788-5832538929008-03dc07771412e207820c9f7ae6fe1988",
                "thumb_360_w": 360,
                "thumb_360_h": 117,
                "thumb_480": "https:\/\/files.slack.com\/files-tmb\/T03FVM0K8-F05KKBA7ACU-2e79d732e1\/image_480.png?t=xoxe-3539714654-5811278554788-5832538929008-03dc07771412e207820c9f7ae6fe1988",
                "thumb_480_w": 480,
                "thumb_480_h": 156,
                "thumb_160": "https:\/\/files.slack.com\/files-tmb\/T03FVM0K8-F05KKBA7ACU-2e79d732e1\/image_160.png?t=xoxe-3539714654-5811278554788-5832538929008-03dc07771412e207820c9f7ae6fe1988",
                "thumb_720": "https:\/\/files.slack.com\/files-tmb\/T03FVM0K8-F05KKBA7ACU-2e79d732e1\/image_720.png?t=xoxe-3539714654-5811278554788-5832538929008-03dc07771412e207820c9f7ae6fe1988",
                "thumb_720_w": 720,
                "thumb_720_h": 234,
                "thumb_800": "https:\/\/files.slack.com\/files-tmb\/T03FVM0K8-F05KKBA7ACU-2e79d732e1\/image_800.png?t=xoxe-3539714654-5811278554788-5832538929008-03dc07771412e207820c9f7ae6fe1988",
                "thumb_800_w": 800,
                "thumb_800_h": 260,
                "original_w": 915,
                "original_h": 297,
                "thumb_tiny": "AwAPADDQbOeDSZb1p5HPSkPWgBPm9aAH9f1pW3cYOKVc96AG4f1\/WlAIPJp2KMCgD\/\/Z",
                "permalink": "https:\/\/silverkey.slack.com\/files\/U03FVM0KA\/F05KKBA7ACU\/image.png",
                "permalink_public": "https:\/\/slack-files.com\/T03FVM0K8-F05KKBA7ACU-6037472e88",
                "is_starred": false,
                "has_rich_preview": false,
                "file_access": "visible"
            }
        ],
        "upload": false,
        "user": "U03FVM0KA",
        "display_as_bot": false,
        "ts": "1690796016.850729",
        "blocks": [
            {
                "type": "rich_text",
                "block_id": "9BJkY",
                "elements": [
                    {
                        "type": "rich_text_section",
                        "elements": [
                            {
                                "type": "text",
                                "text": "The best book about software development\/management is this. The authors actually approach the topic scientifically and not just putting out opinions on YouTube."
                            }
                        ]
                    }
                ]
            }
        ],
        "client_msg_id": "4826fe9e-e00e-4e93-8921-7f769dd1f503",
        "reactions": [
            {
                "name": "raised_hands",
                "users": [
                    "U027V0C9KEY",
                    "U027C3PDVQC"
                ],
                "count": 2
            },
            {
                "name": "rocket",
                "users": [
                    "U01JHGNLXTP",
                    "U03FWLKUN"
                ],
                "count": 2
            }
        ]
    },
    {
        "client_msg_id": "38c47056-1e5f-488e-a278-0e0182e88647",
        "type": "message",
        "text": "<https:\/\/www.amazon.com\/Accelerate-Software-Performing-Technology-Organizations\/dp\/1942788339>",
        "user": "U03FVM0KA",
        "ts": "1690796019.562139",
        "blocks": [
            {
                "type": "rich_text",
                "block_id": "mdry",
                "elements": [
                    {
                        "type": "rich_text_section",
                        "elements": [
                            {
                                "type": "link",
                                "url": "https:\/\/www.amazon.com\/Accelerate-Software-Performing-Technology-Organizations\/dp\/1942788339"
                            }
                        ]
                    }
                ]
            }
        ],
        "team": "T03FVM0K8",
        "user_team": "T03FVM0K8",
        "source_team": "T03FVM0K8",
        "user_profile": {
            "avatar_hash": "3b5718eb9f45",
            "image_72": "https:\/\/avatars.slack-edge.com\/2023-07-16\/5599264436273_3b5718eb9f45b3c2a13a_72.jpg",
            "first_name": "dodyg",
            "real_name": "dodyg",
            "display_name": "",
            "team": "T03FVM0K8",
            "name": "dodyg",
            "is_restricted": false,
            "is_ultra_restricted": false
        }
    },
    {
        "client_msg_id": "5b7023cd-c557-42be-bd45-dc5070b10101",
        "type": "message",
        "text": "You can download it here <http:\/\/libgen.is\/book\/index.php?md5=634020A80617058AA8392C5AF3C82A91>",
        "user": "U03FVM0KA",
        "ts": "1690796074.857709",
        "blocks": [
            {
                "type": "rich_text",
                "block_id": "xr5",
                "elements": [
                    {
                        "type": "rich_text_section",
                        "elements": [
                            {
                                "type": "text",
                                "text": "You can download it here "
                            },
                            {
                                "type": "link",
                                "url": "http:\/\/libgen.is\/book\/index.php?md5=634020A80617058AA8392C5AF3C82A91"
                            }
                        ]
                    }
                ]
            }
        ],
        "team": "T03FVM0K8",
        "user_team": "T03FVM0K8",
        "source_team": "T03FVM0K8",
        "user_profile": {
            "avatar_hash": "3b5718eb9f45",
            "image_72": "https:\/\/avatars.slack-edge.com\/2023-07-16\/5599264436273_3b5718eb9f45b3c2a13a_72.jpg",
            "first_name": "dodyg",
            "real_name": "dodyg",
            "display_name": "",
            "team": "T03FVM0K8",
            "name": "dodyg",
            "is_restricted": false,
            "is_ultra_restricted": false
        },
        "attachments": [
            {
                "from_url": "http:\/\/libgen.is\/book\/index.php?md5=634020A80617058AA8392C5AF3C82A91",
                "service_icon": "http:\/\/libgen.is\/favicon.ico",
                "id": 1,
                "original_url": "http:\/\/libgen.is\/book\/index.php?md5=634020A80617058AA8392C5AF3C82A91",
                "fallback": "Library Genesis: Nicole Forsgren; Jez Humble; Gene Kim - Accelerate: The Science of Lean Software and DevOps: Building and Scaling High Performing Technology Organizations",
                "text": "Library Genesis is a scientific community targeting collection of books on natural science disciplines and engineering.",
                "title": "Library Genesis: Nicole Forsgren; Jez Humble; Gene Kim - Accelerate: The Science of Lean Software and DevOps: Building and Scaling High Performing Technology Organizations",
                "title_link": "http:\/\/libgen.is\/book\/index.php?md5=634020A80617058AA8392C5AF3C82A91",
                "service_name": "libgen.is"
            }
        ]
    },
    {
        "client_msg_id": "b12aad95-1fac-4bbd-aa96-97f2847762ba",
        "type": "message",
        "text": "And the majority of the most impactful practice is to have build server and automatic deployment. That alone produces the high productivity results. Everything else is marginal.",
        "user": "U03FVM0KA",
        "ts": "1690796132.196489",
        "blocks": [
            {
                "type": "rich_text",
                "block_id": "=oF",
                "elements": [
                    {
                        "type": "rich_text_section",
                        "elements": [
                            {
                                "type": "text",
                                "text": "And the majority of the most impactful practice is to have build server and automatic deployment. That alone produces the high productivity results. Everything else is marginal."
                            }
                        ]
                    }
                ]
            }
        ],
        "team": "T03FVM0K8",
        "user_team": "T03FVM0K8",
        "source_team": "T03FVM0K8",
        "user_profile": {
            "avatar_hash": "3b5718eb9f45",
            "image_72": "https:\/\/avatars.slack-edge.com\/2023-07-16\/5599264436273_3b5718eb9f45b3c2a13a_72.jpg",
            "first_name": "dodyg",
            "real_name": "dodyg",
            "display_name": "",
            "team": "T03FVM0K8",
            "name": "dodyg",
            "is_restricted": false,
            "is_ultra_restricted": false
        }
    },
    {
        "type": "message",
        "text": "This is the latest paper",
        "files": [
            {
                "id": "F05KA9A7JAJ",
                "created": 1690796368,
                "timestamp": 1690796368,
                "name": "image.png",
                "title": "image.png",
                "mimetype": "image\/png",
                "filetype": "png",
                "pretty_type": "PNG",
                "user": "U03FVM0KA",
                "user_team": "T03FVM0K8",
                "editable": false,
                "size": 30040,
                "mode": "hosted",
                "is_external": false,
                "external_type": "",
                "is_public": true,
                "public_url_shared": false,
                "display_as_bot": false,
                "username": "",
                "url_private": "https:\/\/files.slack.com\/files-pri\/T03FVM0K8-F05KA9A7JAJ\/image.png?t=xoxe-3539714654-5811278554788-5832538929008-03dc07771412e207820c9f7ae6fe1988",
                "url_private_download": "https:\/\/files.slack.com\/files-pri\/T03FVM0K8-F05KA9A7JAJ\/download\/image.png?t=xoxe-3539714654-5811278554788-5832538929008-03dc07771412e207820c9f7ae6fe1988",
                "media_display_type": "unknown",
                "thumb_64": "https:\/\/files.slack.com\/files-tmb\/T03FVM0K8-F05KA9A7JAJ-458da6557b\/image_64.png?t=xoxe-3539714654-5811278554788-5832538929008-03dc07771412e207820c9f7ae6fe1988",
                "thumb_80": "https:\/\/files.slack.com\/files-tmb\/T03FVM0K8-F05KA9A7JAJ-458da6557b\/image_80.png?t=xoxe-3539714654-5811278554788-5832538929008-03dc07771412e207820c9f7ae6fe1988",
                "thumb_360": "https:\/\/files.slack.com\/files-tmb\/T03FVM0K8-F05KA9A7JAJ-458da6557b\/image_360.png?t=xoxe-3539714654-5811278554788-5832538929008-03dc07771412e207820c9f7ae6fe1988",
                "thumb_360_w": 360,
                "thumb_360_h": 132,
                "thumb_480": "https:\/\/files.slack.com\/files-tmb\/T03FVM0K8-F05KA9A7JAJ-458da6557b\/image_480.png?t=xoxe-3539714654-5811278554788-5832538929008-03dc07771412e207820c9f7ae6fe1988",
                "thumb_480_w": 480,
                "thumb_480_h": 175,
                "thumb_160": "https:\/\/files.slack.com\/files-tmb\/T03FVM0K8-F05KA9A7JAJ-458da6557b\/image_160.png?t=xoxe-3539714654-5811278554788-5832538929008-03dc07771412e207820c9f7ae6fe1988",
                "thumb_720": "https:\/\/files.slack.com\/files-tmb\/T03FVM0K8-F05KA9A7JAJ-458da6557b\/image_720.png?t=xoxe-3539714654-5811278554788-5832538929008-03dc07771412e207820c9f7ae6fe1988",
                "thumb_720_w": 720,
                "thumb_720_h": 263,
                "thumb_800": "https:\/\/files.slack.com\/files-tmb\/T03FVM0K8-F05KA9A7JAJ-458da6557b\/image_800.png?t=xoxe-3539714654-5811278554788-5832538929008-03dc07771412e207820c9f7ae6fe1988",
                "thumb_800_w": 800,
                "thumb_800_h": 292,
                "original_w": 818,
                "original_h": 299,
                "thumb_tiny": "AwARADDQJAbqfzoA4yN350hJ3HmlDHsKADB\/2\/zox\/v\/AJ0oLHtTqAGYP+3+dOBz2IpaKACiiigAooooAKKKKAP\/2Q==",
                "permalink": "https:\/\/silverkey.slack.com\/files\/U03FVM0KA\/F05KA9A7JAJ\/image.png",
                "permalink_public": "https:\/\/slack-files.com\/T03FVM0K8-F05KA9A7JAJ-4011f6d5fe",
                "is_starred": false,
                "has_rich_preview": false,
                "file_access": "visible"
            }
        ],
        "upload": false,
        "user": "U03FVM0KA",
        "display_as_bot": false,
        "ts": "1690796374.869189",
        "blocks": [
            {
                "type": "rich_text",
                "block_id": "qAmh",
                "elements": [
                    {
                        "type": "rich_text_section",
                        "elements": [
                            {
                                "type": "text",
                                "text": "This is the latest paper"
                            }
                        ]
                    }
                ]
            }
        ],
        "client_msg_id": "785cbe22-c0c5-4a31-9a9b-4287a4e0c027"
    },
    {
        "client_msg_id": "d5ad8c66-e996-4ebc-a0bb-1e38de03b207",
        "type": "message",
        "text": "<https:\/\/queue.acm.org\/detail.cfm?id=3595878>",
        "user": "U03FVM0KA",
        "ts": "1690796381.852789",
        "blocks": [
            {
                "type": "rich_text",
                "block_id": "Y8kyp",
                "elements": [
                    {
                        "type": "rich_text_section",
                        "elements": [
                            {
                                "type": "link",
                                "url": "https:\/\/queue.acm.org\/detail.cfm?id=3595878"
                            }
                        ]
                    }
                ]
            }
        ],
        "team": "T03FVM0K8",
        "user_team": "T03FVM0K8",
        "source_team": "T03FVM0K8",
        "user_profile": {
            "avatar_hash": "3b5718eb9f45",
            "image_72": "https:\/\/avatars.slack-edge.com\/2023-07-16\/5599264436273_3b5718eb9f45b3c2a13a_72.jpg",
            "first_name": "dodyg",
            "real_name": "dodyg",
            "display_name": "",
            "team": "T03FVM0K8",
            "name": "dodyg",
            "is_restricted": false,
            "is_ultra_restricted": false
        }
    },
    {
        "type": "message",
        "text": "",
        "files": [
            {
                "id": "F05KH0BNV43",
                "created": 1690798106,
                "timestamp": 1690798106,
                "name": "image.png",
                "title": "image.png",
                "mimetype": "image\/png",
                "filetype": "png",
                "pretty_type": "PNG",
                "user": "U03FVM0KA",
                "user_team": "T03FVM0K8",
                "editable": false,
                "size": 316945,
                "mode": "hosted",
                "is_external": false,
                "external_type": "",
                "is_public": true,
                "public_url_shared": false,
                "display_as_bot": false,
                "username": "",
                "url_private": "https:\/\/files.slack.com\/files-pri\/T03FVM0K8-F05KH0BNV43\/image.png?t=xoxe-3539714654-5811278554788-5832538929008-03dc07771412e207820c9f7ae6fe1988",
                "url_private_download": "https:\/\/files.slack.com\/files-pri\/T03FVM0K8-F05KH0BNV43\/download\/image.png?t=xoxe-3539714654-5811278554788-5832538929008-03dc07771412e207820c9f7ae6fe1988",
                "media_display_type": "unknown",
                "thumb_64": "https:\/\/files.slack.com\/files-tmb\/T03FVM0K8-F05KH0BNV43-0da87d6657\/image_64.png?t=xoxe-3539714654-5811278554788-5832538929008-03dc07771412e207820c9f7ae6fe1988",
                "thumb_80": "https:\/\/files.slack.com\/files-tmb\/T03FVM0K8-F05KH0BNV43-0da87d6657\/image_80.png?t=xoxe-3539714654-5811278554788-5832538929008-03dc07771412e207820c9f7ae6fe1988",
                "thumb_360": "https:\/\/files.slack.com\/files-tmb\/T03FVM0K8-F05KH0BNV43-0da87d6657\/image_360.png?t=xoxe-3539714654-5811278554788-5832538929008-03dc07771412e207820c9f7ae6fe1988",
                "thumb_360_w": 268,
                "thumb_360_h": 360,
                "thumb_480": "https:\/\/files.slack.com\/files-tmb\/T03FVM0K8-F05KH0BNV43-0da87d6657\/image_480.png?t=xoxe-3539714654-5811278554788-5832538929008-03dc07771412e207820c9f7ae6fe1988",
                "thumb_480_w": 357,
                "thumb_480_h": 480,
                "thumb_160": "https:\/\/files.slack.com\/files-tmb\/T03FVM0K8-F05KH0BNV43-0da87d6657\/image_160.png?t=xoxe-3539714654-5811278554788-5832538929008-03dc07771412e207820c9f7ae6fe1988",
                "thumb_720": "https:\/\/files.slack.com\/files-tmb\/T03FVM0K8-F05KH0BNV43-0da87d6657\/image_720.png?t=xoxe-3539714654-5811278554788-5832538929008-03dc07771412e207820c9f7ae6fe1988",
                "thumb_720_w": 536,
                "thumb_720_h": 720,
                "thumb_800": "https:\/\/files.slack.com\/files-tmb\/T03FVM0K8-F05KH0BNV43-0da87d6657\/image_800.png?t=xoxe-3539714654-5811278554788-5832538929008-03dc07771412e207820c9f7ae6fe1988",
                "thumb_800_w": 595,
                "thumb_800_h": 800,
                "original_w": 602,
                "original_h": 809,
                "thumb_tiny": "AwAwACPQPU8t1pV\/H8aO560fg350AOopv4N+dL+B\/OgBaKKKAEOccUxmZcZGVzyfSnkE9Dim7doPegCLzH4wmWz0z29asVGoLYJxn1x1p6LtXH+RR0AWiiigBpB67jTSSqE7s080xk3cEn8qAYyI7sqxNNhYvKyvgYGRg+9SiEA5DHNCQohyqgH2FNiW2pIOKKKKQz\/\/2Q==",
                "permalink": "https:\/\/silverkey.slack.com\/files\/U03FVM0KA\/F05KH0BNV43\/image.png",
                "permalink_public": "https:\/\/slack-files.com\/T03FVM0K8-F05KH0BNV43-e46fac928f",
                "is_starred": false,
                "has_rich_preview": false,
                "file_access": "visible"
            }
        ],
        "upload": false,
        "user": "U03FVM0KA",
        "display_as_bot": false,
        "ts": "1690798111.239109",
        "client_msg_id": "3467c2d0-9770-4dd4-8705-9f66faa3d2f6",
        "thread_ts": "1690798111.239109",
        "reply_count": 1,
        "reply_users_count": 1,
        "latest_reply": "1690833785.987519",
        "reply_users": [
            "U01JHGNLXTP"
        ],
        "replies": [
            {
                "user": "U01JHGNLXTP",
                "ts": "1690833785.987519"
            }
        ],
        "is_locked": false,
        "subscribed": true,
        "last_read": "1690833785.987519",
        "reactions": [
            {
                "name": "joy",
                "users": [
                    "U01JHGNLXTP"
                ],
                "count": 1
            },
            {
                "name": "ok_hand",
                "users": [
                    "U01JHGNLXTP"
                ],
                "count": 1
            },
            {
                "name": "heart",
                "users": [
                    "U01JHGNLXTP"
                ],
                "count": 1
            }
        ]
    },
    {
        "client_msg_id": "99F3F794-205D-448E-A689-3113331E345A",
        "type": "message",
        "text": "A wise man once said \nWhy so many DLLs , Folders exist for a reason :joy: ",
        "user": "U01JHGNLXTP",
        "ts": "1690833785.987519",
        "blocks": [
            {
                "type": "rich_text",
                "block_id": "RbE",
                "elements": [
                    {
                        "type": "rich_text_section",
                        "elements": [
                            {
                                "type": "text",
                                "text": "A wise man once said \nWhy so many DLLs , Folders exist for a reason "
                            },
                            {
                                "type": "emoji",
                                "name": "joy",
                                "unicode": "1f602"
                            },
                            {
                                "type": "text",
                                "text": " "
                            }
                        ]
                    }
                ]
            }
        ],
        "team": "T03FVM0K8",
        "user_team": "T03FVM0K8",
        "source_team": "T03FVM0K8",
        "user_profile": {
            "avatar_hash": "09ed5d4ab51a",
            "image_72": "https:\/\/avatars.slack-edge.com\/2021-01-14\/1659764613696_09ed5d4ab51ade5f2170_72.jpg",
            "first_name": "Abdulrahman",
            "real_name": "Abdulrahman Nady",
            "display_name": "Abdulrahman Nady",
            "team": "T03FVM0K8",
            "name": "abdulrahmann",
            "is_restricted": false,
            "is_ultra_restricted": false
        },
        "edited": {
            "user": "U01JHGNLXTP",
            "ts": "1690837350.000000"
        },
        "thread_ts": "1690798111.239109",
        "parent_user_id": "U03FVM0KA"
    }
]