[
    {
        "client_msg_id": "24f467f5-eb01-4bc7-9183-3ea31d1fb4d8",
        "type": "message",
        "text": "<https:\/\/github.com\/silverkeytech\/institute\/issues\/62>",
        "user": "U03FVM0KA",
        "ts": "1691066376.877999",
        "blocks": [
            {
                "type": "rich_text",
                "block_id": "D7ZcG",
                "elements": [
                    {
                        "type": "rich_text_section",
                        "elements": [
                            {
                                "type": "link",
                                "url": "https:\/\/github.com\/silverkeytech\/institute\/issues\/62"
                            }
                        ]
                    }
                ]
            }
        ],
        "team": "T03FVM0K8",
        "user_team": "T03FVM0K8",
        "source_team": "T03FVM0K8",
        "user_profile": {
            "avatar_hash": "3b5718eb9f45",
            "image_72": "https:\/\/avatars.slack-edge.com\/2023-07-16\/5599264436273_3b5718eb9f45b3c2a13a_72.jpg",
            "first_name": "dodyg",
            "real_name": "dodyg",
            "display_name": "",
            "team": "T03FVM0K8",
            "name": "dodyg",
            "is_restricted": false,
            "is_ultra_restricted": false
        },
        "reactions": [
            {
                "name": "smiling_face_with_tear",
                "users": [
                    "U01JHGNLXTP"
                ],
                "count": 1
            },
            {
                "name": "+1",
                "users": [
                    "U02P5PUDENL"
                ],
                "count": 1
            }
        ]
    },
    {
        "client_msg_id": "58a6c6d5-5d8e-4924-b843-9dd074ab3787",
        "type": "message",
        "text": "The recording about earlier session for how to use GitHub issues effectively",
        "user": "U03FVM0KA",
        "ts": "1691066391.593309",
        "blocks": [
            {
                "type": "rich_text",
                "block_id": "3CV",
                "elements": [
                    {
                        "type": "rich_text_section",
                        "elements": [
                            {
                                "type": "text",
                                "text": "The recording about earlier session for how to use GitHub issues effectively"
                            }
                        ]
                    }
                ]
            }
        ],
        "team": "T03FVM0K8",
        "user_team": "T03FVM0K8",
        "source_team": "T03FVM0K8",
        "user_profile": {
            "avatar_hash": "3b5718eb9f45",
            "image_72": "https:\/\/avatars.slack-edge.com\/2023-07-16\/5599264436273_3b5718eb9f45b3c2a13a_72.jpg",
            "first_name": "dodyg",
            "real_name": "dodyg",
            "display_name": "",
            "team": "T03FVM0K8",
            "name": "dodyg",
            "is_restricted": false,
            "is_ultra_restricted": false
        },
        "thread_ts": "1691066391.593309",
        "reply_count": 2,
        "reply_users_count": 1,
        "latest_reply": "1691069977.288899",
        "reply_users": [
            "U027C3PDVQC"
        ],
        "replies": [
            {
                "user": "U027C3PDVQC",
                "ts": "1691069914.496419"
            },
            {
                "user": "U027C3PDVQC",
                "ts": "1691069977.288899"
            }
        ],
        "is_locked": false,
        "subscribed": true,
        "last_read": "1691069977.288899"
    },
    {
        "client_msg_id": "51399783-ff7d-4e6d-ae22-158c5bea1ec9",
        "type": "message",
        "text": "<@U02P5PUDENL>",
        "user": "U03FVM0KA",
        "ts": "1691066393.513669",
        "blocks": [
            {
                "type": "rich_text",
                "block_id": "ZSjw",
                "elements": [
                    {
                        "type": "rich_text_section",
                        "elements": [
                            {
                                "type": "user",
                                "user_id": "U02P5PUDENL"
                            }
                        ]
                    }
                ]
            }
        ],
        "team": "T03FVM0K8",
        "user_team": "T03FVM0K8",
        "source_team": "T03FVM0K8",
        "user_profile": {
            "avatar_hash": "3b5718eb9f45",
            "image_72": "https:\/\/avatars.slack-edge.com\/2023-07-16\/5599264436273_3b5718eb9f45b3c2a13a_72.jpg",
            "first_name": "dodyg",
            "real_name": "dodyg",
            "display_name": "",
            "team": "T03FVM0K8",
            "name": "dodyg",
            "is_restricted": false,
            "is_ultra_restricted": false
        }
    },
    {
        "client_msg_id": "c37bdbce-67ca-4480-8cb1-827fae2af7c6",
        "type": "message",
        "text": "I updated the issue with drive link, since swisstransfer has temporarily period of the uploads",
        "user": "U027C3PDVQC",
        "ts": "1691069914.496419",
        "blocks": [
            {
                "type": "rich_text",
                "block_id": "Ptg",
                "elements": [
                    {
                        "type": "rich_text_section",
                        "elements": [
                            {
                                "type": "text",
                                "text": "I updated the issue with drive link, since swisstransfer has temporarily period of the uploads"
                            }
                        ]
                    }
                ]
            }
        ],
        "team": "T03FVM0K8",
        "user_team": "T03FVM0K8",
        "source_team": "T03FVM0K8",
        "user_profile": {
            "avatar_hash": "b2432500ca87",
            "image_72": "https:\/\/avatars.slack-edge.com\/2022-01-23\/2978662366199_b2432500ca87d891ba17_72.jpg",
            "first_name": "Mohamed",
            "real_name": "Mohamed Abdelrahman",
            "display_name": "",
            "team": "T03FVM0K8",
            "name": "maboelkassem",
            "is_restricted": false,
            "is_ultra_restricted": false
        },
        "thread_ts": "1691066391.593309",
        "parent_user_id": "U03FVM0KA",
        "reactions": [
            {
                "name": "+1",
                "users": [
                    "U02P5PUDENL"
                ],
                "count": 1
            }
        ]
    },
    {
        "client_msg_id": "46a6dec3-00ae-4fbb-b782-2916d59065a8",
        "type": "message",
        "text": "and limited the access to SK",
        "user": "U027C3PDVQC",
        "ts": "1691069977.288899",
        "blocks": [
            {
                "type": "rich_text",
                "block_id": "Qo0m",
                "elements": [
                    {
                        "type": "rich_text_section",
                        "elements": [
                            {
                                "type": "text",
                                "text": "and limited the access to SK"
                            }
                        ]
                    }
                ]
            }
        ],
        "team": "T03FVM0K8",
        "user_team": "T03FVM0K8",
        "source_team": "T03FVM0K8",
        "user_profile": {
            "avatar_hash": "b2432500ca87",
            "image_72": "https:\/\/avatars.slack-edge.com\/2022-01-23\/2978662366199_b2432500ca87d891ba17_72.jpg",
            "first_name": "Mohamed",
            "real_name": "Mohamed Abdelrahman",
            "display_name": "",
            "team": "T03FVM0K8",
            "name": "maboelkassem",
            "is_restricted": false,
            "is_ultra_restricted": false
        },
        "thread_ts": "1691066391.593309",
        "parent_user_id": "U03FVM0KA",
        "reactions": [
            {
                "name": "metal",
                "users": [
                    "U03FVM0KA",
                    "U02P5PUDENL"
                ],
                "count": 2
            }
        ]
    }
]