[
    {
        "client_msg_id": "2a9c89bb-f735-4b07-bc28-2e9ff9e7a7ef",
        "type": "message",
        "text": "<https:\/\/devblogs.microsoft.com\/dotnet\/asp-net-core-updates-in-dotnet-8-preview-7\/#apis>",
        "user": "U03FVM0KA",
        "ts": "1691584271.092519",
        "blocks": [
            {
                "type": "rich_text",
                "block_id": "ptTr2",
                "elements": [
                    {
                        "type": "rich_text_section",
                        "elements": [
                            {
                                "type": "link",
                                "url": "https:\/\/devblogs.microsoft.com\/dotnet\/asp-net-core-updates-in-dotnet-8-preview-7\/#apis"
                            }
                        ]
                    }
                ]
            }
        ],
        "team": "T03FVM0K8",
        "user_team": "T03FVM0K8",
        "source_team": "T03FVM0K8",
        "user_profile": {
            "avatar_hash": "3b5718eb9f45",
            "image_72": "https:\/\/avatars.slack-edge.com\/2023-07-16\/5599264436273_3b5718eb9f45b3c2a13a_72.jpg",
            "first_name": "dodyg",
            "real_name": "dodyg",
            "display_name": "",
            "team": "T03FVM0K8",
            "name": "dodyg",
            "is_restricted": false,
            "is_ultra_restricted": false
        },
        "attachments": [
            {
                "image_url": "https:\/\/devblogs.microsoft.com\/dotnet\/wp-content\/uploads\/sites\/10\/2023\/08\/asp-net-core-dotnet-8-preview-7.png",
                "image_width": 1280,
                "image_height": 720,
                "image_bytes": 395273,
                "from_url": "https:\/\/devblogs.microsoft.com\/dotnet\/asp-net-core-updates-in-dotnet-8-preview-7\/#apis",
                "service_icon": "https:\/\/devblogs.microsoft.com\/dotnet\/wp-content\/uploads\/sites\/10\/2018\/10\/Microsoft-Favicon.png",
                "ts": 1691514360,
                "id": 1,
                "original_url": "https:\/\/devblogs.microsoft.com\/dotnet\/asp-net-core-updates-in-dotnet-8-preview-7\/#apis",
                "fallback": ".NET Blog: ASP.NET Core updates in .NET 8 Preview 7 - .NET Blog",
                "text": ".NET 8 Preview 7 is now available! Check out what's new in <http:\/\/ASP.NET|ASP.NET> Core in this update.",
                "title": "ASP.NET Core updates in .NET 8 Preview 7 - .NET Blog",
                "title_link": "https:\/\/devblogs.microsoft.com\/dotnet\/asp-net-core-updates-in-dotnet-8-preview-7\/#apis",
                "service_name": ".NET Blog"
            }
        ]
    },
    {
        "client_msg_id": "2ff3b866-c672-43db-9c87-3417c8ff076d",
        "type": "message",
        "text": "Update your visual studio today",
        "user": "U03FVM0KA",
        "ts": "1691584285.518419",
        "blocks": [
            {
                "type": "rich_text",
                "block_id": "Ab7y",
                "elements": [
                    {
                        "type": "rich_text_section",
                        "elements": [
                            {
                                "type": "text",
                                "text": "Update your visual studio today"
                            }
                        ]
                    }
                ]
            }
        ],
        "team": "T03FVM0K8",
        "user_team": "T03FVM0K8",
        "source_team": "T03FVM0K8",
        "user_profile": {
            "avatar_hash": "3b5718eb9f45",
            "image_72": "https:\/\/avatars.slack-edge.com\/2023-07-16\/5599264436273_3b5718eb9f45b3c2a13a_72.jpg",
            "first_name": "dodyg",
            "real_name": "dodyg",
            "display_name": "",
            "team": "T03FVM0K8",
            "name": "dodyg",
            "is_restricted": false,
            "is_ultra_restricted": false
        }
    },
    {
        "type": "message",
        "text": "This is the draft Taly Workshop slide I prepared this week - you might find it interesting. It covers a broad aspect of distributed software development.",
        "files": [
            {
                "id": "F05M0S498MR",
                "created": 1691584401,
                "timestamp": 1691584401,
                "name": "SilverKey Taly Workshop-1.pdf",
                "title": "SilverKey Taly Workshop-1.pdf",
                "mimetype": "application\/pdf",
                "filetype": "pdf",
                "pretty_type": "PDF",
                "user": "U03FVM0KA",
                "user_team": "T03FVM0K8",
                "editable": false,
                "size": 2334945,
                "mode": "hosted",
                "is_external": false,
                "external_type": "",
                "is_public": true,
                "public_url_shared": false,
                "display_as_bot": false,
                "username": "",
                "url_private": "https:\/\/files.slack.com\/files-pri\/T03FVM0K8-F05M0S498MR\/silverkey_taly_workshop-1.pdf?t=xoxe-3539714654-5811278554788-5832538929008-03dc07771412e207820c9f7ae6fe1988",
                "url_private_download": "https:\/\/files.slack.com\/files-pri\/T03FVM0K8-F05M0S498MR\/download\/silverkey_taly_workshop-1.pdf?t=xoxe-3539714654-5811278554788-5832538929008-03dc07771412e207820c9f7ae6fe1988",
                "media_display_type": "unknown",
                "thumb_pdf": "https:\/\/files.slack.com\/files-tmb\/T03FVM0K8-F05M0S498MR-63340d82f5\/silverkey_taly_workshop-1_thumb_pdf.png?t=xoxe-3539714654-5811278554788-5832538929008-03dc07771412e207820c9f7ae6fe1988",
                "thumb_pdf_w": 1100,
                "thumb_pdf_h": 619,
                "permalink": "https:\/\/silverkey.slack.com\/files\/U03FVM0KA\/F05M0S498MR\/silverkey_taly_workshop-1.pdf",
                "permalink_public": "https:\/\/slack-files.com\/T03FVM0K8-F05M0S498MR-3d8baad4a3",
                "is_starred": false,
                "has_rich_preview": false,
                "file_access": "visible"
            }
        ],
        "upload": false,
        "user": "U03FVM0KA",
        "display_as_bot": false,
        "ts": "1691584430.171179",
        "blocks": [
            {
                "type": "rich_text",
                "block_id": "9nuDJ",
                "elements": [
                    {
                        "type": "rich_text_section",
                        "elements": [
                            {
                                "type": "text",
                                "text": "This is the draft Taly Workshop slide I prepared this week - you might find it interesting. It covers a broad aspect of distributed software development."
                            }
                        ]
                    }
                ]
            }
        ],
        "client_msg_id": "eaf8480c-6abe-475c-b1d7-77a924ccbdeb",
        "reactions": [
            {
                "name": "rocket",
                "users": [
                    "U04509JHX54",
                    "U027V0C9KEY",
                    "U0436S8PYJH",
                    "U01JHGNLXTP"
                ],
                "count": 4
            }
        ]
    }
]