[
    {
        "client_msg_id": "74868b9b-a239-4ce7-a1a2-80398867b596",
        "type": "message",
        "text": "<https:\/\/neo4j.com\/blog\/acid-vs-base-consistency-models-explained\/>\ngood use cases for which DB models your application needs",
        "user": "U027C3PDVQC",
        "ts": "1692349631.385389",
        "blocks": [
            {
                "type": "rich_text",
                "block_id": "HMX",
                "elements": [
                    {
                        "type": "rich_text_section",
                        "elements": [
                            {
                                "type": "link",
                                "url": "https:\/\/neo4j.com\/blog\/acid-vs-base-consistency-models-explained\/"
                            },
                            {
                                "type": "text",
                                "text": "\ngood use cases for which DB models your application needs"
                            }
                        ]
                    }
                ]
            }
        ],
        "team": "T03FVM0K8",
        "user_team": "T03FVM0K8",
        "source_team": "T03FVM0K8",
        "user_profile": {
            "avatar_hash": "b2432500ca87",
            "image_72": "https:\/\/avatars.slack-edge.com\/2022-01-23\/2978662366199_b2432500ca87d891ba17_72.jpg",
            "first_name": "Mohamed",
            "real_name": "Mohamed Abdelrahman",
            "display_name": "",
            "team": "T03FVM0K8",
            "name": "maboelkassem",
            "is_restricted": false,
            "is_ultra_restricted": false
        },
        "attachments": [
            {
                "image_url": "https:\/\/dist.neo4j.com\/wp-content\/uploads\/20230814033630\/ACID-vs-BASE.png",
                "image_width": 1920,
                "image_height": 1000,
                "image_bytes": 106968,
                "from_url": "https:\/\/neo4j.com\/blog\/acid-vs-base-consistency-models-explained\/",
                "service_icon": "https:\/\/neo4j.com\/apple-touch-icon.png?v=bOXynyJWa6a",
                "ts": 1691737253,
                "id": 1,
                "original_url": "https:\/\/neo4j.com\/blog\/acid-vs-base-consistency-models-explained\/",
                "fallback": "Graph Database &amp; Analytics: Data Consistency Models: ACID vs. BASE Explained - Graph Database &amp; Analytics",
                "text": "Learn the difference between ACID and BASE databases and the trade-offs and advantages each consistency model brings to your application's backend.",
                "title": "Data Consistency Models: ACID vs. BASE Explained - Graph Database &amp; Analytics",
                "title_link": "https:\/\/neo4j.com\/blog\/acid-vs-base-consistency-models-explained\/",
                "service_name": "Graph Database &amp; Analytics"
            }
        ]
    },
    {
        "client_msg_id": "a8cc0123-be9b-4706-8d8b-0731d74ef53d",
        "type": "message",
        "text": "<https:\/\/www.linkedin.com\/posts\/milan-jovanovic_want-to-build-a-large-scale-system-you-activity-7098182768383148033-AXyq?utm_source=share&amp;utm_medium=member_android|https:\/\/www.linkedin.com\/posts\/milan-jovanovic_want-to-build-a-large-scale-system-you-activity-7098182768383148033-AXyq?utm_source=share&amp;utm_medium=member_android>",
        "user": "U027V0C9KEY",
        "ts": "1692360726.187979",
        "blocks": [
            {
                "type": "rich_text",
                "block_id": "0ip4",
                "elements": [
                    {
                        "type": "rich_text_section",
                        "elements": [
                            {
                                "type": "link",
                                "url": "https:\/\/www.linkedin.com\/posts\/milan-jovanovic_want-to-build-a-large-scale-system-you-activity-7098182768383148033-AXyq?utm_source=share&utm_medium=member_android",
                                "text": "https:\/\/www.linkedin.com\/posts\/milan-jovanovic_want-to-build-a-large-scale-system-you-activity-7098182768383148033-AXyq?utm_source=share&utm_medium=member_android"
                            }
                        ]
                    }
                ]
            }
        ],
        "team": "T03FVM0K8",
        "user_team": "T03FVM0K8",
        "source_team": "T03FVM0K8",
        "user_profile": {
            "avatar_hash": "b6b090a41de9",
            "image_72": "https:\/\/avatars.slack-edge.com\/2022-10-26\/4273295914469_b6b090a41de93d3b28e0_72.jpg",
            "first_name": "Amr",
            "real_name": "Amr Mohamed Zaki",
            "display_name": "Amr Zaki",
            "team": "T03FVM0K8",
            "name": "amrz",
            "is_restricted": false,
            "is_ultra_restricted": false
        },
        "attachments": [
            {
                "from_url": "https:\/\/www.linkedin.com\/posts\/milan-jovanovic_want-to-build-a-large-scale-system-you-activity-7098182768383148033-AXyq?utm_source=share&utm_medium=member_android",
                "image_url": "https:\/\/media.licdn.com\/dms\/image\/D4D22AQH5-SZntmqcNg\/feedshare-shrink_2048_1536\/0\/1692338648046?e=1695254400&v=beta&t=nteow2PV81QWVW0Lqddo4pgz-4QmENH0dY6yTkhHCWg",
                "image_width": 1200,
                "image_height": 1200,
                "image_bytes": 98369,
                "service_icon": "https:\/\/static.licdn.com\/aero-v1\/sc\/h\/al2o9zrvru7aqj8e1x2rzsrca",
                "id": 1,
                "original_url": "https:\/\/www.linkedin.com\/posts\/milan-jovanovic_want-to-build-a-large-scale-system-you-activity-7098182768383148033-AXyq?utm_source=share&amp;utm_medium=member_android",
                "fallback": "Milan Jovanović on LinkedIn: Want to build a large-scale system?    You will need rate limiting sooner… | 38 comments",
                "text": "Want to build a large-scale system? \n \nYou will need rate limiting sooner or later. \n \nIt&amp;#39;s a technique to limit the number of requests hitting your API: \n-… | 38 comments on LinkedIn",
                "title": "Milan Jovanović on LinkedIn: Want to build a large-scale system?    You will need rate limiting sooner… | 38 comments",
                "title_link": "https:\/\/www.linkedin.com\/posts\/milan-jovanovic_want-to-build-a-large-scale-system-you-activity-7098182768383148033-AXyq?utm_source=share&utm_medium=member_android",
                "service_name": "linkedin.com"
            }
        ]
    }
]