[
    {
        "client_msg_id": "30efc66c-9bb1-4dc3-b79f-c3ceb62ec407",
        "type": "message",
        "text": "There are so many static generator in C# and outside",
        "user": "U03FVM0KA",
        "ts": "1690120950.911319",
        "blocks": [
            {
                "type": "rich_text",
                "block_id": "MB5",
                "elements": [
                    {
                        "type": "rich_text_section",
                        "elements": [
                            {
                                "type": "text",
                                "text": "There are so many static generator in C# and outside"
                            }
                        ]
                    }
                ]
            }
        ],
        "team": "T03FVM0K8",
        "user_team": "T03FVM0K8",
        "source_team": "T03FVM0K8",
        "user_profile": {
            "avatar_hash": "3b5718eb9f45",
            "image_72": "https:\/\/avatars.slack-edge.com\/2023-07-16\/5599264436273_3b5718eb9f45b3c2a13a_72.jpg",
            "first_name": "dodyg",
            "real_name": "dodyg",
            "display_name": "",
            "team": "T03FVM0K8",
            "name": "dodyg",
            "is_restricted": false,
            "is_ultra_restricted": false
        }
    }
]