[
    {
        "type": "message",
        "subtype": "channel_join",
        "ts": "1689761965.678409",
        "user": "U05HQPS132N",
        "text": "<@U05HQPS132N> has joined the channel"
    },
    {
        "client_msg_id": "1fcf50a8-2bac-4cd8-a54c-ce19ff66d9df",
        "type": "message",
        "text": "<https:\/\/verraes.net\/2021\/09\/what-is-domain-driven-design-ddd\/>",
        "user": "U03FVM0KA",
        "ts": "1689762356.492599",
        "blocks": [
            {
                "type": "rich_text",
                "block_id": "Ud4xi",
                "elements": [
                    {
                        "type": "rich_text_section",
                        "elements": [
                            {
                                "type": "link",
                                "url": "https:\/\/verraes.net\/2021\/09\/what-is-domain-driven-design-ddd\/"
                            }
                        ]
                    }
                ]
            }
        ],
        "team": "T03FVM0K8",
        "user_team": "T03FVM0K8",
        "source_team": "T03FVM0K8",
        "user_profile": {
            "avatar_hash": "3b5718eb9f45",
            "image_72": "https:\/\/avatars.slack-edge.com\/2023-07-16\/5599264436273_3b5718eb9f45b3c2a13a_72.jpg",
            "first_name": "dodyg",
            "real_name": "dodyg",
            "display_name": "",
            "team": "T03FVM0K8",
            "name": "dodyg",
            "is_restricted": false,
            "is_ultra_restricted": false
        },
        "attachments": [
            {
                "from_url": "https:\/\/verraes.net\/2021\/09\/what-is-domain-driven-design-ddd\/",
                "service_icon": "https:\/\/verraes.net\/favicons\/apple-touch-icon.png",
                "ts": 1632268800,
                "id": 1,
                "original_url": "https:\/\/verraes.net\/2021\/09\/what-is-domain-driven-design-ddd\/",
                "fallback": "Mathias Verraes' Blog: What is Domain-Driven Design (DDD)",
                "text": "A definition of DDD as a software design discipline",
                "title": "What is Domain-Driven Design (DDD)",
                "title_link": "https:\/\/verraes.net\/2021\/09\/what-is-domain-driven-design-ddd\/",
                "service_name": "Mathias Verraes' Blog"
            }
        ]
    },
    {
        "client_msg_id": "b519857b-806f-4202-b8a6-be16b9b7f45e",
        "type": "message",
        "text": "DDD is not an architecture",
        "user": "U03FVM0KA",
        "ts": "1689762364.501399",
        "blocks": [
            {
                "type": "rich_text",
                "block_id": "zv0r",
                "elements": [
                    {
                        "type": "rich_text_section",
                        "elements": [
                            {
                                "type": "text",
                                "text": "DDD is not an architecture"
                            }
                        ]
                    }
                ]
            }
        ],
        "team": "T03FVM0K8",
        "user_team": "T03FVM0K8",
        "source_team": "T03FVM0K8",
        "user_profile": {
            "avatar_hash": "3b5718eb9f45",
            "image_72": "https:\/\/avatars.slack-edge.com\/2023-07-16\/5599264436273_3b5718eb9f45b3c2a13a_72.jpg",
            "first_name": "dodyg",
            "real_name": "dodyg",
            "display_name": "",
            "team": "T03FVM0K8",
            "name": "dodyg",
            "is_restricted": false,
            "is_ultra_restricted": false
        },
        "thread_ts": "1689762364.501399",
        "reply_count": 2,
        "reply_users_count": 2,
        "latest_reply": "1689767386.507909",
        "reply_users": [
            "UGUP6SQUT",
            "U03FVM0KA"
        ],
        "replies": [
            {
                "user": "UGUP6SQUT",
                "ts": "1689765218.399269"
            },
            {
                "user": "U03FVM0KA",
                "ts": "1689767386.507909"
            }
        ],
        "is_locked": false,
        "subscribed": true,
        "last_read": "1689767386.507909"
    },
    {
        "client_msg_id": "f8b44283-e6fd-4464-9b46-95037591b089",
        "type": "message",
        "text": "I think, it's more like a system design pattern than an architecture.  :thinking_face:\n\ntotally agree that it's not an architecture. :+1:",
        "user": "UGUP6SQUT",
        "ts": "1689765218.399269",
        "blocks": [
            {
                "type": "rich_text",
                "block_id": "9G+M",
                "elements": [
                    {
                        "type": "rich_text_section",
                        "elements": [
                            {
                                "type": "text",
                                "text": "I think, it's more like a system design pattern than an architecture.  "
                            },
                            {
                                "type": "emoji",
                                "name": "thinking_face",
                                "unicode": "1f914"
                            },
                            {
                                "type": "text",
                                "text": "\n\ntotally agree that it's not an architecture. "
                            },
                            {
                                "type": "emoji",
                                "name": "+1",
                                "unicode": "1f44d"
                            }
                        ]
                    }
                ]
            }
        ],
        "team": "T03FVM0K8",
        "user_team": "T03FVM0K8",
        "source_team": "T03FVM0K8",
        "user_profile": {
            "avatar_hash": "g9c020706235",
            "image_72": "https:\/\/secure.gravatar.com\/avatar\/69c02070623529edb9971347f9a4519d.jpg?s=72&d=https%3A%2F%2Fa.slack-edge.com%2Fdf10d%2Fimg%2Favatars%2Fava_0024-72.png",
            "first_name": "",
            "real_name": "Bassem Adel",
            "display_name": "Bassem Adel",
            "team": "T03FVM0K8",
            "name": "bassema",
            "is_restricted": false,
            "is_ultra_restricted": false
        },
        "thread_ts": "1689762364.501399",
        "parent_user_id": "U03FVM0KA"
    },
    {
        "client_msg_id": "364c0ca8-cf71-4669-b845-c3f54f7c2e1c",
        "type": "message",
        "text": "It's a practice",
        "user": "U03FVM0KA",
        "ts": "1689767386.507909",
        "blocks": [
            {
                "type": "rich_text",
                "block_id": "83a8",
                "elements": [
                    {
                        "type": "rich_text_section",
                        "elements": [
                            {
                                "type": "text",
                                "text": "It's a practice"
                            }
                        ]
                    }
                ]
            }
        ],
        "team": "T03FVM0K8",
        "user_team": "T03FVM0K8",
        "source_team": "T03FVM0K8",
        "user_profile": {
            "avatar_hash": "3b5718eb9f45",
            "image_72": "https:\/\/avatars.slack-edge.com\/2023-07-16\/5599264436273_3b5718eb9f45b3c2a13a_72.jpg",
            "first_name": "dodyg",
            "real_name": "dodyg",
            "display_name": "",
            "team": "T03FVM0K8",
            "name": "dodyg",
            "is_restricted": false,
            "is_ultra_restricted": false
        },
        "thread_ts": "1689762364.501399",
        "parent_user_id": "U03FVM0KA"
    },
    {
        "client_msg_id": "1fa6baa3-2c0d-4ebf-905d-bd5a47ce4726",
        "type": "message",
        "text": "<https:\/\/ai.meta.com\/llama\/>",
        "user": "U03FVM0KA",
        "ts": "1689774059.124329",
        "blocks": [
            {
                "type": "rich_text",
                "block_id": "+ECbG",
                "elements": [
                    {
                        "type": "rich_text_section",
                        "elements": [
                            {
                                "type": "link",
                                "url": "https:\/\/ai.meta.com\/llama\/"
                            }
                        ]
                    }
                ]
            }
        ],
        "team": "T03FVM0K8",
        "user_team": "T03FVM0K8",
        "source_team": "T03FVM0K8",
        "user_profile": {
            "avatar_hash": "3b5718eb9f45",
            "image_72": "https:\/\/avatars.slack-edge.com\/2023-07-16\/5599264436273_3b5718eb9f45b3c2a13a_72.jpg",
            "first_name": "dodyg",
            "real_name": "dodyg",
            "display_name": "",
            "team": "T03FVM0K8",
            "name": "dodyg",
            "is_restricted": false,
            "is_ultra_restricted": false
        },
        "attachments": [
            {
                "from_url": "https:\/\/ai.meta.com\/llama\/",
                "service_icon": "https:\/\/static.xx.fbcdn.net\/rsrc.php\/v3\/y4\/r\/WUJbsVI4ruF.png",
                "thumb_url": "https:\/\/scontent-iad3-2.xx.fbcdn.net\/v\/t39.2365-6\/339747481_605860888081792_7990206924580773203_n.jpg?_nc_cat=111&ccb=1-7&_nc_sid=ad8a9d&_nc_ohc=dBdvEPj_92gAX8T7MDs&_nc_ht=scontent-iad3-2.xx&oh=00_AfDNXziA4cynfd_IZnRE9xy8PeXGZf5cjD4Lfl2XF_dT7g&oe=64BBF9FF",
                "thumb_width": 1920,
                "thumb_height": 1080,
                "id": 1,
                "original_url": "https:\/\/ai.meta.com\/llama\/",
                "fallback": "Meta AI: Llama 2 - Meta AI",
                "text": "Llama 2 — The next generation of our open source large language model, available for free for research and commercial use.",
                "title": "Llama 2 - Meta AI",
                "title_link": "https:\/\/ai.meta.com\/llama\/",
                "service_name": "Meta AI"
            }
        ]
    },
    {
        "client_msg_id": "b11e3c1b-4318-4340-9ff6-7eaec36beaa5",
        "type": "message",
        "text": "Crazy that millions of dollars of data is just given away for free",
        "user": "U03FVM0KA",
        "ts": "1689774073.129839",
        "blocks": [
            {
                "type": "rich_text",
                "block_id": "yHxW",
                "elements": [
                    {
                        "type": "rich_text_section",
                        "elements": [
                            {
                                "type": "text",
                                "text": "Crazy that millions of dollars of data is just given away for free"
                            }
                        ]
                    }
                ]
            }
        ],
        "team": "T03FVM0K8",
        "user_team": "T03FVM0K8",
        "source_team": "T03FVM0K8",
        "user_profile": {
            "avatar_hash": "3b5718eb9f45",
            "image_72": "https:\/\/avatars.slack-edge.com\/2023-07-16\/5599264436273_3b5718eb9f45b3c2a13a_72.jpg",
            "first_name": "dodyg",
            "real_name": "dodyg",
            "display_name": "",
            "team": "T03FVM0K8",
            "name": "dodyg",
            "is_restricted": false,
            "is_ultra_restricted": false
        }
    }
]