[
    {
        "client_msg_id": "4aaeb507-07e4-4e46-9b61-a1d69423bcb3",
        "type": "message",
        "text": "can we really do this\n<https:\/\/learn.microsoft.com\/en-us\/visualstudio\/debugger\/remote-debugging?view=vs-2022>\ndebugging on production env :smiley:\n<@UGUP6SQUT>",
        "user": "U01JHGNLXTP",
        "ts": "1692630955.345619",
        "blocks": [
            {
                "type": "rich_text",
                "block_id": "Xowq",
                "elements": [
                    {
                        "type": "rich_text_section",
                        "elements": [
                            {
                                "type": "text",
                                "text": "can we really do this\n"
                            },
                            {
                                "type": "link",
                                "url": "https:\/\/learn.microsoft.com\/en-us\/visualstudio\/debugger\/remote-debugging?view=vs-2022"
                            },
                            {
                                "type": "text",
                                "text": "\ndebugging on production env "
                            },
                            {
                                "type": "emoji",
                                "name": "smiley",
                                "unicode": "1f603"
                            },
                            {
                                "type": "text",
                                "text": "\n"
                            },
                            {
                                "type": "user",
                                "user_id": "UGUP6SQUT"
                            }
                        ]
                    }
                ]
            }
        ],
        "team": "T03FVM0K8",
        "user_team": "T03FVM0K8",
        "source_team": "T03FVM0K8",
        "user_profile": {
            "avatar_hash": "09ed5d4ab51a",
            "image_72": "https:\/\/avatars.slack-edge.com\/2021-01-14\/1659764613696_09ed5d4ab51ade5f2170_72.jpg",
            "first_name": "Abdulrahman",
            "real_name": "Abdulrahman Nady",
            "display_name": "Abdulrahman Nady",
            "team": "T03FVM0K8",
            "name": "abdulrahmann",
            "is_restricted": false,
            "is_ultra_restricted": false
        },
        "attachments": [
            {
                "image_url": "https:\/\/learn.microsoft.com\/en-us\/media\/open-graph-image.png",
                "image_width": 1201,
                "image_height": 630,
                "image_bytes": 96039,
                "from_url": "https:\/\/learn.microsoft.com\/en-us\/visualstudio\/debugger\/remote-debugging?view=vs-2022",
                "service_icon": "https:\/\/learn.microsoft.com\/favicon.ico",
                "id": 1,
                "original_url": "https:\/\/learn.microsoft.com\/en-us\/visualstudio\/debugger\/remote-debugging?view=vs-2022",
                "fallback": "Remote debugging - Visual Studio (Windows)",
                "text": "Debug a Visual Studio application that has been deployed on a different computer by using the Visual Studio remote debugger.",
                "title": "Remote debugging - Visual Studio (Windows)",
                "title_link": "https:\/\/learn.microsoft.com\/en-us\/visualstudio\/debugger\/remote-debugging?view=vs-2022",
                "service_name": "learn.microsoft.com"
            }
        ]
    }
]