[
    {
        "client_msg_id": "f5511001-ed0f-4b6e-bcda-2abc24b6d08b",
        "type": "message",
        "text": "I will talk about the general structure of Taly Architecture on broad terms this Sunday 2PM (<https:\/\/us05web.zoom.us\/j\/85736049660?pwd=F8aDJuEHkvUbF4H85zhVNCwYp2l9jz.1>)",
        "user": "U03FVM0KA",
        "ts": "1691665853.102369",
        "blocks": [
            {
                "type": "rich_text",
                "block_id": "HF0",
                "elements": [
                    {
                        "type": "rich_text_section",
                        "elements": [
                            {
                                "type": "text",
                                "text": "I will talk about the general structure of Taly Architecture on broad terms this Sunday 2PM ("
                            },
                            {
                                "type": "link",
                                "url": "https:\/\/us05web.zoom.us\/j\/85736049660?pwd=F8aDJuEHkvUbF4H85zhVNCwYp2l9jz.1"
                            },
                            {
                                "type": "text",
                                "text": ")"
                            }
                        ]
                    }
                ]
            }
        ],
        "team": "T03FVM0K8",
        "user_team": "T03FVM0K8",
        "source_team": "T03FVM0K8",
        "user_profile": {
            "avatar_hash": "3b5718eb9f45",
            "image_72": "https:\/\/avatars.slack-edge.com\/2023-07-16\/5599264436273_3b5718eb9f45b3c2a13a_72.jpg",
            "first_name": "dodyg",
            "real_name": "dodyg",
            "display_name": "",
            "team": "T03FVM0K8",
            "name": "dodyg",
            "is_restricted": false,
            "is_ultra_restricted": false
        }
    },
    {
        "client_msg_id": "c1e2a40e-2a71-4e94-bade-76f8edc1fd0e",
        "type": "message",
        "text": "It is essentially a complex distributed system architecture and how we try to simplify it. When you have many systems running together, architecture is no longer about an individual system but on how you operate and maintain all these systems that depend on each other.",
        "user": "U03FVM0KA",
        "ts": "1691665980.999139",
        "blocks": [
            {
                "type": "rich_text",
                "block_id": "6rsl",
                "elements": [
                    {
                        "type": "rich_text_section",
                        "elements": [
                            {
                                "type": "text",
                                "text": "It is essentially a complex distributed system architecture and how we try to simplify it. When you have many systems running together, architecture is no longer about an individual system but on how you operate and maintain all these systems that depend on each other."
                            }
                        ]
                    }
                ]
            }
        ],
        "team": "T03FVM0K8",
        "user_team": "T03FVM0K8",
        "source_team": "T03FVM0K8",
        "user_profile": {
            "avatar_hash": "3b5718eb9f45",
            "image_72": "https:\/\/avatars.slack-edge.com\/2023-07-16\/5599264436273_3b5718eb9f45b3c2a13a_72.jpg",
            "first_name": "dodyg",
            "real_name": "dodyg",
            "display_name": "",
            "team": "T03FVM0K8",
            "name": "dodyg",
            "is_restricted": false,
            "is_ultra_restricted": false
        },
        "edited": {
            "user": "U03FVM0KA",
            "ts": "1691666211.000000"
        },
        "reactions": [
            {
                "name": "ok_hand",
                "users": [
                    "U01JHGNLXTP",
                    "UA6R38XA8",
                    "U03FWLKUN",
                    "UGUP6SQUT",
                    "U027C3PDVQC"
                ],
                "count": 5
            },
            {
                "name": "ok_hand::skin-tone-2",
                "users": [
                    "U1LF0P0LB"
                ],
                "count": 1
            },
            {
                "name": "ok_hand::skin-tone-5",
                "users": [
                    "U04509JHX54"
                ],
                "count": 1
            }
        ]
    },
    {
        "type": "message",
        "text": "Visual Studio 17.8.0 Preview 1 is really good.",
        "files": [
            {
                "id": "F05M845V9S7",
                "created": 1691673351,
                "timestamp": 1691673351,
                "name": "image.png",
                "title": "image.png",
                "mimetype": "image\/png",
                "filetype": "png",
                "pretty_type": "PNG",
                "user": "U03FVM0KA",
                "user_team": "T03FVM0K8",
                "editable": false,
                "size": 216864,
                "mode": "hosted",
                "is_external": false,
                "external_type": "",
                "is_public": true,
                "public_url_shared": false,
                "display_as_bot": false,
                "username": "",
                "url_private": "https:\/\/files.slack.com\/files-pri\/T03FVM0K8-F05M845V9S7\/image.png?t=xoxe-3539714654-5811278554788-5832538929008-03dc07771412e207820c9f7ae6fe1988",
                "url_private_download": "https:\/\/files.slack.com\/files-pri\/T03FVM0K8-F05M845V9S7\/download\/image.png?t=xoxe-3539714654-5811278554788-5832538929008-03dc07771412e207820c9f7ae6fe1988",
                "media_display_type": "unknown",
                "thumb_64": "https:\/\/files.slack.com\/files-tmb\/T03FVM0K8-F05M845V9S7-083884b005\/image_64.png?t=xoxe-3539714654-5811278554788-5832538929008-03dc07771412e207820c9f7ae6fe1988",
                "thumb_80": "https:\/\/files.slack.com\/files-tmb\/T03FVM0K8-F05M845V9S7-083884b005\/image_80.png?t=xoxe-3539714654-5811278554788-5832538929008-03dc07771412e207820c9f7ae6fe1988",
                "thumb_360": "https:\/\/files.slack.com\/files-tmb\/T03FVM0K8-F05M845V9S7-083884b005\/image_360.png?t=xoxe-3539714654-5811278554788-5832538929008-03dc07771412e207820c9f7ae6fe1988",
                "thumb_360_w": 360,
                "thumb_360_h": 194,
                "thumb_480": "https:\/\/files.slack.com\/files-tmb\/T03FVM0K8-F05M845V9S7-083884b005\/image_480.png?t=xoxe-3539714654-5811278554788-5832538929008-03dc07771412e207820c9f7ae6fe1988",
                "thumb_480_w": 480,
                "thumb_480_h": 259,
                "thumb_160": "https:\/\/files.slack.com\/files-tmb\/T03FVM0K8-F05M845V9S7-083884b005\/image_160.png?t=xoxe-3539714654-5811278554788-5832538929008-03dc07771412e207820c9f7ae6fe1988",
                "thumb_720": "https:\/\/files.slack.com\/files-tmb\/T03FVM0K8-F05M845V9S7-083884b005\/image_720.png?t=xoxe-3539714654-5811278554788-5832538929008-03dc07771412e207820c9f7ae6fe1988",
                "thumb_720_w": 720,
                "thumb_720_h": 388,
                "thumb_800": "https:\/\/files.slack.com\/files-tmb\/T03FVM0K8-F05M845V9S7-083884b005\/image_800.png?t=xoxe-3539714654-5811278554788-5832538929008-03dc07771412e207820c9f7ae6fe1988",
                "thumb_800_w": 800,
                "thumb_800_h": 431,
                "thumb_960": "https:\/\/files.slack.com\/files-tmb\/T03FVM0K8-F05M845V9S7-083884b005\/image_960.png?t=xoxe-3539714654-5811278554788-5832538929008-03dc07771412e207820c9f7ae6fe1988",
                "thumb_960_w": 960,
                "thumb_960_h": 517,
                "thumb_1024": "https:\/\/files.slack.com\/files-tmb\/T03FVM0K8-F05M845V9S7-083884b005\/image_1024.png?t=xoxe-3539714654-5811278554788-5832538929008-03dc07771412e207820c9f7ae6fe1988",
                "thumb_1024_w": 1024,
                "thumb_1024_h": 551,
                "original_w": 1920,
                "original_h": 1034,
                "thumb_tiny": "AwAZADCkTzRmg9aTNAC5+lJn2FBpKAFz8wGBzSng4FNxlhTm+9QAm4nvSVKetJQBHRUlFADV6GhutOpaAP\/Z",
                "permalink": "https:\/\/silverkey.slack.com\/files\/U03FVM0KA\/F05M845V9S7\/image.png",
                "permalink_public": "https:\/\/slack-files.com\/T03FVM0K8-F05M845V9S7-0519fee9d7",
                "is_starred": false,
                "has_rich_preview": false,
                "file_access": "visible"
            }
        ],
        "upload": false,
        "user": "U03FVM0KA",
        "display_as_bot": false,
        "ts": "1691673379.168479",
        "blocks": [
            {
                "type": "rich_text",
                "block_id": "7CY",
                "elements": [
                    {
                        "type": "rich_text_section",
                        "elements": [
                            {
                                "type": "text",
                                "text": "Visual Studio 17.8.0 Preview 1 is really good."
                            }
                        ]
                    }
                ]
            }
        ],
        "client_msg_id": "c219e3cf-4b6e-4029-be8a-7436e0599244"
    }
]