[
    {
        "client_msg_id": "8f47e901-b023-46aa-8a3e-8e6aa1c1683a",
        "type": "message",
        "text": "I liked it :ok_hand:, but it missing\n Alt+Shift+(:arrow_left:,:arrow_right:,:arrow_up:,:arrow_up:)\nCtrl+Shift+F",
        "user": "UDDJGP5CL",
        "ts": "1692864860.666889",
        "blocks": [
            {
                "type": "rich_text",
                "block_id": "1=ekh",
                "elements": [
                    {
                        "type": "rich_text_section",
                        "elements": [
                            {
                                "type": "text",
                                "text": "I liked it "
                            },
                            {
                                "type": "emoji",
                                "name": "ok_hand",
                                "unicode": "1f44c"
                            },
                            {
                                "type": "text",
                                "text": ", but it missing\n Alt+Shift+("
                            },
                            {
                                "type": "emoji",
                                "name": "arrow_left",
                                "unicode": "2b05-fe0f"
                            },
                            {
                                "type": "text",
                                "text": ","
                            },
                            {
                                "type": "emoji",
                                "name": "arrow_right",
                                "unicode": "27a1-fe0f"
                            },
                            {
                                "type": "text",
                                "text": ","
                            },
                            {
                                "type": "emoji",
                                "name": "arrow_up",
                                "unicode": "2b06-fe0f"
                            },
                            {
                                "type": "text",
                                "text": ","
                            },
                            {
                                "type": "emoji",
                                "name": "arrow_up",
                                "unicode": "2b06-fe0f"
                            },
                            {
                                "type": "text",
                                "text": ")\nCtrl+Shift+F"
                            }
                        ]
                    }
                ]
            }
        ],
        "team": "T03FVM0K8",
        "user_team": "T03FVM0K8",
        "source_team": "T03FVM0K8",
        "user_profile": {
            "avatar_hash": "037560a56aad",
            "image_72": "https:\/\/avatars.slack-edge.com\/2023-07-17\/5613165629632_037560a56aad6a6cde14_72.jpg",
            "first_name": "Mohammed",
            "real_name": "Mohammed Genidy Omera",
            "display_name": "",
            "team": "T03FVM0K8",
            "name": "mohammedo",
            "is_restricted": false,
            "is_ultra_restricted": false
        },
        "edited": {
            "user": "UDDJGP5CL",
            "ts": "1692865507.000000"
        },
        "thread_ts": "1692825818.904799",
        "parent_user_id": "U01JHGNLXTP"
    }
]