[
    {
        "client_msg_id": "8803c2f9-ffde-4535-b77c-7fd76336b433",
        "type": "message",
        "text": "post request with no body doesn't consider as bad practice\n<https:\/\/lists.w3.org\/Archives\/Public\/ietf-http-wg\/2010JulSep\/0272.html>",
        "user": "U01JHGNLXTP",
        "ts": "1690446312.168709",
        "blocks": [
            {
                "type": "rich_text",
                "block_id": "4UeWb",
                "elements": [
                    {
                        "type": "rich_text_section",
                        "elements": [
                            {
                                "type": "text",
                                "text": "post request with no body doesn't consider as bad practice\n"
                            },
                            {
                                "type": "link",
                                "url": "https:\/\/lists.w3.org\/Archives\/Public\/ietf-http-wg\/2010JulSep\/0272.html"
                            }
                        ]
                    }
                ]
            }
        ],
        "team": "T03FVM0K8",
        "user_team": "T03FVM0K8",
        "source_team": "T03FVM0K8",
        "user_profile": {
            "avatar_hash": "09ed5d4ab51a",
            "image_72": "https:\/\/avatars.slack-edge.com\/2021-01-14\/1659764613696_09ed5d4ab51ade5f2170_72.jpg",
            "first_name": "Abdulrahman",
            "real_name": "Abdulrahman Nady",
            "display_name": "Abdulrahman Nady",
            "team": "T03FVM0K8",
            "name": "abdulrahmann",
            "is_restricted": false,
            "is_ultra_restricted": false
        }
    },
    {
        "client_msg_id": "009dcaef-d60f-4f41-be92-eed93c01da46",
        "type": "message",
        "text": "This is from 2010.",
        "user": "U03FVM0KA",
        "ts": "1690449919.494869",
        "blocks": [
            {
                "type": "rich_text",
                "block_id": "ozy",
                "elements": [
                    {
                        "type": "rich_text_section",
                        "elements": [
                            {
                                "type": "text",
                                "text": "This is from 2010."
                            }
                        ]
                    }
                ]
            }
        ],
        "team": "T03FVM0K8",
        "user_team": "T03FVM0K8",
        "source_team": "T03FVM0K8",
        "user_profile": {
            "avatar_hash": "3b5718eb9f45",
            "image_72": "https:\/\/avatars.slack-edge.com\/2023-07-16\/5599264436273_3b5718eb9f45b3c2a13a_72.jpg",
            "first_name": "dodyg",
            "real_name": "dodyg",
            "display_name": "",
            "team": "T03FVM0K8",
            "name": "dodyg",
            "is_restricted": false,
            "is_ultra_restricted": false
        },
        "thread_ts": "1690449919.494869",
        "reply_count": 5,
        "reply_users_count": 2,
        "latest_reply": "1690458174.782129",
        "reply_users": [
            "U01JHGNLXTP",
            "U03FVM0KA"
        ],
        "replies": [
            {
                "user": "U01JHGNLXTP",
                "ts": "1690455303.924949"
            },
            {
                "user": "U03FVM0KA",
                "ts": "1690455544.171879"
            },
            {
                "user": "U01JHGNLXTP",
                "ts": "1690455918.824289"
            },
            {
                "user": "U03FVM0KA",
                "ts": "1690457236.867639"
            },
            {
                "user": "U01JHGNLXTP",
                "ts": "1690458174.782129"
            }
        ],
        "is_locked": false,
        "subscribed": true,
        "last_read": "1690458174.782129",
        "reactions": [
            {
                "name": "joy",
                "users": [
                    "U01JHGNLXTP",
                    "UGUP6SQUT"
                ],
                "count": 2
            }
        ]
    },
    {
        "client_msg_id": "F2590469-F171-4EDD-81DD-9101C1D16D8A",
        "type": "message",
        "text": "I think it's still vaild",
        "user": "U01JHGNLXTP",
        "ts": "1690455303.924949",
        "blocks": [
            {
                "type": "rich_text",
                "block_id": "siaO1",
                "elements": [
                    {
                        "type": "rich_text_section",
                        "elements": [
                            {
                                "type": "text",
                                "text": "I think it's still vaild"
                            }
                        ]
                    }
                ]
            }
        ],
        "team": "T03FVM0K8",
        "user_team": "T03FVM0K8",
        "source_team": "T03FVM0K8",
        "user_profile": {
            "avatar_hash": "09ed5d4ab51a",
            "image_72": "https:\/\/avatars.slack-edge.com\/2021-01-14\/1659764613696_09ed5d4ab51ade5f2170_72.jpg",
            "first_name": "Abdulrahman",
            "real_name": "Abdulrahman Nady",
            "display_name": "Abdulrahman Nady",
            "team": "T03FVM0K8",
            "name": "abdulrahmann",
            "is_restricted": false,
            "is_ultra_restricted": false
        },
        "thread_ts": "1690449919.494869",
        "parent_user_id": "U03FVM0KA"
    },
    {
        "client_msg_id": "6902341e-d0ac-46ac-8156-ad707c1175ab",
        "type": "message",
        "text": "well why do you want to post without form data?",
        "user": "U03FVM0KA",
        "ts": "1690455544.171879",
        "blocks": [
            {
                "type": "rich_text",
                "block_id": "K6v5w",
                "elements": [
                    {
                        "type": "rich_text_section",
                        "elements": [
                            {
                                "type": "text",
                                "text": "well why do you want to post without form data?"
                            }
                        ]
                    }
                ]
            }
        ],
        "team": "T03FVM0K8",
        "user_team": "T03FVM0K8",
        "source_team": "T03FVM0K8",
        "user_profile": {
            "avatar_hash": "3b5718eb9f45",
            "image_72": "https:\/\/avatars.slack-edge.com\/2023-07-16\/5599264436273_3b5718eb9f45b3c2a13a_72.jpg",
            "first_name": "dodyg",
            "real_name": "dodyg",
            "display_name": "",
            "team": "T03FVM0K8",
            "name": "dodyg",
            "is_restricted": false,
            "is_ultra_restricted": false
        },
        "thread_ts": "1690449919.494869",
        "parent_user_id": "U03FVM0KA"
    },
    {
        "client_msg_id": "A503BEBA-9E20-4CF4-B0EE-70122FC04889",
        "type": "message",
        "text": "Like mobile want to call  api to send otp to mobile so we don't need body here as all info could be retrieved from db or access token",
        "user": "U01JHGNLXTP",
        "ts": "1690455918.824289",
        "blocks": [
            {
                "type": "rich_text",
                "block_id": "suz61",
                "elements": [
                    {
                        "type": "rich_text_section",
                        "elements": [
                            {
                                "type": "text",
                                "text": "Like mobile want to call  api to send otp to mobile so we don't need body here as all info could be retrieved from db or access token"
                            }
                        ]
                    }
                ]
            }
        ],
        "team": "T03FVM0K8",
        "user_team": "T03FVM0K8",
        "source_team": "T03FVM0K8",
        "user_profile": {
            "avatar_hash": "09ed5d4ab51a",
            "image_72": "https:\/\/avatars.slack-edge.com\/2021-01-14\/1659764613696_09ed5d4ab51ade5f2170_72.jpg",
            "first_name": "Abdulrahman",
            "real_name": "Abdulrahman Nady",
            "display_name": "Abdulrahman Nady",
            "team": "T03FVM0K8",
            "name": "abdulrahmann",
            "is_restricted": false,
            "is_ultra_restricted": false
        },
        "edited": {
            "user": "U01JHGNLXTP",
            "ts": "1690455932.000000"
        },
        "thread_ts": "1690449919.494869",
        "parent_user_id": "U03FVM0KA"
    },
    {
        "client_msg_id": "6d3e2b83-5bc1-4f4e-a4b1-5b296d37e21d",
        "type": "message",
        "text": "well just put the phone number in the body",
        "user": "U03FVM0KA",
        "ts": "1690457236.867639",
        "blocks": [
            {
                "type": "rich_text",
                "block_id": "GkRO",
                "elements": [
                    {
                        "type": "rich_text_section",
                        "elements": [
                            {
                                "type": "text",
                                "text": "well just put the phone number in the body"
                            }
                        ]
                    }
                ]
            }
        ],
        "team": "T03FVM0K8",
        "user_team": "T03FVM0K8",
        "source_team": "T03FVM0K8",
        "user_profile": {
            "avatar_hash": "3b5718eb9f45",
            "image_72": "https:\/\/avatars.slack-edge.com\/2023-07-16\/5599264436273_3b5718eb9f45b3c2a13a_72.jpg",
            "first_name": "dodyg",
            "real_name": "dodyg",
            "display_name": "",
            "team": "T03FVM0K8",
            "name": "dodyg",
            "is_restricted": false,
            "is_ultra_restricted": false
        },
        "thread_ts": "1690449919.494869",
        "parent_user_id": "U03FVM0KA"
    },
    {
        "client_msg_id": "FF778ACD-42C8-4364-9335-89F633C7FADE",
        "type": "message",
        "text": "I don't need i get it from access token",
        "user": "U01JHGNLXTP",
        "ts": "1690458174.782129",
        "blocks": [
            {
                "type": "rich_text",
                "block_id": "VqX",
                "elements": [
                    {
                        "type": "rich_text_section",
                        "elements": [
                            {
                                "type": "text",
                                "text": "I don't need i get it from access token"
                            }
                        ]
                    }
                ]
            }
        ],
        "team": "T03FVM0K8",
        "user_team": "T03FVM0K8",
        "source_team": "T03FVM0K8",
        "user_profile": {
            "avatar_hash": "09ed5d4ab51a",
            "image_72": "https:\/\/avatars.slack-edge.com\/2021-01-14\/1659764613696_09ed5d4ab51ade5f2170_72.jpg",
            "first_name": "Abdulrahman",
            "real_name": "Abdulrahman Nady",
            "display_name": "Abdulrahman Nady",
            "team": "T03FVM0K8",
            "name": "abdulrahmann",
            "is_restricted": false,
            "is_ultra_restricted": false
        },
        "thread_ts": "1690449919.494869",
        "parent_user_id": "U03FVM0KA",
        "reactions": [
            {
                "name": "metal",
                "users": [
                    "U03FVM0KA"
                ],
                "count": 1
            }
        ]
    },
    {
        "client_msg_id": "a727074e-2139-4534-b3a0-02680f41dc1d",
        "type": "message",
        "text": "Sunday 2023\/07\/30 2PM  <http:\/\/meet.google.com\/jbj-qpxq-ujq|meet.google.com\/jbj-qpxq-ujq> Blazor 8",
        "user": "U03FVM0KA",
        "ts": "1690470876.581639",
        "blocks": [
            {
                "type": "rich_text",
                "block_id": "589",
                "elements": [
                    {
                        "type": "rich_text_section",
                        "elements": [
                            {
                                "type": "text",
                                "text": "Sunday 2023\/07\/30 2PM  "
                            },
                            {
                                "type": "link",
                                "url": "http:\/\/meet.google.com\/jbj-qpxq-ujq",
                                "text": "meet.google.com\/jbj-qpxq-ujq"
                            },
                            {
                                "type": "text",
                                "text": " Blazor 8"
                            }
                        ]
                    }
                ]
            }
        ],
        "team": "T03FVM0K8",
        "user_team": "T03FVM0K8",
        "source_team": "T03FVM0K8",
        "user_profile": {
            "avatar_hash": "3b5718eb9f45",
            "image_72": "https:\/\/avatars.slack-edge.com\/2023-07-16\/5599264436273_3b5718eb9f45b3c2a13a_72.jpg",
            "first_name": "dodyg",
            "real_name": "dodyg",
            "display_name": "",
            "team": "T03FVM0K8",
            "name": "dodyg",
            "is_restricted": false,
            "is_ultra_restricted": false
        },
        "thread_ts": "1690470876.581639",
        "reply_count": 5,
        "reply_users_count": 2,
        "latest_reply": "1690715026.659929",
        "reply_users": [
            "U03FWLKUN",
            "U03FVM0KA"
        ],
        "replies": [
            {
                "user": "U03FWLKUN",
                "ts": "1690714859.992419"
            },
            {
                "user": "U03FVM0KA",
                "ts": "1690714893.086019"
            },
            {
                "user": "U03FWLKUN",
                "ts": "1690714915.719029"
            },
            {
                "user": "U03FWLKUN",
                "ts": "1690715013.953059"
            },
            {
                "user": "U03FVM0KA",
                "ts": "1690715026.659929"
            }
        ],
        "is_locked": false,
        "subscribed": true,
        "last_read": "1690715026.659929",
        "reactions": [
            {
                "name": "metal",
                "users": [
                    "UA6R38XA8",
                    "U03FWLKUN"
                ],
                "count": 2
            },
            {
                "name": "rocket",
                "users": [
                    "U01JHGNLXTP",
                    "U048RH7A2BY"
                ],
                "count": 2
            }
        ]
    }
]