[
    {
        "client_msg_id": "4c5d21a7-4643-4e70-b077-f89d9389ced9",
        "type": "message",
        "text": "Candence is a predecessor to temporal. The people that work on Candence at Uber quit the company and start a new company and release an improved version of Candence as Temporal.",
        "user": "U03FVM0KA",
        "ts": "1691495028.135509",
        "blocks": [
            {
                "type": "rich_text",
                "block_id": "qqjz",
                "elements": [
                    {
                        "type": "rich_text_section",
                        "elements": [
                            {
                                "type": "text",
                                "text": "Candence is a predecessor to temporal. The people that work on Candence at Uber quit the company and start a new company and release an improved version of Candence as Temporal."
                            }
                        ]
                    }
                ]
            }
        ],
        "team": "T03FVM0K8",
        "user_team": "T03FVM0K8",
        "source_team": "T03FVM0K8",
        "user_profile": {
            "avatar_hash": "3b5718eb9f45",
            "image_72": "https:\/\/avatars.slack-edge.com\/2023-07-16\/5599264436273_3b5718eb9f45b3c2a13a_72.jpg",
            "first_name": "dodyg",
            "real_name": "dodyg",
            "display_name": "",
            "team": "T03FVM0K8",
            "name": "dodyg",
            "is_restricted": false,
            "is_ultra_restricted": false
        }
    }
]