[
    {
        "client_msg_id": "0ffe3fc4-ca32-48aa-8b99-c61a682f1f04",
        "type": "message",
        "text": "Chilelstrike hasn't been updated since April. That's not a good sign for a 0.15",
        "user": "U03FVM0KA",
        "ts": "1693127141.151029",
        "blocks": [
            {
                "type": "rich_text",
                "block_id": "rgY",
                "elements": [
                    {
                        "type": "rich_text_section",
                        "elements": [
                            {
                                "type": "text",
                                "text": "Chilelstrike hasn't been updated since April. That's not a good sign for a 0.15"
                            }
                        ]
                    }
                ]
            }
        ],
        "team": "T03FVM0K8",
        "user_team": "T03FVM0K8",
        "source_team": "T03FVM0K8",
        "user_profile": {
            "avatar_hash": "3b5718eb9f45",
            "image_72": "https:\/\/avatars.slack-edge.com\/2023-07-16\/5599264436273_3b5718eb9f45b3c2a13a_72.jpg",
            "first_name": "dodyg",
            "real_name": "dodyg",
            "display_name": "",
            "team": "T03FVM0K8",
            "name": "dodyg",
            "is_restricted": false,
            "is_ultra_restricted": false
        }
    },
    {
        "client_msg_id": "77655244-c629-4cf6-9ebe-6a5146aeee2c",
        "type": "message",
        "text": "We can't experiment it on a customer project. Feel free to use it for SilverKey Hub or anything internal.",
        "user": "U03FVM0KA",
        "ts": "1693127504.685839",
        "blocks": [
            {
                "type": "rich_text",
                "block_id": "uFN+v",
                "elements": [
                    {
                        "type": "rich_text_section",
                        "elements": [
                            {
                                "type": "text",
                                "text": "We can't experiment it on a customer project. Feel free to use it for SilverKey Hub or anything internal."
                            }
                        ]
                    }
                ]
            }
        ],
        "team": "T03FVM0K8",
        "user_team": "T03FVM0K8",
        "source_team": "T03FVM0K8",
        "user_profile": {
            "avatar_hash": "3b5718eb9f45",
            "image_72": "https:\/\/avatars.slack-edge.com\/2023-07-16\/5599264436273_3b5718eb9f45b3c2a13a_72.jpg",
            "first_name": "dodyg",
            "real_name": "dodyg",
            "display_name": "",
            "team": "T03FVM0K8",
            "name": "dodyg",
            "is_restricted": false,
            "is_ultra_restricted": false
        },
        "thread_ts": "1692964329.434679",
        "parent_user_id": "U03FWCWLL"
    },
    {
        "type": "message",
        "text": "but preferably we stick to Vue or Svelte. We really shouldnt' spread ourselves too thin.",
        "files": [
            {
                "id": "F05PHNAUN2J",
                "created": 1693131813,
                "timestamp": 1693131813,
                "name": "image.png",
                "title": "image.png",
                "mimetype": "image\/png",
                "filetype": "png",
                "pretty_type": "PNG",
                "user": "U03FVM0KA",
                "user_team": "T03FVM0K8",
                "editable": false,
                "size": 37941,
                "mode": "hosted",
                "is_external": false,
                "external_type": "",
                "is_public": true,
                "public_url_shared": false,
                "display_as_bot": false,
                "username": "",
                "url_private": "https:\/\/files.slack.com\/files-pri\/T03FVM0K8-F05PHNAUN2J\/image.png?t=xoxe-3539714654-5811278554788-5832538929008-03dc07771412e207820c9f7ae6fe1988",
                "url_private_download": "https:\/\/files.slack.com\/files-pri\/T03FVM0K8-F05PHNAUN2J\/download\/image.png?t=xoxe-3539714654-5811278554788-5832538929008-03dc07771412e207820c9f7ae6fe1988",
                "media_display_type": "unknown",
                "thumb_64": "https:\/\/files.slack.com\/files-tmb\/T03FVM0K8-F05PHNAUN2J-a539c0254f\/image_64.png?t=xoxe-3539714654-5811278554788-5832538929008-03dc07771412e207820c9f7ae6fe1988",
                "thumb_80": "https:\/\/files.slack.com\/files-tmb\/T03FVM0K8-F05PHNAUN2J-a539c0254f\/image_80.png?t=xoxe-3539714654-5811278554788-5832538929008-03dc07771412e207820c9f7ae6fe1988",
                "thumb_360": "https:\/\/files.slack.com\/files-tmb\/T03FVM0K8-F05PHNAUN2J-a539c0254f\/image_360.png?t=xoxe-3539714654-5811278554788-5832538929008-03dc07771412e207820c9f7ae6fe1988",
                "thumb_360_w": 360,
                "thumb_360_h": 212,
                "thumb_480": "https:\/\/files.slack.com\/files-tmb\/T03FVM0K8-F05PHNAUN2J-a539c0254f\/image_480.png?t=xoxe-3539714654-5811278554788-5832538929008-03dc07771412e207820c9f7ae6fe1988",
                "thumb_480_w": 480,
                "thumb_480_h": 282,
                "thumb_160": "https:\/\/files.slack.com\/files-tmb\/T03FVM0K8-F05PHNAUN2J-a539c0254f\/image_160.png?t=xoxe-3539714654-5811278554788-5832538929008-03dc07771412e207820c9f7ae6fe1988",
                "original_w": 590,
                "original_h": 347,
                "thumb_tiny": "AwAcADC9tkEjsX+Q9BjpShj609uFJOenamDGP4vyoAXfRv8AajA9T+VLgY70ALuz2NLSDA6UtACHoaj\/AA\/SpaKAIwD1wD9aXB\/uj8qfRQAzB\/uj8qcuccjFL+NFAH\/\/2Q==",
                "permalink": "https:\/\/silverkey.slack.com\/files\/U03FVM0KA\/F05PHNAUN2J\/image.png",
                "permalink_public": "https:\/\/slack-files.com\/T03FVM0K8-F05PHNAUN2J-93caf92fb8",
                "is_starred": false,
                "has_rich_preview": false,
                "file_access": "visible"
            }
        ],
        "upload": false,
        "user": "U03FVM0KA",
        "display_as_bot": false,
        "ts": "1693131823.982989",
        "blocks": [
            {
                "type": "rich_text",
                "block_id": "DL8B+",
                "elements": [
                    {
                        "type": "rich_text_section",
                        "elements": [
                            {
                                "type": "text",
                                "text": "but preferably we stick to Vue or Svelte. We really shouldnt' spread ourselves too thin."
                            }
                        ]
                    }
                ]
            }
        ],
        "client_msg_id": "9a3bbd0a-2baa-4c3b-9df0-b24add2bc3f8",
        "thread_ts": "1692964329.434679",
        "parent_user_id": "U03FWCWLL"
    }
]