[
    {
        "client_msg_id": "d4e8f582-79d9-409f-94a3-0cf4cffe9463",
        "type": "message",
        "text": "<https:\/\/databasediagram.com\/>",
        "user": "U03FVM0KA",
        "ts": "1690189886.751809",
        "blocks": [
            {
                "type": "rich_text",
                "block_id": "Xdka",
                "elements": [
                    {
                        "type": "rich_text_section",
                        "elements": [
                            {
                                "type": "link",
                                "url": "https:\/\/databasediagram.com\/"
                            }
                        ]
                    }
                ]
            }
        ],
        "team": "T03FVM0K8",
        "user_team": "T03FVM0K8",
        "source_team": "T03FVM0K8",
        "user_profile": {
            "avatar_hash": "3b5718eb9f45",
            "image_72": "https:\/\/avatars.slack-edge.com\/2023-07-16\/5599264436273_3b5718eb9f45b3c2a13a_72.jpg",
            "first_name": "dodyg",
            "real_name": "dodyg",
            "display_name": "",
            "team": "T03FVM0K8",
            "name": "dodyg",
            "is_restricted": false,
            "is_ultra_restricted": false
        },
        "attachments": [
            {
                "from_url": "https:\/\/databasediagram.com\/",
                "service_icon": "https:\/\/databasediagram.com\/.\/img\/databasediagram.png",
                "id": 1,
                "original_url": "https:\/\/databasediagram.com\/",
                "fallback": "Database Diagram: Free Online Database Diagram Tool",
                "text": "FREE Relational diagram tool. ER Models. No Signup required, Nothing to install. All diagrams are 100% private, secure and processed locally right in your web browser",
                "title": "Free Online Database Diagram Tool",
                "title_link": "https:\/\/databasediagram.com\/",
                "service_name": "Database Diagram"
            }
        ]
    },
    {
        "client_msg_id": "9b619c36-38c7-4abb-925c-bba376a3817e",
        "type": "message",
        "text": "Use this if you need to visualize your database",
        "user": "U03FVM0KA",
        "ts": "1690189896.367529",
        "blocks": [
            {
                "type": "rich_text",
                "block_id": "qPX",
                "elements": [
                    {
                        "type": "rich_text_section",
                        "elements": [
                            {
                                "type": "text",
                                "text": "Use this if you need to visualize your database"
                            }
                        ]
                    }
                ]
            }
        ],
        "team": "T03FVM0K8",
        "user_team": "T03FVM0K8",
        "source_team": "T03FVM0K8",
        "user_profile": {
            "avatar_hash": "3b5718eb9f45",
            "image_72": "https:\/\/avatars.slack-edge.com\/2023-07-16\/5599264436273_3b5718eb9f45b3c2a13a_72.jpg",
            "first_name": "dodyg",
            "real_name": "dodyg",
            "display_name": "",
            "team": "T03FVM0K8",
            "name": "dodyg",
            "is_restricted": false,
            "is_ultra_restricted": false
        },
        "reactions": [
            {
                "name": "+1",
                "users": [
                    "UDDJGP5CL",
                    "U01JHGNLXTP"
                ],
                "count": 2
            }
        ]
    }
]