[
    {
        "client_msg_id": "6257f6ed-cda6-47ca-91d4-f7e8bfa8bb2e",
        "type": "message",
        "text": "<@U03FVM0KA> :point_up_2:",
        "user": "U03FWLKUN",
        "ts": "1690714859.992419",
        "blocks": [
            {
                "type": "rich_text",
                "block_id": "2F6RT",
                "elements": [
                    {
                        "type": "rich_text_section",
                        "elements": [
                            {
                                "type": "user",
                                "user_id": "U03FVM0KA"
                            },
                            {
                                "type": "text",
                                "text": " "
                            },
                            {
                                "type": "emoji",
                                "name": "point_up_2",
                                "unicode": "1f446"
                            }
                        ]
                    }
                ]
            }
        ],
        "team": "T03FVM0K8",
        "user_team": "T03FVM0K8",
        "source_team": "T03FVM0K8",
        "user_profile": {
            "avatar_hash": "ecda461ff360",
            "image_72": "https:\/\/avatars.slack-edge.com\/2023-07-17\/5583160815062_ecda461ff3606aef5048_72.jpg",
            "first_name": "Amr",
            "real_name": "Amr Ali",
            "display_name": "Amr Ali",
            "team": "T03FVM0K8",
            "name": "amrali",
            "is_restricted": false,
            "is_ultra_restricted": false
        },
        "thread_ts": "1690470876.581639",
        "parent_user_id": "U03FVM0KA"
    },
    {
        "client_msg_id": "f1603966-9bf5-41d7-afd6-1e2da457e47d",
        "type": "message",
        "text": "<@U03FWLKUN> it's on ZOOM now",
        "user": "U03FVM0KA",
        "ts": "1690714893.086019",
        "blocks": [
            {
                "type": "rich_text",
                "block_id": "DiA",
                "elements": [
                    {
                        "type": "rich_text_section",
                        "elements": [
                            {
                                "type": "user",
                                "user_id": "U03FWLKUN"
                            },
                            {
                                "type": "text",
                                "text": " it's on ZOOM now"
                            }
                        ]
                    }
                ]
            }
        ],
        "team": "T03FVM0K8",
        "user_team": "T03FVM0K8",
        "source_team": "T03FVM0K8",
        "user_profile": {
            "avatar_hash": "3b5718eb9f45",
            "image_72": "https:\/\/avatars.slack-edge.com\/2023-07-16\/5599264436273_3b5718eb9f45b3c2a13a_72.jpg",
            "first_name": "dodyg",
            "real_name": "dodyg",
            "display_name": "",
            "team": "T03FVM0K8",
            "name": "dodyg",
            "is_restricted": false,
            "is_ultra_restricted": false
        },
        "thread_ts": "1690470876.581639",
        "parent_user_id": "U03FVM0KA"
    },
    {
        "client_msg_id": "afab83aa-d570-4f53-b607-92ae61d49e23",
        "type": "message",
        "text": "What is the link?",
        "user": "U03FWLKUN",
        "ts": "1690714915.719029",
        "blocks": [
            {
                "type": "rich_text",
                "block_id": "0H4",
                "elements": [
                    {
                        "type": "rich_text_section",
                        "elements": [
                            {
                                "type": "text",
                                "text": "What is the link?"
                            }
                        ]
                    }
                ]
            }
        ],
        "team": "T03FVM0K8",
        "user_team": "T03FVM0K8",
        "source_team": "T03FVM0K8",
        "user_profile": {
            "avatar_hash": "ecda461ff360",
            "image_72": "https:\/\/avatars.slack-edge.com\/2023-07-17\/5583160815062_ecda461ff3606aef5048_72.jpg",
            "first_name": "Amr",
            "real_name": "Amr Ali",
            "display_name": "Amr Ali",
            "team": "T03FVM0K8",
            "name": "amrali",
            "is_restricted": false,
            "is_ultra_restricted": false
        },
        "thread_ts": "1690470876.581639",
        "parent_user_id": "U03FVM0KA"
    },
    {
        "client_msg_id": "a43fce4f-3bc2-4d0f-852a-7d882d5b1cd4",
        "type": "message",
        "text": "<@U03FVM0KA> What is the link?",
        "user": "U03FWLKUN",
        "ts": "1690715013.953059",
        "blocks": [
            {
                "type": "rich_text",
                "block_id": "\/d\/f",
                "elements": [
                    {
                        "type": "rich_text_section",
                        "elements": [
                            {
                                "type": "user",
                                "user_id": "U03FVM0KA"
                            },
                            {
                                "type": "text",
                                "text": " What is the link?"
                            }
                        ]
                    }
                ]
            }
        ],
        "team": "T03FVM0K8",
        "user_team": "T03FVM0K8",
        "source_team": "T03FVM0K8",
        "user_profile": {
            "avatar_hash": "ecda461ff360",
            "image_72": "https:\/\/avatars.slack-edge.com\/2023-07-17\/5583160815062_ecda461ff3606aef5048_72.jpg",
            "first_name": "Amr",
            "real_name": "Amr Ali",
            "display_name": "Amr Ali",
            "team": "T03FVM0K8",
            "name": "amrali",
            "is_restricted": false,
            "is_ultra_restricted": false
        },
        "thread_ts": "1690470876.581639",
        "parent_user_id": "U03FVM0KA"
    },
    {
        "client_msg_id": "e1cc0f11-e9ba-44e3-86a1-40c71d2a8c5d",
        "type": "message",
        "text": "<https:\/\/us05web.zoom.us\/j\/83637857817?pwd=13SjHvzkApqD9vZoYF5Cv5PLWbhMKa.1>",
        "user": "U03FVM0KA",
        "ts": "1690715026.659929",
        "blocks": [
            {
                "type": "rich_text",
                "block_id": "ssj",
                "elements": [
                    {
                        "type": "rich_text_section",
                        "elements": [
                            {
                                "type": "link",
                                "url": "https:\/\/us05web.zoom.us\/j\/83637857817?pwd=13SjHvzkApqD9vZoYF5Cv5PLWbhMKa.1"
                            }
                        ]
                    }
                ]
            }
        ],
        "team": "T03FVM0K8",
        "user_team": "T03FVM0K8",
        "source_team": "T03FVM0K8",
        "user_profile": {
            "avatar_hash": "3b5718eb9f45",
            "image_72": "https:\/\/avatars.slack-edge.com\/2023-07-16\/5599264436273_3b5718eb9f45b3c2a13a_72.jpg",
            "first_name": "dodyg",
            "real_name": "dodyg",
            "display_name": "",
            "team": "T03FVM0K8",
            "name": "dodyg",
            "is_restricted": false,
            "is_ultra_restricted": false
        },
        "thread_ts": "1690470876.581639",
        "parent_user_id": "U03FVM0KA"
    },
    {
        "client_msg_id": "716603d9-8a00-4657-b4fb-b469488e2d6a",
        "type": "message",
        "text": "Video for the Blazor 8 presentation is here <https:\/\/www.swisstransfer.com\/d\/82e359c4-159f-47d3-b000-0a0e5562953a>",
        "user": "U03FVM0KA",
        "ts": "1690719402.877729",
        "blocks": [
            {
                "type": "rich_text",
                "block_id": "5dW",
                "elements": [
                    {
                        "type": "rich_text_section",
                        "elements": [
                            {
                                "type": "text",
                                "text": "Video for the Blazor 8 presentation is here "
                            },
                            {
                                "type": "link",
                                "url": "https:\/\/www.swisstransfer.com\/d\/82e359c4-159f-47d3-b000-0a0e5562953a"
                            }
                        ]
                    }
                ]
            }
        ],
        "team": "T03FVM0K8",
        "user_team": "T03FVM0K8",
        "source_team": "T03FVM0K8",
        "user_profile": {
            "avatar_hash": "3b5718eb9f45",
            "image_72": "https:\/\/avatars.slack-edge.com\/2023-07-16\/5599264436273_3b5718eb9f45b3c2a13a_72.jpg",
            "first_name": "dodyg",
            "real_name": "dodyg",
            "display_name": "",
            "team": "T03FVM0K8",
            "name": "dodyg",
            "is_restricted": false,
            "is_ultra_restricted": false
        }
    }
]