[
    {
        "client_msg_id": "6727a8b9-bfbf-4159-9409-e4114475bf86",
        "type": "message",
        "text": "<https:\/\/github.com\/tporadowski\/redis>\n\nThis is the unofficial Windows port to Redis 5.x.",
        "user": "U03FVM0KA",
        "ts": "1690291841.510829",
        "blocks": [
            {
                "type": "rich_text",
                "block_id": "gnS",
                "elements": [
                    {
                        "type": "rich_text_section",
                        "elements": [
                            {
                                "type": "link",
                                "url": "https:\/\/github.com\/tporadowski\/redis"
                            },
                            {
                                "type": "text",
                                "text": "\n\nThis is the unofficial Windows port to Redis 5.x."
                            }
                        ]
                    }
                ]
            }
        ],
        "team": "T03FVM0K8",
        "user_team": "T03FVM0K8",
        "source_team": "T03FVM0K8",
        "user_profile": {
            "avatar_hash": "3b5718eb9f45",
            "image_72": "https:\/\/avatars.slack-edge.com\/2023-07-16\/5599264436273_3b5718eb9f45b3c2a13a_72.jpg",
            "first_name": "dodyg",
            "real_name": "dodyg",
            "display_name": "",
            "team": "T03FVM0K8",
            "name": "dodyg",
            "is_restricted": false,
            "is_ultra_restricted": false
        },
        "attachments": [
            {
                "id": 1,
                "color": "24292f",
                "bot_id": "B01U774L6SJ",
                "app_unfurl_url": "https:\/\/github.com\/tporadowski\/redis",
                "is_app_unfurl": true,
                "app_id": "A01BP7R4KNY",
                "fallback": "tporadowski\/redis",
                "text": "Native port of Redis for Windows. Redis is an in-memory database that persists on disk. The data model is key-value, but many different kind of values are supported: Strings, Lists, Sets, Sorted Sets, Hashes, Streams, HyperLogLogs. This repository contains unofficial port of Redis to Windows.",
                "title": "tporadowski\/redis",
                "fields": [
                    {
                        "value": "<http:\/\/redis.io>",
                        "title": "Website",
                        "short": true
                    },
                    {
                        "value": "7457",
                        "title": "Stars",
                        "short": true
                    }
                ]
            }
        ]
    },
    {
        "client_msg_id": "ef354b3d-e21b-4e2c-93c0-0033b65dcd5d",
        "type": "message",
        "text": "It's only relevant for Windows server installation. For your local environment, run redis from your WSL.",
        "user": "U03FVM0KA",
        "ts": "1690291867.402149",
        "blocks": [
            {
                "type": "rich_text",
                "block_id": "rROtE",
                "elements": [
                    {
                        "type": "rich_text_section",
                        "elements": [
                            {
                                "type": "text",
                                "text": "It's only relevant for Windows server installation. For your local environment, run redis from your WSL."
                            }
                        ]
                    }
                ]
            }
        ],
        "team": "T03FVM0K8",
        "user_team": "T03FVM0K8",
        "source_team": "T03FVM0K8",
        "user_profile": {
            "avatar_hash": "3b5718eb9f45",
            "image_72": "https:\/\/avatars.slack-edge.com\/2023-07-16\/5599264436273_3b5718eb9f45b3c2a13a_72.jpg",
            "first_name": "dodyg",
            "real_name": "dodyg",
            "display_name": "",
            "team": "T03FVM0K8",
            "name": "dodyg",
            "is_restricted": false,
            "is_ultra_restricted": false
        }
    }
]