[
    {
        "type": "message",
        "text": "",
        "files": [
            {
                "id": "F05NTM383QF",
                "created": 1692825815,
                "timestamp": 1692825815,
                "name": "IMG_8295.jpg",
                "title": "IMG_8295",
                "mimetype": "image\/jpeg",
                "filetype": "jpg",
                "pretty_type": "JPEG",
                "user": "U01JHGNLXTP",
                "user_team": "T03FVM0K8",
                "editable": false,
                "size": 95499,
                "mode": "hosted",
                "is_external": false,
                "external_type": "",
                "is_public": true,
                "public_url_shared": false,
                "display_as_bot": false,
                "username": "",
                "url_private": "https:\/\/files.slack.com\/files-pri\/T03FVM0K8-F05NTM383QF\/img_8295.jpg?t=xoxe-3539714654-5811278554788-5832538929008-03dc07771412e207820c9f7ae6fe1988",
                "url_private_download": "https:\/\/files.slack.com\/files-pri\/T03FVM0K8-F05NTM383QF\/download\/img_8295.jpg?t=xoxe-3539714654-5811278554788-5832538929008-03dc07771412e207820c9f7ae6fe1988",
                "media_display_type": "unknown",
                "thumb_64": "https:\/\/files.slack.com\/files-tmb\/T03FVM0K8-F05NTM383QF-6ce293b930\/img_8295_64.jpg?t=xoxe-3539714654-5811278554788-5832538929008-03dc07771412e207820c9f7ae6fe1988",
                "thumb_80": "https:\/\/files.slack.com\/files-tmb\/T03FVM0K8-F05NTM383QF-6ce293b930\/img_8295_80.jpg?t=xoxe-3539714654-5811278554788-5832538929008-03dc07771412e207820c9f7ae6fe1988",
                "thumb_360": "https:\/\/files.slack.com\/files-tmb\/T03FVM0K8-F05NTM383QF-6ce293b930\/img_8295_360.jpg?t=xoxe-3539714654-5811278554788-5832538929008-03dc07771412e207820c9f7ae6fe1988",
                "thumb_360_w": 360,
                "thumb_360_h": 273,
                "thumb_480": "https:\/\/files.slack.com\/files-tmb\/T03FVM0K8-F05NTM383QF-6ce293b930\/img_8295_480.jpg?t=xoxe-3539714654-5811278554788-5832538929008-03dc07771412e207820c9f7ae6fe1988",
                "thumb_480_w": 480,
                "thumb_480_h": 365,
                "thumb_160": "https:\/\/files.slack.com\/files-tmb\/T03FVM0K8-F05NTM383QF-6ce293b930\/img_8295_160.jpg?t=xoxe-3539714654-5811278554788-5832538929008-03dc07771412e207820c9f7ae6fe1988",
                "thumb_720": "https:\/\/files.slack.com\/files-tmb\/T03FVM0K8-F05NTM383QF-6ce293b930\/img_8295_720.jpg?t=xoxe-3539714654-5811278554788-5832538929008-03dc07771412e207820c9f7ae6fe1988",
                "thumb_720_w": 720,
                "thumb_720_h": 547,
                "thumb_800": "https:\/\/files.slack.com\/files-tmb\/T03FVM0K8-F05NTM383QF-6ce293b930\/img_8295_800.jpg?t=xoxe-3539714654-5811278554788-5832538929008-03dc07771412e207820c9f7ae6fe1988",
                "thumb_800_w": 800,
                "thumb_800_h": 608,
                "original_w": 928,
                "original_h": 705,
                "thumb_tiny": "AwAkADBUtC0aEBMFQfuj0p32JscmMf8AAR\/hViD\/AFEX+4P5VKR8vHNMCl9hfH3ov++KQWTnvH\/3yKvgYHShT2BFFwKX2FvWP\/vn\/wCtSNZlUZjswFJxt9qvN25xTZs\/Z5P90\/ypXAjg\/wBRH\/uD+VSn7vQfhUdv\/qIv9wfyqRuV45oAUfdpqn0Bp46UwHFADmGQM02f\/j3k\/wB0\/wAqVjwMU2U5t5f90\/yoAoxXbrEihU4AHIp\/22T+6n5VUT7g+lOoAs\/bpf7qfkaT7W\/91f1qvRQBYN5If4V\/Wke8kMTLtXBBHeoKRvun6UAf\/9k=",
                "permalink": "https:\/\/silverkey.slack.com\/files\/U01JHGNLXTP\/F05NTM383QF\/img_8295.jpg",
                "permalink_public": "https:\/\/slack-files.com\/T03FVM0K8-F05NTM383QF-b5a2d5be95",
                "is_starred": false,
                "has_rich_preview": false,
                "file_access": "visible"
            }
        ],
        "upload": false,
        "user": "U01JHGNLXTP",
        "display_as_bot": false,
        "ts": "1692825818.904799",
        "client_msg_id": "6766ED94-FCE4-42CC-A2EE-D50F6F3339BC",
        "thread_ts": "1692825818.904799",
        "reply_count": 2,
        "reply_users_count": 2,
        "latest_reply": "1692864860.666889",
        "reply_users": [
            "U03FWCWLL",
            "UDDJGP5CL"
        ],
        "replies": [
            {
                "user": "U03FWCWLL",
                "ts": "1692851077.462229"
            },
            {
                "user": "UDDJGP5CL",
                "ts": "1692864860.666889"
            }
        ],
        "is_locked": false,
        "subscribed": false,
        "reactions": [
            {
                "name": "metal",
                "users": [
                    "U03FWCWLL",
                    "UDDJGP5CL",
                    "U03FWLKUN",
                    "U048P9RUFHD"
                ],
                "count": 4
            },
            {
                "name": "hugging_face",
                "users": [
                    "UGUP6SQUT",
                    "UDDJGP5CL",
                    "U027C3PDVQC"
                ],
                "count": 3
            }
        ]
    },
    {
        "client_msg_id": "57a5e344-07fb-47a0-9f97-93759f3a9aeb",
        "type": "message",
        "text": "Very good post. :100:",
        "user": "U03FWCWLL",
        "ts": "1692851077.462229",
        "blocks": [
            {
                "type": "rich_text",
                "block_id": "sxv8U",
                "elements": [
                    {
                        "type": "rich_text_section",
                        "elements": [
                            {
                                "type": "text",
                                "text": "Very good post. "
                            },
                            {
                                "type": "emoji",
                                "name": "100",
                                "unicode": "1f4af"
                            }
                        ]
                    }
                ]
            }
        ],
        "team": "T03FVM0K8",
        "user_team": "T03FVM0K8",
        "source_team": "T03FVM0K8",
        "user_profile": {
            "avatar_hash": "ab9a763ac584",
            "image_72": "https:\/\/avatars.slack-edge.com\/2019-06-06\/645293626450_ab9a763ac58462796ac7_72.jpg",
            "first_name": "Sherif",
            "real_name": "Sherif",
            "display_name": "sherifr",
            "team": "T03FVM0K8",
            "name": "sherifr",
            "is_restricted": false,
            "is_ultra_restricted": false
        },
        "thread_ts": "1692825818.904799",
        "parent_user_id": "U01JHGNLXTP",
        "reactions": [
            {
                "name": "rocket",
                "users": [
                    "U01JHGNLXTP"
                ],
                "count": 1
            }
        ]
    }
]