[
    {
        "client_msg_id": "fcf87b42-55b9-428c-97fb-3c8dc9ca1986",
        "type": "message",
        "text": "Lots and lots of typos",
        "user": "U03FVM0KA",
        "ts": "1690964346.294849",
        "blocks": [
            {
                "type": "rich_text",
                "block_id": "mSTqu",
                "elements": [
                    {
                        "type": "rich_text_section",
                        "elements": [
                            {
                                "type": "text",
                                "text": "Lots and lots of typos"
                            }
                        ]
                    }
                ]
            }
        ],
        "team": "T03FVM0K8",
        "user_team": "T03FVM0K8",
        "source_team": "T03FVM0K8",
        "user_profile": {
            "avatar_hash": "3b5718eb9f45",
            "image_72": "https:\/\/avatars.slack-edge.com\/2023-07-16\/5599264436273_3b5718eb9f45b3c2a13a_72.jpg",
            "first_name": "dodyg",
            "real_name": "dodyg",
            "display_name": "",
            "team": "T03FVM0K8",
            "name": "dodyg",
            "is_restricted": false,
            "is_ultra_restricted": false
        },
        "thread_ts": "1690888457.390439",
        "parent_user_id": "U03FVM0KA"
    },
    {
        "client_msg_id": "e21bfed3-d921-45ac-8e70-b7dfe0a2ce81",
        "type": "message",
        "text": "<https:\/\/github.com\/davidfowl\/AspNetCoreDiagnosticScenarios\/blob\/master\/AsyncGuidance.md> - it's good to read this guidance from time to time to avoid async mistakes",
        "user": "U03FVM0KA",
        "ts": "1690964960.245679",
        "blocks": [
            {
                "type": "rich_text",
                "block_id": "x0d",
                "elements": [
                    {
                        "type": "rich_text_section",
                        "elements": [
                            {
                                "type": "link",
                                "url": "https:\/\/github.com\/davidfowl\/AspNetCoreDiagnosticScenarios\/blob\/master\/AsyncGuidance.md"
                            },
                            {
                                "type": "text",
                                "text": " - it's good to read this guidance from time to time to avoid async mistakes"
                            }
                        ]
                    }
                ]
            }
        ],
        "team": "T03FVM0K8",
        "user_team": "T03FVM0K8",
        "source_team": "T03FVM0K8",
        "user_profile": {
            "avatar_hash": "3b5718eb9f45",
            "image_72": "https:\/\/avatars.slack-edge.com\/2023-07-16\/5599264436273_3b5718eb9f45b3c2a13a_72.jpg",
            "first_name": "dodyg",
            "real_name": "dodyg",
            "display_name": "",
            "team": "T03FVM0K8",
            "name": "dodyg",
            "is_restricted": false,
            "is_ultra_restricted": false
        },
        "attachments": [
            {
                "image_url": "https:\/\/user-images.githubusercontent.com\/95136\/188351756-967f3d37-b302-49d3-ba04-595433c6949c.png",
                "image_width": 1516,
                "image_height": 436,
                "image_bytes": 47297,
                "id": 1,
                "footer_icon": "https:\/\/slack.github.com\/static\/img\/favicon-neutral.png",
                "color": "24292f",
                "bot_id": "B01U774L6SJ",
                "app_unfurl_url": "https:\/\/github.com\/davidfowl\/AspNetCoreDiagnosticScenarios\/blob\/master\/AsyncGuidance.md",
                "is_app_unfurl": true,
                "app_id": "A01BP7R4KNY",
                "fallback": "1516x436px image",
                "text": "*Table of contents*\n\n• <https:\/\/github.com\/davidfowl\/AspNetCoreDiagnosticScenarios\/blob\/master\/AsyncGuidance.md#asynchronous-programming|Asynchronous Programming>\n    • <https:\/\/github.com\/davidfowl\/AspNetCoreDiagnosticScenarios\/blob\/master\/AsyncGuidance.md#asynchrony-is-viral|Asynchrony is viral>\n    • <https:\/\/github.com\/davidfowl\/AspNetCoreDiagnosticScenarios\/blob\/master\/AsyncGuidance.md#async-void|Async void>\n    • <https:\/\/github.com\/davidfowl\/AspNetCoreDiagnosticScenarios\/blob\/master\/AsyncGuidance.md#prefer-taskfromresult-over-taskrun-for-pre-computed-or-trivially-computed-data|Prefer Task.FromResult over Task.Run for pre-computed or trivially computed data>\n    • <https:\/\/github.com\/davidfowl\/AspNetCoreDiagnosticScenarios\/blob\/master\/AsyncGuidance.md#avoid-using-taskrun-for-long-running-work-that-blocks-the-thread|Avoid using Task.Run for long running work that blocks the thread>\n    • <https:\/\/github.com\/davidfowl\/AspNetCoreDiagnosticScenarios\/blob\/master\/AsyncGuidance.md#avoid-using-taskresult-and-taskwait|Avoid using Task.Result and Task.Wait>\n    • <https:\/\/github.com\/davidfowl\/AspNetCoreDiagnosticScenarios\/blob\/master\/AsyncGuidance.md#prefer-await-over-continuewith|Prefer await over ContinueWith>\n    • <https:\/\/github.com\/davidfowl\/AspNetCoreDiagnosticScenarios\/blob\/master\/AsyncGuidance.md#always-create-taskcompletionsourcet-with-taskcreationoptionsruncontinuationsasynchronously|Always create TaskCompletionSource<T> with TaskCreationOptions.RunContinuationsAsynchronously>\n    • <https:\/\/github.com\/davidfowl\/AspNetCoreDiagnosticScenarios\/blob\/master\/AsyncGuidance.md#always-dispose-cancellationtokensources-used-for-timeouts|Always dispose CancellationTokenSource(s) used for timeouts>\n    • <https:\/\/github.com\/davidfowl\/AspNetCoreDiagnosticScenarios\/blob\/master\/AsyncGuidance.md#always-flow-cancellationtokens-to-apis-that-take-a-cancellationtoken|Always flow CancellationToken(s) to APIs that take a CancellationToken>\n    • <https:\/\/github.com\/davidfowl\/AspNetCoreDiagnosticScenarios\/blob\/master\/AsyncGuidance.md#cancelling-uncancellable-operations|Cancelling uncancellable operations>\n    • <https:\/\/github.com\/davidfowl\/AspNetCoreDiagnosticScenarios\/blob\/master\/AsyncGuidance.md#always-call-flushasync-on-streamwriters-or-streams-before-calling-dispose|Always call FlushAsync on StreamWriter(s) or Stream(s) before calling Dispose>\n    • <https:\/\/github.com\/davidfowl\/AspNetCoreDiagnosticScenarios\/blob\/master\/AsyncGuidance.md#prefer-asyncawait-over-directly-returning-task|Prefer async\/await over directly returning Task>\n    • <https:\/\/github.com\/davidfowl\/AspNetCoreDiagnosticScenarios\/blob\/master\/AsyncGuidance.md#asynclocalt|AsyncLocal<T>>\n    • <https:\/\/github.com\/davidfowl\/AspNetCoreDiagnosticScenarios\/blob\/master\/AsyncGuidance.md#configureawait|ConfigureAwait>\n• <https:\/\/github.com\/davidfowl\/AspNetCoreDiagnosticScenarios\/blob\/master\/AsyncGuidance.md#scenarios|Scenarios>\n    • <https:\/\/github.com\/davidfowl\/AspNetCoreDiagnosticScenarios\/blob\/master\/AsyncGuidance.md#timer-callbacks|Timer callbacks>\n    • <https:\/\/github.com\/davidfowl\/AspNetCoreDiagnosticScenarios\/blob\/master\/AsyncGuidance.md#implicit-async-void-delegates|Implicit async void delegates>\n    • <https:\/\/github.com\/davidfowl\/AspNetCoreDiagnosticScenarios\/blob\/master\/AsyncGuidance.md#concurrentdictionarygetoradd|ConcurrentDictionary.GetOrAdd>\n    • <https:\/\/github.com\/davidfowl\/AspNetCoreDiagnosticScenarios\/blob\/master\/AsyncGuidance.md#constructors|Constructors>\n    • <https:\/\/github.com\/davidfowl\/AspNetCoreDiagnosticScenarios\/blob\/master\/AsyncGuidance.md#windowsidentityrunimpersonated|WindowsIdentity.RunImpersonated>\n\n*Asynchronous Programming*\n\nAsynchronous programming has been around for several years on the .NET platform but has historically been very difficult to do well. Since the introduction of async\/await  \nin C# 5 asynchronous programming has become mainstream. Modern frameworks (like <http:\/\/ASP.NET|ASP.NET> Core) are fully asynchronous and it's very hard to avoid the async keyword when writing  \nweb services. As a result, there's been lots of confusion on the best practices for async and how to use it properly. This section will try to lay out some guidance with examples of bad and good patterns of how to write asynchronous code.\n\n*Asynchrony is viral*\n\nOnce you go async, all of your callers *SHOULD* be async, since efforts to be async amount to nothing unless the entire callstack is async. In many cases, being partially async can be worse than being entirely synchronous. Therefore it is best to go all in, and make everything async at once.\n\n:x: *BAD* This example uses the `Task.Result` and as a result blocks the current thread to wait for the result. This is an example of <https:\/\/github.com\/davidfowl\/AspNetCoreDiagnosticScenarios\/blob\/master\/AsyncGuidance.md#avoid-using-taskresult-and-taskwait|sync over async>.\n\n```\npublic int DoSomethingAsync()\n{\n    var result = CallDependencyAsync().Result;\n    return result + 1;\n}\n```\n\n:white_check_mark: *GOOD* This example uses the await keyword to get the result from `CallDependencyAsync`.\n\n```\npublic async Task<int> DoSomethingAsync()\n{\n    var result = await CallDependencyAsync();\n    return result + 1;\n}\n```\n\n*Async void*\n\nUse of async void in <http:\/\/ASP.NET|ASP.NET> Core applications is *ALWAYS* bad. Avoid it, never do it. Typically, it's used when developers are trying to implement fire and forget patterns triggered by a controller action. Async void methods will crash the process if an exception is thrown. We'll look at more of the patterns that cause developers to do this in <http:\/\/ASP.NET|ASP.NET> Core applications but here's a simple example:\n\n:x: *BAD* Async void methods can't be tracked and therefore unhandled exceptions can result in application crashes.\n\n```\npublic class MyController : Controller\n{\n    [HttpPost(\"\/start\")]\n    public IActionResult Post()\n    {\n        BackgroundOperationAsync();\n        return Accepted();\n    }\n    \n    public async void BackgroundOperationAsync()\n    {\n        var result = await CallDependencyAsync();\n        DoSomething(result);\n    }\n}\n```\n\n:white_check_mark: *GOOD* `Task`-returning methods are better since unhandled exceptions trigger the <https:\/\/docs.microsoft.com\/en-us\/dotnet\/api\/system.threading.tasks.taskscheduler.unobservedtaskexception?view=netframework-4.7.2|`TaskScheduler.UnobservedTaskException`>.\n\n```\npublic class MyController : Controller\n{\n    [HttpPost(\"\/start\")]\n    public IActionResult Post()\n    {\n        Task.Run(BackgroundOperationAsync);\n        return Accepted();\n    }\n    \n    public async Task BackgroundOperationAsync()\n    {\n        var result = await CallDependencyAsync();\n        DoSomething(result);\n    }\n}\n```\n\n*Prefer `Task.FromResult` over `Task.Run` for pre-computed or trivially computed data*\n\nFor pre-computed results, there's no need to call `Task.Run`, that will end up queuing a work item to the thread pool that will immediately complete with the pre-computed value. Instead, use `Task.FromResult`, to create a task wrapping already computed data.\n\n:x: *BAD* This example wastes a thread-pool thread to return a trivially computed value.\n\n```\npublic class MyLibrary\n{\n   public Task<int> AddAsync(int a, int b)\n   {\n       return Task.Run(() => a + b);\n   }\n}\n```\n\n:white_check_mark: *GOOD* This example uses `Task.FromResult` to return the trivially computed value. It does not use any extra threads as a result.\n\n```\npublic class MyLibrary\n{\n   public Task<int> AddAsync(int a, int b)\n   {\n       return Task.FromResult(a + b);\n   }\n}\n```\n\n:bulb:*NOTE: Using `Task.FromResult` will result in a `Task` allocation. Using `ValueTask<T>` can completely remove that allocation.*\n\n:white_check_mark: *GOOD* This example uses a `ValueTask<int>` to return the trivially computed value. It does not use any extra threads as a result. It also does not allocate an object on the managed heap.\n\n```\npublic class MyLibrary\n{\n   public ValueTask<int> AddAsync(int a, int b)\n   {\n  …",
                "title": "<https:\/\/github.com\/davidfowl\/AspNetCoreDiagnosticScenarios\/blob\/master\/AsyncGuidance.md | AsyncGuidance.md>",
                "footer": "<https:\/\/github.com\/davidfowl\/AspNetCoreDiagnosticScenarios|davidfowl\/AspNetCoreDiagnosticScenarios>",
                "mrkdwn_in": [
                    "text"
                ]
            }
        ]
    },
    {
        "client_msg_id": "2f1f5228-74e1-4356-88f4-e9f73b34cd9f",
        "type": "message",
        "text": "<https:\/\/github.com\/microsoft\/PowerToys> has a new release. It's really cool.",
        "user": "U03FVM0KA",
        "ts": "1690967208.992199",
        "blocks": [
            {
                "type": "rich_text",
                "block_id": "HYb4S",
                "elements": [
                    {
                        "type": "rich_text_section",
                        "elements": [
                            {
                                "type": "link",
                                "url": "https:\/\/github.com\/microsoft\/PowerToys"
                            },
                            {
                                "type": "text",
                                "text": " has a new release. It's really cool."
                            }
                        ]
                    }
                ]
            }
        ],
        "team": "T03FVM0K8",
        "user_team": "T03FVM0K8",
        "source_team": "T03FVM0K8",
        "user_profile": {
            "avatar_hash": "3b5718eb9f45",
            "image_72": "https:\/\/avatars.slack-edge.com\/2023-07-16\/5599264436273_3b5718eb9f45b3c2a13a_72.jpg",
            "first_name": "dodyg",
            "real_name": "dodyg",
            "display_name": "",
            "team": "T03FVM0K8",
            "name": "dodyg",
            "is_restricted": false,
            "is_ultra_restricted": false
        },
        "attachments": [
            {
                "id": 1,
                "color": "24292f",
                "bot_id": "B01U774L6SJ",
                "app_unfurl_url": "https:\/\/github.com\/microsoft\/PowerToys",
                "is_app_unfurl": true,
                "app_id": "A01BP7R4KNY",
                "fallback": "microsoft\/PowerToys",
                "text": "Windows system utilities to maximize productivity",
                "title": "microsoft\/PowerToys",
                "fields": [
                    {
                        "value": "93468",
                        "title": "Stars",
                        "short": true
                    },
                    {
                        "value": "C#",
                        "title": "Language",
                        "short": true
                    }
                ]
            }
        ],
        "reactions": [
            {
                "name": "hearts",
                "users": [
                    "U02P5PUDENL"
                ],
                "count": 1
            }
        ]
    }
]