[
    {
        "client_msg_id": "f06cc904-2c4c-40b3-96d2-19b8850715db",
        "type": "message",
        "text": "<@U01JHGNLXTP> use open telemetry instead",
        "user": "U03FVM0KA",
        "ts": "1692692344.713429",
        "blocks": [
            {
                "type": "rich_text",
                "block_id": "aRe",
                "elements": [
                    {
                        "type": "rich_text_section",
                        "elements": [
                            {
                                "type": "user",
                                "user_id": "U01JHGNLXTP"
                            },
                            {
                                "type": "text",
                                "text": " use open telemetry instead"
                            }
                        ]
                    }
                ]
            }
        ],
        "team": "T03FVM0K8",
        "user_team": "T03FVM0K8",
        "source_team": "T03FVM0K8",
        "user_profile": {
            "avatar_hash": "3b5718eb9f45",
            "image_72": "https:\/\/avatars.slack-edge.com\/2023-07-16\/5599264436273_3b5718eb9f45b3c2a13a_72.jpg",
            "first_name": "dodyg",
            "real_name": "dodyg",
            "display_name": "",
            "team": "T03FVM0K8",
            "name": "dodyg",
            "is_restricted": false,
            "is_ultra_restricted": false
        },
        "reactions": [
            {
                "name": "+1",
                "users": [
                    "U01JHGNLXTP"
                ],
                "count": 1
            }
        ]
    },
    {
        "client_msg_id": "8c8dbdfb-a946-423a-91a8-ac685dcf1f2a",
        "type": "message",
        "text": "<https:\/\/www.youtube.com\/watch?v=UEAMfLPZZhE&amp;list=PLeKd45zvjcDFUEv_ohr_HdUFe97RItdiB&amp;ab_channel=MartinKleppmann>",
        "user": "U01JHGNLXTP",
        "ts": "1692752739.490719",
        "blocks": [
            {
                "type": "rich_text",
                "block_id": "G7zJ",
                "elements": [
                    {
                        "type": "rich_text_section",
                        "elements": [
                            {
                                "type": "link",
                                "url": "https:\/\/www.youtube.com\/watch?v=UEAMfLPZZhE&list=PLeKd45zvjcDFUEv_ohr_HdUFe97RItdiB&ab_channel=MartinKleppmann"
                            }
                        ]
                    }
                ]
            }
        ],
        "team": "T03FVM0K8",
        "user_team": "T03FVM0K8",
        "source_team": "T03FVM0K8",
        "user_profile": {
            "avatar_hash": "09ed5d4ab51a",
            "image_72": "https:\/\/avatars.slack-edge.com\/2021-01-14\/1659764613696_09ed5d4ab51ade5f2170_72.jpg",
            "first_name": "Abdulrahman",
            "real_name": "Abdulrahman Nady",
            "display_name": "Abdulrahman Nady",
            "team": "T03FVM0K8",
            "name": "abdulrahmann",
            "is_restricted": false,
            "is_ultra_restricted": false
        },
        "attachments": [
            {
                "from_url": "https:\/\/www.youtube.com\/watch?v=UEAMfLPZZhE&amp;ab_channel=MartinKleppmann",
                "thumb_url": "https:\/\/i.ytimg.com\/vi\/UEAMfLPZZhE\/hqdefault.jpg",
                "thumb_width": 480,
                "thumb_height": 360,
                "video_html": "<iframe width=\"400\" height=\"225\" src=\"https:\/\/www.youtube.com\/embed\/UEAMfLPZZhE?feature=oembed&autoplay=1&iv_load_policy=3\" frameborder=\"0\" allow=\"accelerometer; autoplay; clipboard-write; encrypted-media; gyroscope; picture-in-picture; web-share\" allowfullscreen title=\"Distributed Systems 1.1: Introduction\"><\/iframe>",
                "video_html_width": 400,
                "video_html_height": 225,
                "service_icon": "https:\/\/a.slack-edge.com\/80588\/img\/unfurl_icons\/youtube.png",
                "id": 1,
                "original_url": "https:\/\/www.youtube.com\/watch?v=UEAMfLPZZhE&amp;list=PLeKd45zvjcDFUEv_ohr_HdUFe97RItdiB&amp;ab_channel=MartinKleppmann",
                "fallback": "YouTube Video: Distributed Systems 1.1: Introduction",
                "title": "Distributed Systems 1.1: Introduction",
                "title_link": "https:\/\/www.youtube.com\/watch?v=UEAMfLPZZhE&amp;ab_channel=MartinKleppmann",
                "author_name": "Martin Kleppmann",
                "author_link": "https:\/\/www.youtube.com\/@kleppmann",
                "service_name": "YouTube",
                "service_url": "https:\/\/www.youtube.com\/"
            }
        ],
        "reactions": [
            {
                "name": "+1",
                "users": [
                    "U03FVM0KA"
                ],
                "count": 1
            }
        ]
    }
]