[
    {
        "client_msg_id": "d962408b-31b0-4c8a-b9f2-35dc857eebb4",
        "type": "message",
        "text": "<https:\/\/udacity.github.io\/git-styleguide\/>\ncommon git commit messages style",
        "user": "U027C3PDVQC",
        "ts": "1691136953.476689",
        "blocks": [
            {
                "type": "rich_text",
                "block_id": "E8Zi",
                "elements": [
                    {
                        "type": "rich_text_section",
                        "elements": [
                            {
                                "type": "link",
                                "url": "https:\/\/udacity.github.io\/git-styleguide\/"
                            },
                            {
                                "type": "text",
                                "text": "\ncommon git commit messages style"
                            }
                        ]
                    }
                ]
            }
        ],
        "team": "T03FVM0K8",
        "user_team": "T03FVM0K8",
        "source_team": "T03FVM0K8",
        "user_profile": {
            "avatar_hash": "b2432500ca87",
            "image_72": "https:\/\/avatars.slack-edge.com\/2022-01-23\/2978662366199_b2432500ca87d891ba17_72.jpg",
            "first_name": "Mohamed",
            "real_name": "Mohamed Abdelrahman",
            "display_name": "",
            "team": "T03FVM0K8",
            "name": "maboelkassem",
            "is_restricted": false,
            "is_ultra_restricted": false
        },
        "reactions": [
            {
                "name": "metal",
                "users": [
                    "U03FVM0KA"
                ],
                "count": 1
            }
        ]
    }
]