[
    {
        "client_msg_id": "F8113F89-A234-4774-BFDF-96C504D22EEB",
        "type": "message",
        "text": "<https:\/\/youtube.com\/shorts\/xyGi4wsVi_I?feature=share|https:\/\/youtube.com\/shorts\/xyGi4wsVi_I?feature=share>",
        "user": "U01JHGNLXTP",
        "ts": "1692312989.241509",
        "blocks": [
            {
                "type": "rich_text",
                "block_id": "Z+=A",
                "elements": [
                    {
                        "type": "rich_text_section",
                        "elements": [
                            {
                                "type": "link",
                                "url": "https:\/\/youtube.com\/shorts\/xyGi4wsVi_I?feature=share",
                                "text": "https:\/\/youtube.com\/shorts\/xyGi4wsVi_I?feature=share"
                            }
                        ]
                    }
                ]
            }
        ],
        "team": "T03FVM0K8",
        "user_team": "T03FVM0K8",
        "source_team": "T03FVM0K8",
        "user_profile": {
            "avatar_hash": "09ed5d4ab51a",
            "image_72": "https:\/\/avatars.slack-edge.com\/2021-01-14\/1659764613696_09ed5d4ab51ade5f2170_72.jpg",
            "first_name": "Abdulrahman",
            "real_name": "Abdulrahman Nady",
            "display_name": "Abdulrahman Nady",
            "team": "T03FVM0K8",
            "name": "abdulrahmann",
            "is_restricted": false,
            "is_ultra_restricted": false
        },
        "attachments": [
            {
                "image_url": "https:\/\/i.ytimg.com\/vi\/xyGi4wsVi_I\/hq2.jpg?sqp=-oaymwEoCOADEOgC8quKqQMcGADwAQH4AbYIgAKAD4oCDAgAEAEYOyBdKHIwDw==&rs=AOn4CLDotmknqA1FWQtGT3y0JaQOZvVw3w",
                "image_width": 480,
                "image_height": 360,
                "image_bytes": 10072,
                "from_url": "https:\/\/youtube.com\/shorts\/xyGi4wsVi_I?feature=share",
                "service_icon": "https:\/\/www.youtube.com\/s\/desktop\/11fc5992\/img\/favicon.ico",
                "thumb_url": "https:\/\/i.ytimg.com\/vi\/xyGi4wsVi_I\/hq2.jpg?sqp=-oaymwEoCOADEOgC8quKqQMcGADwAQH4AbYIgAKAD4oCDAgAEAEYOyBdKHIwDw==&rs=AOn4CLDotmknqA1FWQtGT3y0JaQOZvVw3w",
                "thumb_width": 480,
                "thumb_height": 360,
                "id": 1,
                "original_url": "https:\/\/youtube.com\/shorts\/xyGi4wsVi_I?feature=share",
                "fallback": "YouTube: How To Use Named HttpClients In .NET #shorts",
                "text": ":pushpin: Check out my Pragmatic Clean Architecture course: <https:\/\/www.milanjovanovic.tech\/pragmatic-clean-architecture🚀> Join 770+ engineers in my Patreon commun...",
                "title": "How To Use Named HttpClients In .NET #shorts",
                "title_link": "https:\/\/youtube.com\/shorts\/xyGi4wsVi_I?feature=share",
                "service_name": "YouTube"
            }
        ]
    }
]