[
    {
        "client_msg_id": "229ab57c-4a75-4a83-962f-2ab4c19bc3fe",
        "type": "message",
        "text": "<https:\/\/github.com\/temporalio\/sdk-dotnet>\n\nTemporal SDK .NET is now beta.",
        "user": "U03FVM0KA",
        "ts": "1691330649.716899",
        "blocks": [
            {
                "type": "rich_text",
                "block_id": "VzV",
                "elements": [
                    {
                        "type": "rich_text_section",
                        "elements": [
                            {
                                "type": "link",
                                "url": "https:\/\/github.com\/temporalio\/sdk-dotnet"
                            },
                            {
                                "type": "text",
                                "text": "\n\nTemporal SDK .NET is now beta."
                            }
                        ]
                    }
                ]
            }
        ],
        "team": "T03FVM0K8",
        "user_team": "T03FVM0K8",
        "source_team": "T03FVM0K8",
        "user_profile": {
            "avatar_hash": "3b5718eb9f45",
            "image_72": "https:\/\/avatars.slack-edge.com\/2023-07-16\/5599264436273_3b5718eb9f45b3c2a13a_72.jpg",
            "first_name": "dodyg",
            "real_name": "dodyg",
            "display_name": "",
            "team": "T03FVM0K8",
            "name": "dodyg",
            "is_restricted": false,
            "is_ultra_restricted": false
        },
        "attachments": [
            {
                "id": 1,
                "color": "24292f",
                "bot_id": "B01U774L6SJ",
                "app_unfurl_url": "https:\/\/github.com\/temporalio\/sdk-dotnet",
                "is_app_unfurl": true,
                "app_id": "A01BP7R4KNY",
                "fallback": "temporalio\/sdk-dotnet",
                "text": "Temporal .NET SDK",
                "title": "temporalio\/sdk-dotnet",
                "fields": [
                    {
                        "value": "195",
                        "title": "Stars",
                        "short": true
                    },
                    {
                        "value": "C#",
                        "title": "Language",
                        "short": true
                    }
                ]
            }
        ],
        "reactions": [
            {
                "name": "metal",
                "users": [
                    "U027V0C9KEY"
                ],
                "count": 1
            }
        ]
    }
]