[
    {
        "client_msg_id": "3d700b88-fe0b-4884-8535-fe63ac5aa13a",
        "type": "message",
        "text": "It's only 3 minutes of presentation left. I am going to record it and upload it here.",
        "user": "U03FVM0KA",
        "ts": "1691926772.321399",
        "blocks": [
            {
                "type": "rich_text",
                "block_id": "gtyNB",
                "elements": [
                    {
                        "type": "rich_text_section",
                        "elements": [
                            {
                                "type": "text",
                                "text": "It's only 3 minutes of presentation left. I am going to record it and upload it here."
                            }
                        ]
                    }
                ]
            }
        ],
        "team": "T03FVM0K8",
        "user_team": "T03FVM0K8",
        "source_team": "T03FVM0K8",
        "user_profile": {
            "avatar_hash": "3b5718eb9f45",
            "image_72": "https:\/\/avatars.slack-edge.com\/2023-07-16\/5599264436273_3b5718eb9f45b3c2a13a_72.jpg",
            "first_name": "dodyg",
            "real_name": "dodyg",
            "display_name": "",
            "team": "T03FVM0K8",
            "name": "dodyg",
            "is_restricted": false,
            "is_ultra_restricted": false
        },
        "thread_ts": "1691926772.321399",
        "reply_count": 2,
        "reply_users_count": 2,
        "latest_reply": "1691929534.078259",
        "reply_users": [
            "UD7FEGEF8",
            "U03FVM0KA"
        ],
        "replies": [
            {
                "user": "UD7FEGEF8",
                "ts": "1691929457.227109"
            },
            {
                "user": "U03FVM0KA",
                "ts": "1691929534.078259"
            }
        ],
        "is_locked": false,
        "subscribed": true,
        "last_read": "1691929534.078259"
    },
    {
        "client_msg_id": "000b0995-4aa9-4ca7-aacc-872e0a278979",
        "type": "message",
        "text": "Did we record the whole session or is it just those 3 mins?",
        "user": "UD7FEGEF8",
        "ts": "1691929457.227109",
        "blocks": [
            {
                "type": "rich_text",
                "block_id": "oTv",
                "elements": [
                    {
                        "type": "rich_text_section",
                        "elements": [
                            {
                                "type": "text",
                                "text": "Did we record the whole session or is it just those 3 mins?"
                            }
                        ]
                    }
                ]
            }
        ],
        "team": "T03FVM0K8",
        "user_team": "T03FVM0K8",
        "source_team": "T03FVM0K8",
        "user_profile": {
            "avatar_hash": "g083a5c40ff6",
            "image_72": "https:\/\/secure.gravatar.com\/avatar\/5083a5c40ff6db7ba5ab35355b7b2066.jpg?s=72&d=https%3A%2F%2Fa.slack-edge.com%2Fdf10d%2Fimg%2Favatars%2Fava_0023-72.png",
            "first_name": "",
            "real_name": "Reham Abdelraheem",
            "display_name": "",
            "team": "T03FVM0K8",
            "name": "rehama",
            "is_restricted": false,
            "is_ultra_restricted": false
        },
        "thread_ts": "1691926772.321399",
        "parent_user_id": "U03FVM0KA"
    },
    {
        "client_msg_id": "3446dd10-074b-456c-9089-90ed1f9acedf",
        "type": "message",
        "text": "The whole sessions",
        "user": "U03FVM0KA",
        "ts": "1691929534.078259",
        "blocks": [
            {
                "type": "rich_text",
                "block_id": "7JUf6",
                "elements": [
                    {
                        "type": "rich_text_section",
                        "elements": [
                            {
                                "type": "text",
                                "text": "The whole sessions"
                            }
                        ]
                    }
                ]
            }
        ],
        "team": "T03FVM0K8",
        "user_team": "T03FVM0K8",
        "source_team": "T03FVM0K8",
        "user_profile": {
            "avatar_hash": "3b5718eb9f45",
            "image_72": "https:\/\/avatars.slack-edge.com\/2023-07-16\/5599264436273_3b5718eb9f45b3c2a13a_72.jpg",
            "first_name": "dodyg",
            "real_name": "dodyg",
            "display_name": "",
            "team": "T03FVM0K8",
            "name": "dodyg",
            "is_restricted": false,
            "is_ultra_restricted": false
        },
        "thread_ts": "1691926772.321399",
        "parent_user_id": "U03FVM0KA",
        "reactions": [
            {
                "name": "metal",
                "users": [
                    "UD7FEGEF8"
                ],
                "count": 1
            }
        ]
    },
    {
        "client_msg_id": "3714aa1f-843e-4358-b514-f696e1de4f33",
        "type": "message",
        "text": "<https:\/\/github.com\/silverkeytech\/institute\/issues\/63>",
        "user": "U03FVM0KA",
        "ts": "1691929536.679389",
        "blocks": [
            {
                "type": "rich_text",
                "block_id": "pHyZ",
                "elements": [
                    {
                        "type": "rich_text_section",
                        "elements": [
                            {
                                "type": "link",
                                "url": "https:\/\/github.com\/silverkeytech\/institute\/issues\/63"
                            }
                        ]
                    }
                ]
            }
        ],
        "team": "T03FVM0K8",
        "user_team": "T03FVM0K8",
        "source_team": "T03FVM0K8",
        "user_profile": {
            "avatar_hash": "3b5718eb9f45",
            "image_72": "https:\/\/avatars.slack-edge.com\/2023-07-16\/5599264436273_3b5718eb9f45b3c2a13a_72.jpg",
            "first_name": "dodyg",
            "real_name": "dodyg",
            "display_name": "",
            "team": "T03FVM0K8",
            "name": "dodyg",
            "is_restricted": false,
            "is_ultra_restricted": false
        }
    },
    {
        "client_msg_id": "d8d1fa88-3431-4f06-85b2-ff40c14b63d1",
        "type": "message",
        "text": "The two recordsings are uploaded.",
        "user": "U03FVM0KA",
        "ts": "1691929545.969449",
        "blocks": [
            {
                "type": "rich_text",
                "block_id": "GL3Ng",
                "elements": [
                    {
                        "type": "rich_text_section",
                        "elements": [
                            {
                                "type": "text",
                                "text": "The two recordsings are uploaded."
                            }
                        ]
                    }
                ]
            }
        ],
        "team": "T03FVM0K8",
        "user_team": "T03FVM0K8",
        "source_team": "T03FVM0K8",
        "user_profile": {
            "avatar_hash": "3b5718eb9f45",
            "image_72": "https:\/\/avatars.slack-edge.com\/2023-07-16\/5599264436273_3b5718eb9f45b3c2a13a_72.jpg",
            "first_name": "dodyg",
            "real_name": "dodyg",
            "display_name": "",
            "team": "T03FVM0K8",
            "name": "dodyg",
            "is_restricted": false,
            "is_ultra_restricted": false
        }
    }
]