[
    {
        "client_msg_id": "db32457e-c026-4f88-bb96-8fa7af2a17d2",
        "type": "message",
        "text": "<https:\/\/remix.run\/>",
        "user": "U03FWCWLL",
        "ts": "1692964271.238329",
        "blocks": [
            {
                "type": "rich_text",
                "block_id": "dEO",
                "elements": [
                    {
                        "type": "rich_text_section",
                        "elements": [
                            {
                                "type": "link",
                                "url": "https:\/\/remix.run\/"
                            }
                        ]
                    }
                ]
            }
        ],
        "team": "T03FVM0K8",
        "user_team": "T03FVM0K8",
        "source_team": "T03FVM0K8",
        "user_profile": {
            "avatar_hash": "ab9a763ac584",
            "image_72": "https:\/\/avatars.slack-edge.com\/2019-06-06\/645293626450_ab9a763ac58462796ac7_72.jpg",
            "first_name": "Sherif",
            "real_name": "Sherif",
            "display_name": "sherifr",
            "team": "T03FVM0K8",
            "name": "sherifr",
            "is_restricted": false,
            "is_ultra_restricted": false
        },
        "attachments": [
            {
                "from_url": "https:\/\/remix.run\/",
                "image_url": "https:\/\/remix.run\/img\/og.1.jpg",
                "image_width": 1200,
                "image_height": 627,
                "image_bytes": 23737,
                "service_icon": "https:\/\/remix.run\/favicon-180.png",
                "id": 1,
                "original_url": "https:\/\/remix.run\/",
                "fallback": "Remix - Build Better Websites",
                "text": "Remix is a full stack web framework that lets you focus on the user interface and work back through web standards to deliver a fast, slick, and resilient user experience. People are gonna love using your stuff.",
                "title": "Remix - Build Better Websites",
                "title_link": "https:\/\/remix.run\/",
                "service_name": "remix.run"
            }
        ]
    },
    {
        "client_msg_id": "beb0a7c5-a27a-4863-8a21-c45076d2d24e",
        "type": "message",
        "text": "<https:\/\/www.gatsbyjs.com\/>",
        "user": "U03FWCWLL",
        "ts": "1692964287.468339",
        "blocks": [
            {
                "type": "rich_text",
                "block_id": "V2QcE",
                "elements": [
                    {
                        "type": "rich_text_section",
                        "elements": [
                            {
                                "type": "link",
                                "url": "https:\/\/www.gatsbyjs.com\/"
                            }
                        ]
                    }
                ]
            }
        ],
        "team": "T03FVM0K8",
        "user_team": "T03FVM0K8",
        "source_team": "T03FVM0K8",
        "user_profile": {
            "avatar_hash": "ab9a763ac584",
            "image_72": "https:\/\/avatars.slack-edge.com\/2019-06-06\/645293626450_ab9a763ac58462796ac7_72.jpg",
            "first_name": "Sherif",
            "real_name": "Sherif",
            "display_name": "sherifr",
            "team": "T03FVM0K8",
            "name": "sherifr",
            "is_restricted": false,
            "is_ultra_restricted": false
        },
        "attachments": [
            {
                "image_url": "https:\/\/images.ctfassets.net\/vkdbses00qqt\/38yAjXH9hRko9noPZWrluI\/4d1988b4b07acfab9ce93a87407930bd\/Frame_3__2_.png",
                "image_width": 2400,
                "image_height": 1260,
                "image_bytes": 690218,
                "from_url": "https:\/\/www.gatsbyjs.com\/",
                "service_icon": "https:\/\/www.gatsbyjs.com\/icons\/icon-48x48.png?v=3ad5294f3fa6c06e2d07ab07c76df2cf",
                "id": 1,
                "original_url": "https:\/\/www.gatsbyjs.com\/",
                "fallback": "Gatsby: The Best React-Based Framework | Gatsby",
                "text": "Gatsby is a React-based open source framework with performance, scalability and security built-in. Collaborate, build and deploy 1000x faster on Netlify.",
                "title": "The Best React-Based Framework | Gatsby",
                "title_link": "https:\/\/www.gatsbyjs.com\/",
                "service_name": "Gatsby"
            }
        ]
    },
    {
        "client_msg_id": "9946c9bb-4e3d-4e9c-ab4b-5e9ede4c2ddf",
        "type": "message",
        "text": "<@U03FVM0KA> We need to experiment with these technologies.",
        "user": "U03FWCWLL",
        "ts": "1692964329.434679",
        "blocks": [
            {
                "type": "rich_text",
                "block_id": "GnQ",
                "elements": [
                    {
                        "type": "rich_text_section",
                        "elements": [
                            {
                                "type": "user",
                                "user_id": "U03FVM0KA"
                            },
                            {
                                "type": "text",
                                "text": " We need to experiment with these technologies."
                            }
                        ]
                    }
                ]
            }
        ],
        "team": "T03FVM0K8",
        "user_team": "T03FVM0K8",
        "source_team": "T03FVM0K8",
        "user_profile": {
            "avatar_hash": "ab9a763ac584",
            "image_72": "https:\/\/avatars.slack-edge.com\/2019-06-06\/645293626450_ab9a763ac58462796ac7_72.jpg",
            "first_name": "Sherif",
            "real_name": "Sherif",
            "display_name": "sherifr",
            "team": "T03FVM0K8",
            "name": "sherifr",
            "is_restricted": false,
            "is_ultra_restricted": false
        },
        "thread_ts": "1692964329.434679",
        "reply_count": 2,
        "reply_users_count": 1,
        "latest_reply": "1693131823.982989",
        "reply_users": [
            "U03FVM0KA"
        ],
        "replies": [
            {
                "user": "U03FVM0KA",
                "ts": "1693127504.685839"
            },
            {
                "user": "U03FVM0KA",
                "ts": "1693131823.982989"
            }
        ],
        "is_locked": false,
        "subscribed": true,
        "last_read": "1693131823.982989"
    },
    {
        "client_msg_id": "a12cba7b-89ac-486f-bb04-73f61ba6a000",
        "type": "message",
        "text": "<https:\/\/github.com\/chiselstrike\/chiselstrike>",
        "user": "U03FWCWLL",
        "ts": "1692964381.819169",
        "blocks": [
            {
                "type": "rich_text",
                "block_id": "eBp",
                "elements": [
                    {
                        "type": "rich_text_section",
                        "elements": [
                            {
                                "type": "link",
                                "url": "https:\/\/github.com\/chiselstrike\/chiselstrike"
                            }
                        ]
                    }
                ]
            }
        ],
        "team": "T03FVM0K8",
        "user_team": "T03FVM0K8",
        "source_team": "T03FVM0K8",
        "user_profile": {
            "avatar_hash": "ab9a763ac584",
            "image_72": "https:\/\/avatars.slack-edge.com\/2019-06-06\/645293626450_ab9a763ac58462796ac7_72.jpg",
            "first_name": "Sherif",
            "real_name": "Sherif",
            "display_name": "sherifr",
            "team": "T03FVM0K8",
            "name": "sherifr",
            "is_restricted": false,
            "is_ultra_restricted": false
        },
        "attachments": [
            {
                "id": 1,
                "color": "24292f",
                "bot_id": "B01U774L6SJ",
                "app_unfurl_url": "https:\/\/github.com\/chiselstrike\/chiselstrike",
                "is_app_unfurl": true,
                "app_id": "A01BP7R4KNY",
                "fallback": "chiselstrike\/chiselstrike",
                "text": "ChiselStrike abstracts common backends components like databases and message queues, and let you drive them from a convenient TypeScript business logic layer",
                "title": "chiselstrike\/chiselstrike",
                "fields": [
                    {
                        "value": "<https:\/\/chiselstrike.com>",
                        "title": "Website",
                        "short": true
                    },
                    {
                        "value": "1009",
                        "title": "Stars",
                        "short": true
                    }
                ]
            }
        ]
    },
    {
        "client_msg_id": "0844945b-f4f8-4eed-ae54-b1d583c36f48",
        "type": "message",
        "text": "<@U03FVBQTR> Can get us projects that are small and can be developed by these technologies.\\",
        "user": "U03FWCWLL",
        "ts": "1692964411.037649",
        "blocks": [
            {
                "type": "rich_text",
                "block_id": "Qu84b",
                "elements": [
                    {
                        "type": "rich_text_section",
                        "elements": [
                            {
                                "type": "user",
                                "user_id": "U03FVBQTR"
                            },
                            {
                                "type": "text",
                                "text": " Can get us projects that are small and can be developed by these technologies.\\"
                            }
                        ]
                    }
                ]
            }
        ],
        "team": "T03FVM0K8",
        "user_team": "T03FVM0K8",
        "source_team": "T03FVM0K8",
        "user_profile": {
            "avatar_hash": "ab9a763ac584",
            "image_72": "https:\/\/avatars.slack-edge.com\/2019-06-06\/645293626450_ab9a763ac58462796ac7_72.jpg",
            "first_name": "Sherif",
            "real_name": "Sherif",
            "display_name": "sherifr",
            "team": "T03FVM0K8",
            "name": "sherifr",
            "is_restricted": false,
            "is_ultra_restricted": false
        }
    }
]