[
    {
        "client_msg_id": "0e7c556b-d186-46bc-b93f-bf8f4284fcf2",
        "type": "message",
        "text": "<https:\/\/getgreenshot.org\/>",
        "user": "U03FVM0KA",
        "ts": "1690886144.812239",
        "blocks": [
            {
                "type": "rich_text",
                "block_id": "0NR",
                "elements": [
                    {
                        "type": "rich_text_section",
                        "elements": [
                            {
                                "type": "link",
                                "url": "https:\/\/getgreenshot.org\/"
                            }
                        ]
                    }
                ]
            }
        ],
        "team": "T03FVM0K8",
        "user_team": "T03FVM0K8",
        "source_team": "T03FVM0K8",
        "user_profile": {
            "avatar_hash": "3b5718eb9f45",
            "image_72": "https:\/\/avatars.slack-edge.com\/2023-07-16\/5599264436273_3b5718eb9f45b3c2a13a_72.jpg",
            "first_name": "dodyg",
            "real_name": "dodyg",
            "display_name": "",
            "team": "T03FVM0K8",
            "name": "dodyg",
            "is_restricted": false,
            "is_ultra_restricted": false
        },
        "attachments": [
            {
                "from_url": "https:\/\/getgreenshot.org\/",
                "service_icon": "https:\/\/getgreenshot.org\/favicon.ico",
                "id": 1,
                "original_url": "https:\/\/getgreenshot.org\/",
                "fallback": "Greenshot",
                "text": "Greenshot - a free screenshot tool optimized for productivity",
                "title": "Greenshot",
                "title_link": "https:\/\/getgreenshot.org\/",
                "service_name": "getgreenshot.org"
            }
        ]
    },
    {
        "client_msg_id": "28809e17-836a-46bc-9f73-588cc93c7073",
        "type": "message",
        "text": "Use this screen capture utility to enable fast screenshotting.",
        "user": "U03FVM0KA",
        "ts": "1690886161.468549",
        "blocks": [
            {
                "type": "rich_text",
                "block_id": "+\/S",
                "elements": [
                    {
                        "type": "rich_text_section",
                        "elements": [
                            {
                                "type": "text",
                                "text": "Use this screen capture utility to enable fast screenshotting."
                            }
                        ]
                    }
                ]
            }
        ],
        "team": "T03FVM0K8",
        "user_team": "T03FVM0K8",
        "source_team": "T03FVM0K8",
        "user_profile": {
            "avatar_hash": "3b5718eb9f45",
            "image_72": "https:\/\/avatars.slack-edge.com\/2023-07-16\/5599264436273_3b5718eb9f45b3c2a13a_72.jpg",
            "first_name": "dodyg",
            "real_name": "dodyg",
            "display_name": "",
            "team": "T03FVM0K8",
            "name": "dodyg",
            "is_restricted": false,
            "is_ultra_restricted": false
        }
    },
    {
        "client_msg_id": "a40a855d-2dbc-4fed-9696-711f43b29401",
        "type": "message",
        "text": "Thursday: 2023\/08\/03 *2PM* - how to manage your project using GitHub Issues\n\n<https:\/\/us05web.zoom.us\/j\/85117877914?pwd=c0BW8zU2nltlZRNP19NWw3K8KjyQt8.1>",
        "user": "U03FVM0KA",
        "ts": "1690887198.852709",
        "blocks": [
            {
                "type": "rich_text",
                "block_id": "x=I",
                "elements": [
                    {
                        "type": "rich_text_section",
                        "elements": [
                            {
                                "type": "text",
                                "text": "Thursday: 2023\/08\/03 "
                            },
                            {
                                "type": "text",
                                "text": "2PM",
                                "style": {
                                    "bold": true
                                }
                            },
                            {
                                "type": "text",
                                "text": " - how to manage your project using GitHub Issues\n\n"
                            },
                            {
                                "type": "link",
                                "url": "https:\/\/us05web.zoom.us\/j\/85117877914?pwd=c0BW8zU2nltlZRNP19NWw3K8KjyQt8.1"
                            }
                        ]
                    }
                ]
            }
        ],
        "team": "T03FVM0K8",
        "user_team": "T03FVM0K8",
        "source_team": "T03FVM0K8",
        "user_profile": {
            "avatar_hash": "3b5718eb9f45",
            "image_72": "https:\/\/avatars.slack-edge.com\/2023-07-16\/5599264436273_3b5718eb9f45b3c2a13a_72.jpg",
            "first_name": "dodyg",
            "real_name": "dodyg",
            "display_name": "",
            "team": "T03FVM0K8",
            "name": "dodyg",
            "is_restricted": false,
            "is_ultra_restricted": false
        },
        "edited": {
            "user": "U03FVM0KA",
            "ts": "1690887227.000000"
        },
        "reactions": [
            {
                "name": "rocket",
                "users": [
                    "U01JHGNLXTP"
                ],
                "count": 1
            }
        ]
    },
    {
        "type": "message",
        "text": "We are looking to expand our design team and this is the common mistakes I keep finding in the candidates",
        "files": [
            {
                "id": "F05KQCTFK3L",
                "created": 1690888425,
                "timestamp": 1690888425,
                "name": "image.png",
                "title": "image.png",
                "mimetype": "image\/png",
                "filetype": "png",
                "pretty_type": "PNG",
                "user": "U03FVM0KA",
                "user_team": "T03FVM0K8",
                "editable": false,
                "size": 1136426,
                "mode": "hosted",
                "is_external": false,
                "external_type": "",
                "is_public": true,
                "public_url_shared": false,
                "display_as_bot": false,
                "username": "",
                "url_private": "https:\/\/files.slack.com\/files-pri\/T03FVM0K8-F05KQCTFK3L\/image.png?t=xoxe-3539714654-5811278554788-5832538929008-03dc07771412e207820c9f7ae6fe1988",
                "url_private_download": "https:\/\/files.slack.com\/files-pri\/T03FVM0K8-F05KQCTFK3L\/download\/image.png?t=xoxe-3539714654-5811278554788-5832538929008-03dc07771412e207820c9f7ae6fe1988",
                "media_display_type": "unknown",
                "thumb_64": "https:\/\/files.slack.com\/files-tmb\/T03FVM0K8-F05KQCTFK3L-e1e7ebd53c\/image_64.png?t=xoxe-3539714654-5811278554788-5832538929008-03dc07771412e207820c9f7ae6fe1988",
                "thumb_80": "https:\/\/files.slack.com\/files-tmb\/T03FVM0K8-F05KQCTFK3L-e1e7ebd53c\/image_80.png?t=xoxe-3539714654-5811278554788-5832538929008-03dc07771412e207820c9f7ae6fe1988",
                "thumb_360": "https:\/\/files.slack.com\/files-tmb\/T03FVM0K8-F05KQCTFK3L-e1e7ebd53c\/image_360.png?t=xoxe-3539714654-5811278554788-5832538929008-03dc07771412e207820c9f7ae6fe1988",
                "thumb_360_w": 360,
                "thumb_360_h": 241,
                "thumb_480": "https:\/\/files.slack.com\/files-tmb\/T03FVM0K8-F05KQCTFK3L-e1e7ebd53c\/image_480.png?t=xoxe-3539714654-5811278554788-5832538929008-03dc07771412e207820c9f7ae6fe1988",
                "thumb_480_w": 480,
                "thumb_480_h": 322,
                "thumb_160": "https:\/\/files.slack.com\/files-tmb\/T03FVM0K8-F05KQCTFK3L-e1e7ebd53c\/image_160.png?t=xoxe-3539714654-5811278554788-5832538929008-03dc07771412e207820c9f7ae6fe1988",
                "thumb_720": "https:\/\/files.slack.com\/files-tmb\/T03FVM0K8-F05KQCTFK3L-e1e7ebd53c\/image_720.png?t=xoxe-3539714654-5811278554788-5832538929008-03dc07771412e207820c9f7ae6fe1988",
                "thumb_720_w": 720,
                "thumb_720_h": 483,
                "thumb_800": "https:\/\/files.slack.com\/files-tmb\/T03FVM0K8-F05KQCTFK3L-e1e7ebd53c\/image_800.png?t=xoxe-3539714654-5811278554788-5832538929008-03dc07771412e207820c9f7ae6fe1988",
                "thumb_800_w": 800,
                "thumb_800_h": 536,
                "thumb_960": "https:\/\/files.slack.com\/files-tmb\/T03FVM0K8-F05KQCTFK3L-e1e7ebd53c\/image_960.png?t=xoxe-3539714654-5811278554788-5832538929008-03dc07771412e207820c9f7ae6fe1988",
                "thumb_960_w": 960,
                "thumb_960_h": 643,
                "thumb_1024": "https:\/\/files.slack.com\/files-tmb\/T03FVM0K8-F05KQCTFK3L-e1e7ebd53c\/image_1024.png?t=xoxe-3539714654-5811278554788-5832538929008-03dc07771412e207820c9f7ae6fe1988",
                "thumb_1024_w": 1024,
                "thumb_1024_h": 686,
                "original_w": 1192,
                "original_h": 799,
                "thumb_tiny": "AwAgADDPVwB90GmscsSBjPapV2FRmFicckUqquBmFjx1oAgoqVoyzfKhUelL5BAyQfypgQ0qkqc4zU3lj\/Jo2D0osA9CwUAScY6U4O2DiQUyIRKT5h3enFOdoSPkHPbimRrccLgqTu+YkYyDTGmZh8xyKVjCIvl3F++ahDLg5GT65pFjt\/HSjPvTSRxwKUsCuMc+tAj\/2Q==",
                "permalink": "https:\/\/silverkey.slack.com\/files\/U03FVM0KA\/F05KQCTFK3L\/image.png",
                "permalink_public": "https:\/\/slack-files.com\/T03FVM0K8-F05KQCTFK3L-c6f8cad97c",
                "is_starred": false,
                "has_rich_preview": false,
                "file_access": "visible"
            }
        ],
        "upload": false,
        "user": "U03FVM0KA",
        "display_as_bot": false,
        "ts": "1690888457.390439",
        "blocks": [
            {
                "type": "rich_text",
                "block_id": "dTeij",
                "elements": [
                    {
                        "type": "rich_text_section",
                        "elements": [
                            {
                                "type": "text",
                                "text": "We are looking to expand our design team and this is the common mistakes I keep finding in the candidates"
                            }
                        ]
                    }
                ]
            }
        ],
        "client_msg_id": "57aba591-e4d6-4d13-870f-9c52c57f1354",
        "thread_ts": "1690888457.390439",
        "reply_count": 2,
        "reply_users_count": 2,
        "latest_reply": "1690964346.294849",
        "reply_users": [
            "UD7FEGEF8",
            "U03FVM0KA"
        ],
        "replies": [
            {
                "user": "UD7FEGEF8",
                "ts": "1690900770.366119"
            },
            {
                "user": "U03FVM0KA",
                "ts": "1690964346.294849"
            }
        ],
        "is_locked": false,
        "subscribed": true,
        "last_read": "1690964346.294849"
    },
    {
        "client_msg_id": "8147b779-d3bd-4673-ab3d-a2b4dbb8e4dd",
        "type": "message",
        "text": "<https:\/\/github.com\/silverkeytech\/institute\/issues\/60> SignalR free PDF book. It's good.",
        "user": "U03FVM0KA",
        "ts": "1690893743.318969",
        "blocks": [
            {
                "type": "rich_text",
                "block_id": "R\/LXy",
                "elements": [
                    {
                        "type": "rich_text_section",
                        "elements": [
                            {
                                "type": "link",
                                "url": "https:\/\/github.com\/silverkeytech\/institute\/issues\/60"
                            },
                            {
                                "type": "text",
                                "text": " SignalR free PDF book. It's good."
                            }
                        ]
                    }
                ]
            }
        ],
        "team": "T03FVM0K8",
        "user_team": "T03FVM0K8",
        "source_team": "T03FVM0K8",
        "user_profile": {
            "avatar_hash": "3b5718eb9f45",
            "image_72": "https:\/\/avatars.slack-edge.com\/2023-07-16\/5599264436273_3b5718eb9f45b3c2a13a_72.jpg",
            "first_name": "dodyg",
            "real_name": "dodyg",
            "display_name": "",
            "team": "T03FVM0K8",
            "name": "dodyg",
            "is_restricted": false,
            "is_ultra_restricted": false
        }
    },
    {
        "client_msg_id": "18425a3b-d072-4378-a58e-7a8f20422fb2",
        "type": "message",
        "text": "<https:\/\/github.com\/silverkeytech\/institute\/issues\/61> Design pattern free PDF book.",
        "user": "U03FVM0KA",
        "ts": "1690893997.448429",
        "blocks": [
            {
                "type": "rich_text",
                "block_id": "g9c",
                "elements": [
                    {
                        "type": "rich_text_section",
                        "elements": [
                            {
                                "type": "link",
                                "url": "https:\/\/github.com\/silverkeytech\/institute\/issues\/61"
                            },
                            {
                                "type": "text",
                                "text": " Design pattern free PDF book."
                            }
                        ]
                    }
                ]
            }
        ],
        "team": "T03FVM0K8",
        "user_team": "T03FVM0K8",
        "source_team": "T03FVM0K8",
        "user_profile": {
            "avatar_hash": "3b5718eb9f45",
            "image_72": "https:\/\/avatars.slack-edge.com\/2023-07-16\/5599264436273_3b5718eb9f45b3c2a13a_72.jpg",
            "first_name": "dodyg",
            "real_name": "dodyg",
            "display_name": "",
            "team": "T03FVM0K8",
            "name": "dodyg",
            "is_restricted": false,
            "is_ultra_restricted": false
        }
    },
    {
        "type": "message",
        "text": "\n<https:\/\/www.bbc.co.uk\/news\/world-66371569>",
        "user": "U03FVBQTR",
        "ts": "1690900615.571699",
        "blocks": [
            {
                "type": "rich_text",
                "block_id": "wEA1",
                "elements": [
                    {
                        "type": "rich_text_section",
                        "elements": [
                            {
                                "type": "link",
                                "url": "https:\/\/www.bbc.co.uk\/news\/world-66371569"
                            }
                        ]
                    }
                ]
            }
        ],
        "team": "T03FVM0K8",
        "user_team": "T03FVM0K8",
        "source_team": "T03FVM0K8",
        "user_profile": {
            "avatar_hash": "8fea588cf2f1",
            "image_72": "https:\/\/avatars.slack-edge.com\/2015-01-28\/3539674413_8fea588cf2f1390d3733_72.jpg",
            "first_name": "Taher",
            "real_name": "Taher El-Shafei",
            "display_name": "taherelshafei",
            "team": "T03FVM0K8",
            "name": "taherelshafei",
            "is_restricted": false,
            "is_ultra_restricted": false
        },
        "attachments": [
            {
                "image_url": "https:\/\/ichef.bbci.co.uk\/news\/1024\/branded_news\/10DBA\/production\/_130605096_1977_august_september_voyager1_1.jpg",
                "image_width": 1024,
                "image_height": 576,
                "image_bytes": 59898,
                "from_url": "https:\/\/www.bbc.co.uk\/news\/world-66371569",
                "service_icon": "https:\/\/www.bbc.co.uk\/favicon.ico",
                "id": 1,
                "original_url": "https:\/\/www.bbc.co.uk\/news\/world-66371569",
                "fallback": "BBC News: Voyager 2: Nasa loses contact with record-breaking probe after sending wrong command",
                "text": "A signal sent in error left Voyager 2's antenna tilting the wrong way, severing contact with Earth.",
                "title": "Voyager 2: Nasa loses contact with record-breaking probe after sending wrong command",
                "title_link": "https:\/\/www.bbc.co.uk\/news\/world-66371569",
                "service_name": "BBC News"
            }
        ],
        "reactions": [
            {
                "name": "astonished",
                "users": [
                    "UD7FEGEF8",
                    "U01JHGNLXTP"
                ],
                "count": 2
            }
        ]
    },
    {
        "client_msg_id": "aa48f7b6-4e1a-4d67-adc3-c1e4ef89488e",
        "type": "message",
        "text": "typos?",
        "user": "UD7FEGEF8",
        "ts": "1690900770.366119",
        "blocks": [
            {
                "type": "rich_text",
                "block_id": "IJ9",
                "elements": [
                    {
                        "type": "rich_text_section",
                        "elements": [
                            {
                                "type": "text",
                                "text": "typos?"
                            }
                        ]
                    }
                ]
            }
        ],
        "team": "T03FVM0K8",
        "user_team": "T03FVM0K8",
        "source_team": "T03FVM0K8",
        "user_profile": {
            "avatar_hash": "g083a5c40ff6",
            "image_72": "https:\/\/secure.gravatar.com\/avatar\/5083a5c40ff6db7ba5ab35355b7b2066.jpg?s=72&d=https%3A%2F%2Fa.slack-edge.com%2Fdf10d%2Fimg%2Favatars%2Fava_0023-72.png",
            "first_name": "",
            "real_name": "Reham Abdelraheem",
            "display_name": "",
            "team": "T03FVM0K8",
            "name": "rehama",
            "is_restricted": false,
            "is_ultra_restricted": false
        },
        "thread_ts": "1690888457.390439",
        "parent_user_id": "U03FVM0KA"
    },
    {
        "client_msg_id": "4f4479cd-9e59-4535-9fa1-b04007df0b5a",
        "type": "message",
        "text": "<https:\/\/www.onelogin.com\/learn\/saml#:~:text=SAML%20is%20an%20acronym%20used,one%20set%20of%20login%20credentials>.",
        "user": "U03FWCWLL",
        "ts": "1690918660.114099",
        "blocks": [
            {
                "type": "rich_text",
                "block_id": "j33lY",
                "elements": [
                    {
                        "type": "rich_text_section",
                        "elements": [
                            {
                                "type": "link",
                                "url": "https:\/\/www.onelogin.com\/learn\/saml#:~:text=SAML%20is%20an%20acronym%20used,one%20set%20of%20login%20credentials"
                            },
                            {
                                "type": "text",
                                "text": "."
                            }
                        ]
                    }
                ]
            }
        ],
        "team": "T03FVM0K8",
        "user_team": "T03FVM0K8",
        "source_team": "T03FVM0K8",
        "user_profile": {
            "avatar_hash": "ab9a763ac584",
            "image_72": "https:\/\/avatars.slack-edge.com\/2019-06-06\/645293626450_ab9a763ac58462796ac7_72.jpg",
            "first_name": "Sherif",
            "real_name": "Sherif",
            "display_name": "sherifr",
            "team": "T03FVM0K8",
            "name": "sherifr",
            "is_restricted": false,
            "is_ultra_restricted": false
        },
        "attachments": [
            {
                "image_url": "https:\/\/www.onelogin.com\/images\/og\/OneLogin_159085.jpg",
                "image_width": 1280,
                "image_height": 720,
                "image_bytes": 106700,
                "from_url": "https:\/\/www.onelogin.com\/learn\/saml#:~:text=SAML%20is%20an%20acronym%20used,one%20set%20of%20login%20credentials",
                "service_icon": "https:\/\/www.onelogin.com\/favicon.ico",
                "id": 1,
                "original_url": "https:\/\/www.onelogin.com\/learn\/saml#:~:text=SAML%20is%20an%20acronym%20used,one%20set%20of%20login%20credentials",
                "fallback": "SAML Explained in Plain English | OneLogin",
                "text": "Learn what SAML is, how it works, and how it can benefit your company.",
                "title": "SAML Explained in Plain English | OneLogin",
                "title_link": "https:\/\/www.onelogin.com\/learn\/saml#:~:text=SAML%20is%20an%20acronym%20used,one%20set%20of%20login%20credentials",
                "service_name": "onelogin.com"
            }
        ]
    }
]