[
    {
        "bot_id": "B01U774L6SJ",
        "type": "message",
        "text": "",
        "user": "U01UE6SLDMH",
        "ts": "1692795757.020819",
        "app_id": "A01BP7R4KNY",
        "team": "T03FVM0K8",
        "bot_profile": {
            "id": "B01U774L6SJ",
            "app_id": "A01BP7R4KNY",
            "name": "GitHub",
            "icons": {
                "image_36": "https:\/\/avatars.slack-edge.com\/2020-11-25\/1527503386626_319578f21381f9641cd8_36.png",
                "image_48": "https:\/\/avatars.slack-edge.com\/2020-11-25\/1527503386626_319578f21381f9641cd8_48.png",
                "image_72": "https:\/\/avatars.slack-edge.com\/2020-11-25\/1527503386626_319578f21381f9641cd8_72.png"
            },
            "deleted": false,
            "updated": 1618484049,
            "team_id": "T03FVM0K8"
        },
        "attachments": [
            {
                "id": 1,
                "footer_icon": "https:\/\/slack.github.com\/static\/img\/favicon-neutral.png",
                "color": "24292f",
                "fallback": "[silverkeytech\/taly-bill-pay] 1 new commit pushed to _main_ by Bassem-Adel-Eg",
                "text": "`<https:\/\/github.com\/silverkeytech\/taly-bill-pay\/commit\/b66e2d2ccb40063ec27b22ed649e5c79aeebc49c|b66e2d2c>` - Update TransactionController.cs",
                "pretext": "<https:\/\/github.com\/silverkeytech\/taly-bill-pay\/compare\/7dfef6e38d0e...b66e2d2ccb40|1 new commit> pushed to `<https:\/\/github.com\/silverkeytech\/taly-bill-pay\/tree\/main|main>` by <https:\/\/github.com\/Bassem-Adel-Eg|Bassem-Adel-Eg>",
                "footer": "<https:\/\/github.com\/silverkeytech\/taly-bill-pay|silverkeytech\/taly-bill-pay>",
                "mrkdwn_in": [
                    "text"
                ]
            }
        ]
    }
]