[
    {
        "bot_id": "B01U774L6SJ",
        "type": "message",
        "text": "",
        "user": "U01UE6SLDMH",
        "ts": "1691312155.011289",
        "app_id": "A01BP7R4KNY",
        "team": "T03FVM0K8",
        "bot_profile": {
            "id": "B01U774L6SJ",
            "app_id": "A01BP7R4KNY",
            "name": "GitHub",
            "icons": {
                "image_36": "https:\/\/avatars.slack-edge.com\/2020-11-25\/1527503386626_319578f21381f9641cd8_36.png",
                "image_48": "https:\/\/avatars.slack-edge.com\/2020-11-25\/1527503386626_319578f21381f9641cd8_48.png",
                "image_72": "https:\/\/avatars.slack-edge.com\/2020-11-25\/1527503386626_319578f21381f9641cd8_72.png"
            },
            "deleted": false,
            "updated": 1618484049,
            "team_id": "T03FVM0K8"
        },
        "attachments": [
            {
                "id": 1,
                "footer_icon": "https:\/\/slack.github.com\/static\/img\/favicon-neutral.png",
                "color": "24292f",
                "fallback": "[silverkeytech\/taly-bill-pay] 1 new commit pushed to _main_ by Bassem-Adel-Eg",
                "text": "`<https:\/\/github.com\/silverkeytech\/taly-bill-pay\/commit\/7dfef6e38d0ee9d605602a6d4854972d6aa31677|7dfef6e3>` - minor fix",
                "pretext": "<https:\/\/github.com\/silverkeytech\/taly-bill-pay\/compare\/3a66e8365fc7...7dfef6e38d0e|1 new commit> pushed to `<https:\/\/github.com\/silverkeytech\/taly-bill-pay\/tree\/main|main>` by <https:\/\/github.com\/Bassem-Adel-Eg|Bassem-Adel-Eg>",
                "footer": "<https:\/\/github.com\/silverkeytech\/taly-bill-pay|silverkeytech\/taly-bill-pay>",
                "mrkdwn_in": [
                    "text"
                ]
            }
        ]
    },
    {
        "bot_id": "B01U774L6SJ",
        "type": "message",
        "text": "",
        "user": "U01UE6SLDMH",
        "ts": "1691359601.407529",
        "app_id": "A01BP7R4KNY",
        "team": "T03FVM0K8",
        "bot_profile": {
            "id": "B01U774L6SJ",
            "app_id": "A01BP7R4KNY",
            "name": "GitHub",
            "icons": {
                "image_36": "https:\/\/avatars.slack-edge.com\/2020-11-25\/1527503386626_319578f21381f9641cd8_36.png",
                "image_48": "https:\/\/avatars.slack-edge.com\/2020-11-25\/1527503386626_319578f21381f9641cd8_48.png",
                "image_72": "https:\/\/avatars.slack-edge.com\/2020-11-25\/1527503386626_319578f21381f9641cd8_72.png"
            },
            "deleted": false,
            "updated": 1618484049,
            "team_id": "T03FVM0K8"
        },
        "edited": {
            "user": "B01U774L6SJ",
            "ts": "1691359612.000000"
        },
        "attachments": [
            {
                "id": 1,
                "footer_icon": "https:\/\/slack.github.com\/static\/img\/favicon-neutral.png",
                "ts": 1691359599,
                "color": "36a64f",
                "fallback": "[silverkeytech\/taly-bill-pay] Issue opened by amrzakii2000",
                "pretext": "Issue created by <https:\/\/github.com\/amrzakii2000|amrzakii2000>",
                "title": "<https:\/\/github.com\/silverkeytech\/taly-bill-pay\/issues\/1698|#1698 Add health check endpoint for both web and api>",
                "callback_id": "issue-opened-interaction",
                "footer": "<https:\/\/github.com\/silverkeytech\/taly-bill-pay|silverkeytech\/taly-bill-pay>",
                "fields": [
                    {
                        "value": "enhancement",
                        "title": "Labels",
                        "short": true
                    }
                ],
                "mrkdwn_in": [
                    "text"
                ],
                "actions": [
                    {
                        "id": "1",
                        "name": "comment",
                        "text": "Comment",
                        "type": "button",
                        "value": "{&amp;amp;quot;selectedOrg&amp;amp;quot;:&amp;amp;quot;silverkeytech&amp;amp;quot;,&amp;amp;quot;selectedOrgId&amp;amp;quot;:109834,&amp;amp;quot;selectedRepo&amp;amp;quot;:&amp;amp;quot;taly-bill-pay&amp;amp;quot;,&amp;amp;quot;selectedRepoId&amp;amp;quot;:455398084,&amp;amp;quot;issueNumber&amp;amp;quot;:1698,&amp;amp;quot;issueHtmlUrl&amp;amp;quot;:&amp;amp;quot;https:\/\/github.com\/silverkeytech\/taly-bill-pay\/issues\/1698&amp;amp;quot;,&amp;amp;quot;issueTitle&amp;amp;quot;:&amp;amp;quot;Add health check endpoint for both web and api&amp;amp;quot;}",
                        "style": ""
                    },
                    {
                        "id": "2",
                        "name": "edit",
                        "text": "Edit",
                        "type": "button",
                        "value": "{&amp;amp;quot;selectedOrg&amp;amp;quot;:&amp;amp;quot;silverkeytech&amp;amp;quot;,&amp;amp;quot;selectedOrgId&amp;amp;quot;:109834,&amp;amp;quot;selectedRepo&amp;amp;quot;:&amp;amp;quot;taly-bill-pay&amp;amp;quot;,&amp;amp;quot;selectedRepoId&amp;amp;quot;:455398084,&amp;amp;quot;issueNumber&amp;amp;quot;:1698,&amp;amp;quot;issueHtmlUrl&amp;amp;quot;:&amp;amp;quot;https:\/\/github.com\/silverkeytech\/taly-bill-pay\/issues\/1698&amp;amp;quot;,&amp;amp;quot;issueTitle&amp;amp;quot;:&amp;amp;quot;Add health check endpoint for both web and api&amp;amp;quot;}",
                        "style": ""
                    },
                    {
                        "id": "3",
                        "name": "close",
                        "text": "Close",
                        "type": "button",
                        "value": "{&amp;amp;quot;selectedOrg&amp;amp;quot;:&amp;amp;quot;silverkeytech&amp;amp;quot;,&amp;amp;quot;selectedOrgId&amp;amp;quot;:109834,&amp;amp;quot;selectedRepo&amp;amp;quot;:&amp;amp;quot;taly-bill-pay&amp;amp;quot;,&amp;amp;quot;selectedRepoId&amp;amp;quot;:455398084,&amp;amp;quot;issueNumber&amp;amp;quot;:1698,&amp;amp;quot;issueHtmlUrl&amp;amp;quot;:&amp;amp;quot;https:\/\/github.com\/silverkeytech\/taly-bill-pay\/issues\/1698&amp;amp;quot;,&amp;amp;quot;issueTitle&amp;amp;quot;:&amp;amp;quot;Add health check endpoint for both web and api&amp;amp;quot;}",
                        "style": "danger"
                    }
                ]
            }
        ]
    },
    {
        "bot_id": "B01U774L6SJ",
        "type": "message",
        "text": "",
        "user": "U01UE6SLDMH",
        "ts": "1691359644.402789",
        "app_id": "A01BP7R4KNY",
        "team": "T03FVM0K8",
        "bot_profile": {
            "id": "B01U774L6SJ",
            "app_id": "A01BP7R4KNY",
            "name": "GitHub",
            "icons": {
                "image_36": "https:\/\/avatars.slack-edge.com\/2020-11-25\/1527503386626_319578f21381f9641cd8_36.png",
                "image_48": "https:\/\/avatars.slack-edge.com\/2020-11-25\/1527503386626_319578f21381f9641cd8_48.png",
                "image_72": "https:\/\/avatars.slack-edge.com\/2020-11-25\/1527503386626_319578f21381f9641cd8_72.png"
            },
            "deleted": false,
            "updated": 1618484049,
            "team_id": "T03FVM0K8"
        },
        "attachments": [
            {
                "id": 1,
                "footer_icon": "https:\/\/slack.github.com\/static\/img\/favicon-neutral.png",
                "ts": 1691359643,
                "color": "36a64f",
                "fallback": "[silverkeytech\/taly-bill-pay] Issue opened by amrzakii2000",
                "pretext": "Issue created by <https:\/\/github.com\/amrzakii2000|amrzakii2000>",
                "title": "<https:\/\/github.com\/silverkeytech\/taly-bill-pay\/issues\/1699|#1699 Add keycloak security for API>",
                "callback_id": "issue-opened-interaction",
                "footer": "<https:\/\/github.com\/silverkeytech\/taly-bill-pay|silverkeytech\/taly-bill-pay>",
                "fields": [
                    {
                        "value": "enhancement",
                        "title": "Labels",
                        "short": true
                    }
                ],
                "mrkdwn_in": [
                    "text"
                ],
                "actions": [
                    {
                        "id": "1",
                        "name": "comment",
                        "text": "Comment",
                        "type": "button",
                        "value": "{&amp;amp;quot;selectedOrg&amp;amp;quot;:&amp;amp;quot;silverkeytech&amp;amp;quot;,&amp;amp;quot;selectedOrgId&amp;amp;quot;:109834,&amp;amp;quot;selectedRepo&amp;amp;quot;:&amp;amp;quot;taly-bill-pay&amp;amp;quot;,&amp;amp;quot;selectedRepoId&amp;amp;quot;:455398084,&amp;amp;quot;issueNumber&amp;amp;quot;:1699,&amp;amp;quot;issueHtmlUrl&amp;amp;quot;:&amp;amp;quot;https:\/\/github.com\/silverkeytech\/taly-bill-pay\/issues\/1699&amp;amp;quot;,&amp;amp;quot;issueTitle&amp;amp;quot;:&amp;amp;quot;Add keycloak security for API&amp;amp;quot;}",
                        "style": ""
                    },
                    {
                        "id": "2",
                        "name": "edit",
                        "text": "Edit",
                        "type": "button",
                        "value": "{&amp;amp;quot;selectedOrg&amp;amp;quot;:&amp;amp;quot;silverkeytech&amp;amp;quot;,&amp;amp;quot;selectedOrgId&amp;amp;quot;:109834,&amp;amp;quot;selectedRepo&amp;amp;quot;:&amp;amp;quot;taly-bill-pay&amp;amp;quot;,&amp;amp;quot;selectedRepoId&amp;amp;quot;:455398084,&amp;amp;quot;issueNumber&amp;amp;quot;:1699,&amp;amp;quot;issueHtmlUrl&amp;amp;quot;:&amp;amp;quot;https:\/\/github.com\/silverkeytech\/taly-bill-pay\/issues\/1699&amp;amp;quot;,&amp;amp;quot;issueTitle&amp;amp;quot;:&amp;amp;quot;Add keycloak security for API&amp;amp;quot;}",
                        "style": ""
                    },
                    {
                        "id": "3",
                        "name": "close",
                        "text": "Close",
                        "type": "button",
                        "value": "{&amp;amp;quot;selectedOrg&amp;amp;quot;:&amp;amp;quot;silverkeytech&amp;amp;quot;,&amp;amp;quot;selectedOrgId&amp;amp;quot;:109834,&amp;amp;quot;selectedRepo&amp;amp;quot;:&amp;amp;quot;taly-bill-pay&amp;amp;quot;,&amp;amp;quot;selectedRepoId&amp;amp;quot;:455398084,&amp;amp;quot;issueNumber&amp;amp;quot;:1699,&amp;amp;quot;issueHtmlUrl&amp;amp;quot;:&amp;amp;quot;https:\/\/github.com\/silverkeytech\/taly-bill-pay\/issues\/1699&amp;amp;quot;,&amp;amp;quot;issueTitle&amp;amp;quot;:&amp;amp;quot;Add keycloak security for API&amp;amp;quot;}",
                        "style": "danger"
                    }
                ]
            }
        ]
    }
]