[
    {
        "client_msg_id": "1d6ddeff-145c-47a0-8be1-ced197ebdabb",
        "type": "message",
        "text": "What about now? <@U01V3U7T0JC>",
        "user": "UA6R38XA8",
        "ts": "1690704253.568079",
        "blocks": [
            {
                "type": "rich_text",
                "block_id": "vGz0",
                "elements": [
                    {
                        "type": "rich_text_section",
                        "elements": [
                            {
                                "type": "text",
                                "text": "What about now? "
                            },
                            {
                                "type": "user",
                                "user_id": "U01V3U7T0JC"
                            }
                        ]
                    }
                ]
            }
        ],
        "team": "T03FVM0K8",
        "user_team": "T03FVM0K8",
        "source_team": "T03FVM0K8",
        "user_profile": {
            "avatar_hash": "a3c1d7f64445",
            "image_72": "https:\/\/avatars.slack-edge.com\/2023-05-21\/5321281437360_a3c1d7f64445d4d77468_72.jpg",
            "first_name": "Abdallah",
            "real_name": "Abdallah Nasser",
            "display_name": "",
            "team": "T03FVM0K8",
            "name": "abdallahn",
            "is_restricted": false,
            "is_ultra_restricted": false
        },
        "thread_ts": "1690452755.346989",
        "parent_user_id": "UA6R38XA8"
    },
    {
        "client_msg_id": "3afd55bf-4a71-4e9b-935b-5b11735fbe57",
        "type": "message",
        "text": "هعمل لينك جديد وابعتهولك ادينى نص ساعة كده",
        "user": "U01V3U7T0JC",
        "ts": "1690719638.905489",
        "blocks": [
            {
                "type": "rich_text",
                "block_id": "UTLi",
                "elements": [
                    {
                        "type": "rich_text_section",
                        "elements": [
                            {
                                "type": "text",
                                "text": "هعمل لينك جديد وابعتهولك ادينى نص ساعة كده"
                            }
                        ]
                    }
                ]
            }
        ],
        "team": "T03FVM0K8",
        "user_team": "T03FVM0K8",
        "source_team": "T03FVM0K8",
        "user_profile": {
            "avatar_hash": "ae2b7a7a3b0e",
            "image_72": "https:\/\/avatars.slack-edge.com\/2021-05-11\/2053261994243_ae2b7a7a3b0ec3442151_72.jpg",
            "first_name": "Ahmed",
            "real_name": "Ahmed Elhelow",
            "display_name": "Ahmed Elhelow",
            "team": "T03FVM0K8",
            "name": "aelhelow",
            "is_restricted": false,
            "is_ultra_restricted": false
        },
        "thread_ts": "1690452755.346989",
        "parent_user_id": "UA6R38XA8"
    },
    {
        "client_msg_id": "7d0c7df5-47cf-47cf-9c08-433666ea734b",
        "type": "message",
        "text": "تمام",
        "user": "UA6R38XA8",
        "ts": "1690719753.505359",
        "blocks": [
            {
                "type": "rich_text",
                "block_id": "W9\/M",
                "elements": [
                    {
                        "type": "rich_text_section",
                        "elements": [
                            {
                                "type": "text",
                                "text": "تمام"
                            }
                        ]
                    }
                ]
            }
        ],
        "team": "T03FVM0K8",
        "user_team": "T03FVM0K8",
        "source_team": "T03FVM0K8",
        "user_profile": {
            "avatar_hash": "a3c1d7f64445",
            "image_72": "https:\/\/avatars.slack-edge.com\/2023-05-21\/5321281437360_a3c1d7f64445d4d77468_72.jpg",
            "first_name": "Abdallah",
            "real_name": "Abdallah Nasser",
            "display_name": "",
            "team": "T03FVM0K8",
            "name": "abdallahn",
            "is_restricted": false,
            "is_ultra_restricted": false
        },
        "thread_ts": "1690452755.346989",
        "parent_user_id": "UA6R38XA8"
    },
    {
        "client_msg_id": "aeac37f0-ca53-44e0-b6db-8bdb3b4bfc3b",
        "type": "message",
        "text": "<https:\/\/a06c-196-157-107-87.ngrok-free.app|https:\/\/a06c-196-157-107-87.ngrok-free.app>",
        "user": "U01V3U7T0JC",
        "ts": "1690721315.877159",
        "blocks": [
            {
                "type": "rich_text",
                "block_id": "V=a+",
                "elements": [
                    {
                        "type": "rich_text_section",
                        "elements": [
                            {
                                "type": "link",
                                "url": "https:\/\/a06c-196-157-107-87.ngrok-free.app",
                                "text": "https:\/\/a06c-196-157-107-87.ngrok-free.app"
                            }
                        ]
                    }
                ]
            }
        ],
        "team": "T03FVM0K8",
        "user_team": "T03FVM0K8",
        "source_team": "T03FVM0K8",
        "user_profile": {
            "avatar_hash": "ae2b7a7a3b0e",
            "image_72": "https:\/\/avatars.slack-edge.com\/2021-05-11\/2053261994243_ae2b7a7a3b0ec3442151_72.jpg",
            "first_name": "Ahmed",
            "real_name": "Ahmed Elhelow",
            "display_name": "Ahmed Elhelow",
            "team": "T03FVM0K8",
            "name": "aelhelow",
            "is_restricted": false,
            "is_ultra_restricted": false
        },
        "thread_ts": "1690452755.346989",
        "parent_user_id": "UA6R38XA8"
    },
    {
        "client_msg_id": "1557237c-1d5e-4139-9372-5034df51bc54",
        "type": "message",
        "text": "تمام",
        "user": "UA6R38XA8",
        "ts": "1690721818.316749",
        "blocks": [
            {
                "type": "rich_text",
                "block_id": "Hmf\/",
                "elements": [
                    {
                        "type": "rich_text_section",
                        "elements": [
                            {
                                "type": "text",
                                "text": "تمام"
                            }
                        ]
                    }
                ]
            }
        ],
        "team": "T03FVM0K8",
        "user_team": "T03FVM0K8",
        "source_team": "T03FVM0K8",
        "user_profile": {
            "avatar_hash": "a3c1d7f64445",
            "image_72": "https:\/\/avatars.slack-edge.com\/2023-05-21\/5321281437360_a3c1d7f64445d4d77468_72.jpg",
            "first_name": "Abdallah",
            "real_name": "Abdallah Nasser",
            "display_name": "",
            "team": "T03FVM0K8",
            "name": "abdallahn",
            "is_restricted": false,
            "is_ultra_restricted": false
        },
        "thread_ts": "1690452755.346989",
        "parent_user_id": "UA6R38XA8"
    },
    {
        "client_msg_id": "d9b0a6ba-6e67-4568-86f0-59fb7700b653",
        "type": "message",
        "text": "شكرا",
        "user": "UA6R38XA8",
        "ts": "1690721821.719869",
        "blocks": [
            {
                "type": "rich_text",
                "block_id": "Dyn",
                "elements": [
                    {
                        "type": "rich_text_section",
                        "elements": [
                            {
                                "type": "text",
                                "text": "شكرا"
                            }
                        ]
                    }
                ]
            }
        ],
        "team": "T03FVM0K8",
        "user_team": "T03FVM0K8",
        "source_team": "T03FVM0K8",
        "user_profile": {
            "avatar_hash": "a3c1d7f64445",
            "image_72": "https:\/\/avatars.slack-edge.com\/2023-05-21\/5321281437360_a3c1d7f64445d4d77468_72.jpg",
            "first_name": "Abdallah",
            "real_name": "Abdallah Nasser",
            "display_name": "",
            "team": "T03FVM0K8",
            "name": "abdallahn",
            "is_restricted": false,
            "is_ultra_restricted": false
        },
        "thread_ts": "1690452755.346989",
        "parent_user_id": "UA6R38XA8"
    }
]