[
    {
        "type": "message",
        "text": "",
        "files": [
            {
                "id": "F05NAJBRLS3",
                "created": 1692625691,
                "timestamp": 1692625691,
                "name": "IMG-20230821-WA0002.jpg",
                "title": "IMG-20230821-WA0002.jpg",
                "mimetype": "image\/jpeg",
                "filetype": "jpg",
                "pretty_type": "JPEG",
                "user": "UA6R38XA8",
                "user_team": "T03FVM0K8",
                "editable": false,
                "size": 63250,
                "mode": "hosted",
                "is_external": false,
                "external_type": "",
                "is_public": true,
                "public_url_shared": false,
                "display_as_bot": false,
                "username": "",
                "url_private": "https:\/\/files.slack.com\/files-pri\/T03FVM0K8-F05NAJBRLS3\/img-20230821-wa0002.jpg?t=xoxe-3539714654-5811278554788-5832538929008-03dc07771412e207820c9f7ae6fe1988",
                "url_private_download": "https:\/\/files.slack.com\/files-pri\/T03FVM0K8-F05NAJBRLS3\/download\/img-20230821-wa0002.jpg?t=xoxe-3539714654-5811278554788-5832538929008-03dc07771412e207820c9f7ae6fe1988",
                "media_display_type": "unknown",
                "thumb_64": "https:\/\/files.slack.com\/files-tmb\/T03FVM0K8-F05NAJBRLS3-0d634dd015\/img-20230821-wa0002_64.jpg?t=xoxe-3539714654-5811278554788-5832538929008-03dc07771412e207820c9f7ae6fe1988",
                "thumb_80": "https:\/\/files.slack.com\/files-tmb\/T03FVM0K8-F05NAJBRLS3-0d634dd015\/img-20230821-wa0002_80.jpg?t=xoxe-3539714654-5811278554788-5832538929008-03dc07771412e207820c9f7ae6fe1988",
                "thumb_360": "https:\/\/files.slack.com\/files-tmb\/T03FVM0K8-F05NAJBRLS3-0d634dd015\/img-20230821-wa0002_360.jpg?t=xoxe-3539714654-5811278554788-5832538929008-03dc07771412e207820c9f7ae6fe1988",
                "thumb_360_w": 342,
                "thumb_360_h": 360,
                "thumb_480": "https:\/\/files.slack.com\/files-tmb\/T03FVM0K8-F05NAJBRLS3-0d634dd015\/img-20230821-wa0002_480.jpg?t=xoxe-3539714654-5811278554788-5832538929008-03dc07771412e207820c9f7ae6fe1988",
                "thumb_480_w": 456,
                "thumb_480_h": 480,
                "thumb_160": "https:\/\/files.slack.com\/files-tmb\/T03FVM0K8-F05NAJBRLS3-0d634dd015\/img-20230821-wa0002_160.jpg?t=xoxe-3539714654-5811278554788-5832538929008-03dc07771412e207820c9f7ae6fe1988",
                "thumb_720": "https:\/\/files.slack.com\/files-tmb\/T03FVM0K8-F05NAJBRLS3-0d634dd015\/img-20230821-wa0002_720.jpg?t=xoxe-3539714654-5811278554788-5832538929008-03dc07771412e207820c9f7ae6fe1988",
                "thumb_720_w": 684,
                "thumb_720_h": 720,
                "thumb_800": "https:\/\/files.slack.com\/files-tmb\/T03FVM0K8-F05NAJBRLS3-0d634dd015\/img-20230821-wa0002_800.jpg?t=xoxe-3539714654-5811278554788-5832538929008-03dc07771412e207820c9f7ae6fe1988",
                "thumb_800_w": 760,
                "thumb_800_h": 800,
                "original_w": 765,
                "original_h": 805,
                "thumb_tiny": "AwAwAC3TJxSbhSNSHtQA7cKNwppo7UAO3Cobn+H8akHWo7n+H8aAJX6Uh7UrUlAAaO1Bo7UAA61Hc\/w\/jUg61Hc\/w\/jQBK\/Sk7ClakoADR2oNHagAHWo7n+H8akHWo7n+H8aAP\/Z",
                "permalink": "https:\/\/silverkey.slack.com\/files\/UA6R38XA8\/F05NAJBRLS3\/img-20230821-wa0002.jpg",
                "permalink_public": "https:\/\/slack-files.com\/T03FVM0K8-F05NAJBRLS3-dd9ceb91ee",
                "is_starred": false,
                "has_rich_preview": false,
                "file_access": "visible"
            }
        ],
        "upload": false,
        "user": "UA6R38XA8",
        "display_as_bot": false,
        "ts": "1692625698.415389",
        "blocks": [
            {
                "type": "rich_text",
                "block_id": "LG+d",
                "elements": [
                    {
                        "type": "rich_text_section",
                        "elements": []
                    }
                ]
            }
        ],
        "client_msg_id": "6840dd65-22fe-475e-9f45-99ad38be046d"
    },
    {
        "client_msg_id": "33c33f35-d777-4724-87cc-7839b44ae1a1",
        "type": "message",
        "text": "<@U01V3U7T0JC> please let me know when you know the problem of that",
        "user": "UA6R38XA8",
        "ts": "1692625699.736089",
        "blocks": [
            {
                "type": "rich_text",
                "block_id": "i3c",
                "elements": [
                    {
                        "type": "rich_text_section",
                        "elements": [
                            {
                                "type": "user",
                                "user_id": "U01V3U7T0JC"
                            },
                            {
                                "type": "text",
                                "text": " please let me know when you know the problem of that"
                            }
                        ]
                    }
                ]
            }
        ],
        "team": "T03FVM0K8",
        "user_team": "T03FVM0K8",
        "source_team": "T03FVM0K8",
        "user_profile": {
            "avatar_hash": "a3c1d7f64445",
            "image_72": "https:\/\/avatars.slack-edge.com\/2023-05-21\/5321281437360_a3c1d7f64445d4d77468_72.jpg",
            "first_name": "Abdallah",
            "real_name": "Abdallah Nasser",
            "display_name": "",
            "team": "T03FVM0K8",
            "name": "abdallahn",
            "is_restricted": false,
            "is_ultra_restricted": false
        },
        "thread_ts": "1692625699.736089",
        "reply_count": 11,
        "reply_users_count": 3,
        "latest_reply": "1692692388.976249",
        "reply_users": [
            "UA6R38XA8",
            "U01V3U7T0JC",
            "U03FVBQTR"
        ],
        "replies": [
            {
                "user": "UA6R38XA8",
                "ts": "1692625744.513669"
            },
            {
                "user": "UA6R38XA8",
                "ts": "1692625825.353689"
            },
            {
                "user": "U01V3U7T0JC",
                "ts": "1692628037.599229"
            },
            {
                "user": "U01V3U7T0JC",
                "ts": "1692628054.956149"
            },
            {
                "user": "U01V3U7T0JC",
                "ts": "1692628069.112419"
            },
            {
                "user": "U01V3U7T0JC",
                "ts": "1692628116.102869"
            },
            {
                "user": "UA6R38XA8",
                "ts": "1692629590.543499"
            },
            {
                "user": "UA6R38XA8",
                "ts": "1692630968.507139"
            },
            {
                "user": "U03FVBQTR",
                "ts": "1692688589.668529"
            },
            {
                "user": "U01V3U7T0JC",
                "ts": "1692691482.958949"
            },
            {
                "user": "U03FVBQTR",
                "ts": "1692692388.976249"
            }
        ],
        "is_locked": false,
        "subscribed": false
    },
    {
        "client_msg_id": "eb7c9696-a7ed-478b-8565-6a6401ca5dad",
        "type": "message",
        "text": "عمر محمد العوضى احمد بصار\nمحمد حسن حمدي محمد سويدان",
        "user": "UA6R38XA8",
        "ts": "1692625744.513669",
        "blocks": [
            {
                "type": "rich_text",
                "block_id": "ymG1C",
                "elements": [
                    {
                        "type": "rich_text_section",
                        "elements": [
                            {
                                "type": "text",
                                "text": "عمر محمد العوضى احمد بصار\nمحمد حسن حمدي محمد سويدان"
                            }
                        ]
                    }
                ]
            }
        ],
        "team": "T03FVM0K8",
        "user_team": "T03FVM0K8",
        "source_team": "T03FVM0K8",
        "user_profile": {
            "avatar_hash": "a3c1d7f64445",
            "image_72": "https:\/\/avatars.slack-edge.com\/2023-05-21\/5321281437360_a3c1d7f64445d4d77468_72.jpg",
            "first_name": "Abdallah",
            "real_name": "Abdallah Nasser",
            "display_name": "",
            "team": "T03FVM0K8",
            "name": "abdallahn",
            "is_restricted": false,
            "is_ultra_restricted": false
        },
        "thread_ts": "1692625699.736089",
        "parent_user_id": "UA6R38XA8"
    },
    {
        "client_msg_id": "56446044-bdee-489d-8038-7d3f6e1d3c07",
        "type": "message",
        "text": "We need this today please, We have meeting tomorrow.",
        "user": "UA6R38XA8",
        "ts": "1692625825.353689",
        "blocks": [
            {
                "type": "rich_text",
                "block_id": "NfW",
                "elements": [
                    {
                        "type": "rich_text_section",
                        "elements": [
                            {
                                "type": "text",
                                "text": "We need this today please, We have meeting tomorrow."
                            }
                        ]
                    }
                ]
            }
        ],
        "team": "T03FVM0K8",
        "user_team": "T03FVM0K8",
        "source_team": "T03FVM0K8",
        "user_profile": {
            "avatar_hash": "a3c1d7f64445",
            "image_72": "https:\/\/avatars.slack-edge.com\/2023-05-21\/5321281437360_a3c1d7f64445d4d77468_72.jpg",
            "first_name": "Abdallah",
            "real_name": "Abdallah Nasser",
            "display_name": "",
            "team": "T03FVM0K8",
            "name": "abdallahn",
            "is_restricted": false,
            "is_ultra_restricted": false
        },
        "thread_ts": "1692625699.736089",
        "parent_user_id": "UA6R38XA8"
    },
    {
        "type": "message",
        "text": "",
        "files": [
            {
                "id": "F05P3TQNAF3",
                "created": 1692626842,
                "timestamp": 1692626842,
                "name": "a1d661da503d4d008d54e3ee33e8beb9.csv",
                "title": "a1d661da503d4d008d54e3ee33e8beb9.csv",
                "mimetype": "text\/csv",
                "filetype": "csv",
                "pretty_type": "CSV",
                "user": "UGUP6SQUT",
                "user_team": "T03FVM0K8",
                "editable": true,
                "size": 344279,
                "mode": "snippet",
                "is_external": false,
                "external_type": "",
                "is_public": true,
                "public_url_shared": false,
                "display_as_bot": false,
                "username": "",
                "url_private": "https:\/\/files.slack.com\/files-pri\/T03FVM0K8-F05P3TQNAF3\/a1d661da503d4d008d54e3ee33e8beb9.csv?t=xoxe-3539714654-5811278554788-5832538929008-03dc07771412e207820c9f7ae6fe1988",
                "url_private_download": "https:\/\/files.slack.com\/files-pri\/T03FVM0K8-F05P3TQNAF3\/download\/a1d661da503d4d008d54e3ee33e8beb9.csv?t=xoxe-3539714654-5811278554788-5832538929008-03dc07771412e207820c9f7ae6fe1988",
                "permalink": "https:\/\/silverkey.slack.com\/files\/UGUP6SQUT\/F05P3TQNAF3\/a1d661da503d4d008d54e3ee33e8beb9.csv",
                "permalink_public": "https:\/\/slack-files.com\/T03FVM0K8-F05P3TQNAF3-014585413c",
                "edit_link": "https:\/\/silverkey.slack.com\/files\/UGUP6SQUT\/F05P3TQNAF3\/a1d661da503d4d008d54e3ee33e8beb9.csv\/edit",
                "is_starred": false,
                "has_rich_preview": false,
                "file_access": "visible"
            },
            {
                "id": "F05NNBLLPK7",
                "created": 1692626848,
                "timestamp": 1692626848,
                "name": "2c12717136f242ad9263148a4b5477fc.csv",
                "title": "2c12717136f242ad9263148a4b5477fc.csv",
                "mimetype": "text\/csv",
                "filetype": "csv",
                "pretty_type": "CSV",
                "user": "UGUP6SQUT",
                "user_team": "T03FVM0K8",
                "editable": true,
                "size": 377690,
                "mode": "snippet",
                "is_external": false,
                "external_type": "",
                "is_public": true,
                "public_url_shared": false,
                "display_as_bot": false,
                "username": "",
                "url_private": "https:\/\/files.slack.com\/files-pri\/T03FVM0K8-F05NNBLLPK7\/2c12717136f242ad9263148a4b5477fc.csv?t=xoxe-3539714654-5811278554788-5832538929008-03dc07771412e207820c9f7ae6fe1988",
                "url_private_download": "https:\/\/files.slack.com\/files-pri\/T03FVM0K8-F05NNBLLPK7\/download\/2c12717136f242ad9263148a4b5477fc.csv?t=xoxe-3539714654-5811278554788-5832538929008-03dc07771412e207820c9f7ae6fe1988",
                "permalink": "https:\/\/silverkey.slack.com\/files\/UGUP6SQUT\/F05NNBLLPK7\/2c12717136f242ad9263148a4b5477fc.csv",
                "permalink_public": "https:\/\/slack-files.com\/T03FVM0K8-F05NNBLLPK7-ad11fa1404",
                "edit_link": "https:\/\/silverkey.slack.com\/files\/UGUP6SQUT\/F05NNBLLPK7\/2c12717136f242ad9263148a4b5477fc.csv\/edit",
                "is_starred": false,
                "has_rich_preview": false,
                "file_access": "visible"
            }
        ],
        "upload": false,
        "user": "UGUP6SQUT",
        "ts": "1692626855.876869",
        "client_msg_id": "b355a90b-2bcd-4562-91b2-8a58f4120a1a",
        "thread_ts": "1692626855.876869",
        "reply_count": 2,
        "reply_users_count": 2,
        "latest_reply": "1692627012.127769",
        "reply_users": [
            "UA6R38XA8",
            "U01V3U7T0JC"
        ],
        "replies": [
            {
                "user": "UA6R38XA8",
                "ts": "1692626958.489469"
            },
            {
                "user": "U01V3U7T0JC",
                "ts": "1692627012.127769"
            }
        ],
        "is_locked": false,
        "subscribed": false
    },
    {
        "client_msg_id": "7e6217f1-33ba-4edd-89ef-d7f3976f1c60",
        "type": "message",
        "text": "<@U01V3U7T0JC>",
        "user": "UA6R38XA8",
        "ts": "1692626958.489469",
        "blocks": [
            {
                "type": "rich_text",
                "block_id": "omSyr",
                "elements": [
                    {
                        "type": "rich_text_section",
                        "elements": [
                            {
                                "type": "user",
                                "user_id": "U01V3U7T0JC"
                            }
                        ]
                    }
                ]
            }
        ],
        "team": "T03FVM0K8",
        "user_team": "T03FVM0K8",
        "source_team": "T03FVM0K8",
        "user_profile": {
            "avatar_hash": "a3c1d7f64445",
            "image_72": "https:\/\/avatars.slack-edge.com\/2023-05-21\/5321281437360_a3c1d7f64445d4d77468_72.jpg",
            "first_name": "Abdallah",
            "real_name": "Abdallah Nasser",
            "display_name": "",
            "team": "T03FVM0K8",
            "name": "abdallahn",
            "is_restricted": false,
            "is_ultra_restricted": false
        },
        "thread_ts": "1692626855.876869",
        "parent_user_id": "UGUP6SQUT"
    },
    {
        "client_msg_id": "d86e0eed-197c-44f5-b4c2-9de4e2de0952",
        "type": "message",
        "text": "تمام يا كبير",
        "user": "U01V3U7T0JC",
        "ts": "1692627012.127769",
        "blocks": [
            {
                "type": "rich_text",
                "block_id": "f8RF",
                "elements": [
                    {
                        "type": "rich_text_section",
                        "elements": [
                            {
                                "type": "text",
                                "text": "تمام يا كبير"
                            }
                        ]
                    }
                ]
            }
        ],
        "team": "T03FVM0K8",
        "user_team": "T03FVM0K8",
        "source_team": "T03FVM0K8",
        "user_profile": {
            "avatar_hash": "ae2b7a7a3b0e",
            "image_72": "https:\/\/avatars.slack-edge.com\/2021-05-11\/2053261994243_ae2b7a7a3b0ec3442151_72.jpg",
            "first_name": "Ahmed",
            "real_name": "Ahmed Elhelow",
            "display_name": "Ahmed Elhelow",
            "team": "T03FVM0K8",
            "name": "aelhelow",
            "is_restricted": false,
            "is_ultra_restricted": false
        },
        "thread_ts": "1692626855.876869",
        "parent_user_id": "UGUP6SQUT"
    },
    {
        "client_msg_id": "1ba508a0-26a3-4f83-9828-5e1f7a0a6f41",
        "type": "message",
        "text": "عرفت المشكلة من logging file\nالاسماء طلعت كده الاتنين\nعمد حسن حمدي محمد علي سويدان\nعمر محمد العو د ضي احمد بصار\nبدل\nمحمد حسن حمدي محمد سويدان\nعمر محمد العوضى احمد بصار",
        "user": "U01V3U7T0JC",
        "ts": "1692628037.599229",
        "blocks": [
            {
                "type": "rich_text",
                "block_id": "qxUE",
                "elements": [
                    {
                        "type": "rich_text_section",
                        "elements": [
                            {
                                "type": "text",
                                "text": "عرفت المشكلة من logging file\nالاسماء طلعت كده الاتنين\nعمد حسن حمدي محمد علي سويدان\nعمر محمد العو د ضي احمد بصار\nبدل\nمحمد حسن حمدي محمد سويدان\nعمر محمد العوضى احمد بصار"
                            }
                        ]
                    }
                ]
            }
        ],
        "team": "T03FVM0K8",
        "user_team": "T03FVM0K8",
        "source_team": "T03FVM0K8",
        "user_profile": {
            "avatar_hash": "ae2b7a7a3b0e",
            "image_72": "https:\/\/avatars.slack-edge.com\/2021-05-11\/2053261994243_ae2b7a7a3b0ec3442151_72.jpg",
            "first_name": "Ahmed",
            "real_name": "Ahmed Elhelow",
            "display_name": "Ahmed Elhelow",
            "team": "T03FVM0K8",
            "name": "aelhelow",
            "is_restricted": false,
            "is_ultra_restricted": false
        },
        "thread_ts": "1692625699.736089",
        "parent_user_id": "UA6R38XA8"
    },
    {
        "client_msg_id": "146f27b9-00d4-4012-acd9-2c60388c22c9",
        "type": "message",
        "text": "ال ocr بتاع الاسماء احنا بنستعمل واحد جاهز وانا مقدرش احصره واصلح فى الاسماء زى ما بعمل فى المحاكم\nفى المحاكم مثلا لو جابلى كلمة الاسماعيلية ناقصة حرف بصلحه ب autocorrect algorithm لكن الاسماء ملهاش شكل ثابت وفى اسماء كتير غير معتادة\nفالحل اننا نعمل زى closest match algorithm يجيبلك اقرب اسم من اللى انت بتدور عليه لو ملقهوش بالضبط\nوتتأكد من انه نفس الشخص من الرقم بتاع الاقدمية مثلا لأنه غير متكرر",
        "user": "U01V3U7T0JC",
        "ts": "1692628054.956149",
        "blocks": [
            {
                "type": "rich_text",
                "block_id": "EFR",
                "elements": [
                    {
                        "type": "rich_text_section",
                        "elements": [
                            {
                                "type": "text",
                                "text": "ال ocr بتاع الاسماء احنا بنستعمل واحد جاهز وانا مقدرش احصره واصلح فى الاسماء زى ما بعمل فى المحاكم\nفى المحاكم مثلا لو جابلى كلمة الاسماعيلية ناقصة حرف بصلحه ب autocorrect algorithm لكن الاسماء ملهاش شكل ثابت وفى اسماء كتير غير معتادة\nفالحل اننا نعمل زى closest match algorithm يجيبلك اقرب اسم من اللى انت بتدور عليه لو ملقهوش بالضبط\nوتتأكد من انه نفس الشخص من الرقم بتاع الاقدمية مثلا لأنه غير متكرر"
                            }
                        ]
                    }
                ]
            }
        ],
        "team": "T03FVM0K8",
        "user_team": "T03FVM0K8",
        "source_team": "T03FVM0K8",
        "user_profile": {
            "avatar_hash": "ae2b7a7a3b0e",
            "image_72": "https:\/\/avatars.slack-edge.com\/2021-05-11\/2053261994243_ae2b7a7a3b0ec3442151_72.jpg",
            "first_name": "Ahmed",
            "real_name": "Ahmed Elhelow",
            "display_name": "Ahmed Elhelow",
            "team": "T03FVM0K8",
            "name": "aelhelow",
            "is_restricted": false,
            "is_ultra_restricted": false
        },
        "thread_ts": "1692625699.736089",
        "parent_user_id": "UA6R38XA8"
    },
    {
        "client_msg_id": "91ed8083-7c54-46cf-ade3-15afd1a9d532",
        "type": "message",
        "text": "وبرده ممكن\nاصلحهم hard coded يعنى لو لقى \"عمد \" يبدلها ب \"محمد \" ولو لقى \"العو د ضي\" يبدلها ب \"العوضي\"\nبس لو حد اسمه اصلا \"عمد \" حتى لو اسم العيلة هيغيرهاله هو كمان",
        "user": "U01V3U7T0JC",
        "ts": "1692628069.112419",
        "blocks": [
            {
                "type": "rich_text",
                "block_id": "ZNv8g",
                "elements": [
                    {
                        "type": "rich_text_section",
                        "elements": [
                            {
                                "type": "text",
                                "text": "وبرده ممكن\nاصلحهم hard coded يعنى لو لقى \"عمد \" يبدلها ب \"محمد \" ولو لقى \"العو د ضي\" يبدلها ب \"العوضي\"\nبس لو حد اسمه اصلا \"عمد \" حتى لو اسم العيلة هيغيرهاله هو كمان"
                            }
                        ]
                    }
                ]
            }
        ],
        "team": "T03FVM0K8",
        "user_team": "T03FVM0K8",
        "source_team": "T03FVM0K8",
        "user_profile": {
            "avatar_hash": "ae2b7a7a3b0e",
            "image_72": "https:\/\/avatars.slack-edge.com\/2021-05-11\/2053261994243_ae2b7a7a3b0ec3442151_72.jpg",
            "first_name": "Ahmed",
            "real_name": "Ahmed Elhelow",
            "display_name": "Ahmed Elhelow",
            "team": "T03FVM0K8",
            "name": "aelhelow",
            "is_restricted": false,
            "is_ultra_restricted": false
        },
        "thread_ts": "1692625699.736089",
        "parent_user_id": "UA6R38XA8"
    },
    {
        "client_msg_id": "238f97c9-96a6-4914-b977-eb2a85afd6c9",
        "type": "message",
        "text": "انا عملت موضوع ال hard coded فى الحالات اللى مفيش شك فيها قبل كده\nزى \"محمل\" غيرتها ل \"محمد\" لأن مفيش حد اسمه \"محمل\" وهكذا",
        "user": "U01V3U7T0JC",
        "ts": "1692628116.102869",
        "blocks": [
            {
                "type": "rich_text",
                "block_id": "xTto1",
                "elements": [
                    {
                        "type": "rich_text_section",
                        "elements": [
                            {
                                "type": "text",
                                "text": "انا عملت موضوع ال hard coded فى الحالات اللى مفيش شك فيها قبل كده\nزى \"محمل\" غيرتها ل \"محمد\" لأن مفيش حد اسمه \"محمل\" وهكذا"
                            }
                        ]
                    }
                ]
            }
        ],
        "team": "T03FVM0K8",
        "user_team": "T03FVM0K8",
        "source_team": "T03FVM0K8",
        "user_profile": {
            "avatar_hash": "ae2b7a7a3b0e",
            "image_72": "https:\/\/avatars.slack-edge.com\/2021-05-11\/2053261994243_ae2b7a7a3b0ec3442151_72.jpg",
            "first_name": "Ahmed",
            "real_name": "Ahmed Elhelow",
            "display_name": "Ahmed Elhelow",
            "team": "T03FVM0K8",
            "name": "aelhelow",
            "is_restricted": false,
            "is_ultra_restricted": false
        },
        "thread_ts": "1692625699.736089",
        "parent_user_id": "UA6R38XA8"
    },
    {
        "client_msg_id": "80c8f508-3a3d-49a1-b71b-6a5fb89c421a",
        "type": "message",
        "text": "<@U02P5PUDENL> <@U03FVBQTR>",
        "user": "UA6R38XA8",
        "ts": "1692629590.543499",
        "blocks": [
            {
                "type": "rich_text",
                "block_id": "JSsVe",
                "elements": [
                    {
                        "type": "rich_text_section",
                        "elements": [
                            {
                                "type": "user",
                                "user_id": "U02P5PUDENL"
                            },
                            {
                                "type": "text",
                                "text": " "
                            },
                            {
                                "type": "user",
                                "user_id": "U03FVBQTR"
                            }
                        ]
                    }
                ]
            }
        ],
        "team": "T03FVM0K8",
        "user_team": "T03FVM0K8",
        "source_team": "T03FVM0K8",
        "user_profile": {
            "avatar_hash": "a3c1d7f64445",
            "image_72": "https:\/\/avatars.slack-edge.com\/2023-05-21\/5321281437360_a3c1d7f64445d4d77468_72.jpg",
            "first_name": "Abdallah",
            "real_name": "Abdallah Nasser",
            "display_name": "",
            "team": "T03FVM0K8",
            "name": "abdallahn",
            "is_restricted": false,
            "is_ultra_restricted": false
        },
        "thread_ts": "1692625699.736089",
        "parent_user_id": "UA6R38XA8"
    },
    {
        "client_msg_id": "a4351cbe-4f81-4818-902c-eb2d7eae6777",
        "type": "message",
        "text": "<@U034X8927KL>",
        "user": "UA6R38XA8",
        "ts": "1692630968.507139",
        "blocks": [
            {
                "type": "rich_text",
                "block_id": "i1Ti",
                "elements": [
                    {
                        "type": "rich_text_section",
                        "elements": [
                            {
                                "type": "user",
                                "user_id": "U034X8927KL"
                            }
                        ]
                    }
                ]
            }
        ],
        "team": "T03FVM0K8",
        "user_team": "T03FVM0K8",
        "source_team": "T03FVM0K8",
        "user_profile": {
            "avatar_hash": "a3c1d7f64445",
            "image_72": "https:\/\/avatars.slack-edge.com\/2023-05-21\/5321281437360_a3c1d7f64445d4d77468_72.jpg",
            "first_name": "Abdallah",
            "real_name": "Abdallah Nasser",
            "display_name": "",
            "team": "T03FVM0K8",
            "name": "abdallahn",
            "is_restricted": false,
            "is_ultra_restricted": false
        },
        "thread_ts": "1692625699.736089",
        "parent_user_id": "UA6R38XA8"
    }
]