[
    {
        "type": "message",
        "text": "<@U01V3U7T0JC>",
        "files": [
            {
                "id": "F05PM29C8CC",
                "created": 1692966701,
                "timestamp": 1692966701,
                "name": "image.png",
                "title": "image.png",
                "mimetype": "image\/png",
                "filetype": "png",
                "pretty_type": "PNG",
                "user": "UA6R38XA8",
                "user_team": "T03FVM0K8",
                "editable": false,
                "size": 11445,
                "mode": "hosted",
                "is_external": false,
                "external_type": "",
                "is_public": true,
                "public_url_shared": false,
                "display_as_bot": false,
                "username": "",
                "url_private": "https:\/\/files.slack.com\/files-pri\/T03FVM0K8-F05PM29C8CC\/image.png?t=xoxe-3539714654-5811278554788-5832538929008-03dc07771412e207820c9f7ae6fe1988",
                "url_private_download": "https:\/\/files.slack.com\/files-pri\/T03FVM0K8-F05PM29C8CC\/download\/image.png?t=xoxe-3539714654-5811278554788-5832538929008-03dc07771412e207820c9f7ae6fe1988",
                "media_display_type": "unknown",
                "thumb_64": "https:\/\/files.slack.com\/files-tmb\/T03FVM0K8-F05PM29C8CC-e4408a4fca\/image_64.png?t=xoxe-3539714654-5811278554788-5832538929008-03dc07771412e207820c9f7ae6fe1988",
                "thumb_80": "https:\/\/files.slack.com\/files-tmb\/T03FVM0K8-F05PM29C8CC-e4408a4fca\/image_80.png?t=xoxe-3539714654-5811278554788-5832538929008-03dc07771412e207820c9f7ae6fe1988",
                "thumb_360": "https:\/\/files.slack.com\/files-tmb\/T03FVM0K8-F05PM29C8CC-e4408a4fca\/image_360.png?t=xoxe-3539714654-5811278554788-5832538929008-03dc07771412e207820c9f7ae6fe1988",
                "thumb_360_w": 360,
                "thumb_360_h": 31,
                "thumb_480": "https:\/\/files.slack.com\/files-tmb\/T03FVM0K8-F05PM29C8CC-e4408a4fca\/image_480.png?t=xoxe-3539714654-5811278554788-5832538929008-03dc07771412e207820c9f7ae6fe1988",
                "thumb_480_w": 480,
                "thumb_480_h": 41,
                "thumb_160": "https:\/\/files.slack.com\/files-tmb\/T03FVM0K8-F05PM29C8CC-e4408a4fca\/image_160.png?t=xoxe-3539714654-5811278554788-5832538929008-03dc07771412e207820c9f7ae6fe1988",
                "thumb_720": "https:\/\/files.slack.com\/files-tmb\/T03FVM0K8-F05PM29C8CC-e4408a4fca\/image_720.png?t=xoxe-3539714654-5811278554788-5832538929008-03dc07771412e207820c9f7ae6fe1988",
                "thumb_720_w": 720,
                "thumb_720_h": 61,
                "original_w": 750,
                "original_h": 64,
                "thumb_tiny": "AwAEADDRx7mgD3oHSgdKADrRjHc0DpRQAnail\/hpPWgD\/9k=",
                "permalink": "https:\/\/silverkey.slack.com\/files\/UA6R38XA8\/F05PM29C8CC\/image.png",
                "permalink_public": "https:\/\/slack-files.com\/T03FVM0K8-F05PM29C8CC-88334b5ec8",
                "is_starred": false,
                "has_rich_preview": false,
                "file_access": "visible"
            }
        ],
        "upload": false,
        "user": "UA6R38XA8",
        "display_as_bot": false,
        "ts": "1692966706.989069",
        "blocks": [
            {
                "type": "rich_text",
                "block_id": "BtHwt",
                "elements": [
                    {
                        "type": "rich_text_section",
                        "elements": [
                            {
                                "type": "user",
                                "user_id": "U01V3U7T0JC"
                            }
                        ]
                    }
                ]
            }
        ],
        "client_msg_id": "8deff5eb-24d8-4288-a01d-84ebdc122188",
        "thread_ts": "1692966706.989069",
        "reply_count": 14,
        "reply_users_count": 2,
        "latest_reply": "1693093556.954279",
        "reply_users": [
            "UA6R38XA8",
            "U01V3U7T0JC"
        ],
        "replies": [
            {
                "user": "UA6R38XA8",
                "ts": "1692967810.755169"
            },
            {
                "user": "UA6R38XA8",
                "ts": "1692967850.973109"
            },
            {
                "user": "UA6R38XA8",
                "ts": "1692967860.803869"
            },
            {
                "user": "UA6R38XA8",
                "ts": "1692967865.318099"
            },
            {
                "user": "U01V3U7T0JC",
                "ts": "1692990123.260819"
            },
            {
                "user": "U01V3U7T0JC",
                "ts": "1692991838.894079"
            },
            {
                "user": "UA6R38XA8",
                "ts": "1693001014.060529"
            },
            {
                "user": "UA6R38XA8",
                "ts": "1693001042.475319"
            },
            {
                "user": "UA6R38XA8",
                "ts": "1693001052.027909"
            },
            {
                "user": "UA6R38XA8",
                "ts": "1693049685.362409"
            },
            {
                "user": "UA6R38XA8",
                "ts": "1693049703.187629"
            },
            {
                "user": "U01V3U7T0JC",
                "ts": "1693049734.098229"
            },
            {
                "user": "U01V3U7T0JC",
                "ts": "1693091458.975419"
            },
            {
                "user": "U01V3U7T0JC",
                "ts": "1693093556.954279"
            }
        ],
        "is_locked": false,
        "subscribed": false
    },
    {
        "client_msg_id": "6184e8b9-2407-4095-a244-5ed6e1966fcf",
        "type": "message",
        "text": "مجاش فى الحركه اصلا",
        "user": "UA6R38XA8",
        "ts": "1692967810.755169",
        "blocks": [
            {
                "type": "rich_text",
                "block_id": "PRg",
                "elements": [
                    {
                        "type": "rich_text_section",
                        "elements": [
                            {
                                "type": "text",
                                "text": "مجاش فى الحركه اصلا"
                            }
                        ]
                    }
                ]
            }
        ],
        "team": "T03FVM0K8",
        "user_team": "T03FVM0K8",
        "source_team": "T03FVM0K8",
        "user_profile": {
            "avatar_hash": "a3c1d7f64445",
            "image_72": "https:\/\/avatars.slack-edge.com\/2023-05-21\/5321281437360_a3c1d7f64445d4d77468_72.jpg",
            "first_name": "Abdallah",
            "real_name": "Abdallah Nasser",
            "display_name": "",
            "team": "T03FVM0K8",
            "name": "abdallahn",
            "is_restricted": false,
            "is_ultra_restricted": false
        },
        "thread_ts": "1692966706.989069",
        "parent_user_id": "UA6R38XA8"
    },
    {
        "client_msg_id": "a92a2613-a7ba-4680-bbf3-3d7140bab43a",
        "type": "message",
        "text": "هو فى ال pdf واتنقل بس انت مش مطلعه او مشلتش ال\nد.",
        "user": "UA6R38XA8",
        "ts": "1692967850.973109",
        "blocks": [
            {
                "type": "rich_text",
                "block_id": "AM1B",
                "elements": [
                    {
                        "type": "rich_text_section",
                        "elements": [
                            {
                                "type": "text",
                                "text": "هو فى ال pdf واتنقل بس انت مش مطلعه او مشلتش ال\nد."
                            }
                        ]
                    }
                ]
            }
        ],
        "team": "T03FVM0K8",
        "user_team": "T03FVM0K8",
        "source_team": "T03FVM0K8",
        "user_profile": {
            "avatar_hash": "a3c1d7f64445",
            "image_72": "https:\/\/avatars.slack-edge.com\/2023-05-21\/5321281437360_a3c1d7f64445d4d77468_72.jpg",
            "first_name": "Abdallah",
            "real_name": "Abdallah Nasser",
            "display_name": "",
            "team": "T03FVM0K8",
            "name": "abdallahn",
            "is_restricted": false,
            "is_ultra_restricted": false
        },
        "thread_ts": "1692966706.989069",
        "parent_user_id": "UA6R38XA8"
    },
    {
        "client_msg_id": "0c2d4adc-24b1-4312-98fa-dbd0015a86cd",
        "type": "message",
        "text": "بص عليه لو سمحت",
        "user": "UA6R38XA8",
        "ts": "1692967860.803869",
        "blocks": [
            {
                "type": "rich_text",
                "block_id": "I5uJ",
                "elements": [
                    {
                        "type": "rich_text_section",
                        "elements": [
                            {
                                "type": "text",
                                "text": "بص عليه لو سمحت"
                            }
                        ]
                    }
                ]
            }
        ],
        "team": "T03FVM0K8",
        "user_team": "T03FVM0K8",
        "source_team": "T03FVM0K8",
        "user_profile": {
            "avatar_hash": "a3c1d7f64445",
            "image_72": "https:\/\/avatars.slack-edge.com\/2023-05-21\/5321281437360_a3c1d7f64445d4d77468_72.jpg",
            "first_name": "Abdallah",
            "real_name": "Abdallah Nasser",
            "display_name": "",
            "team": "T03FVM0K8",
            "name": "abdallahn",
            "is_restricted": false,
            "is_ultra_restricted": false
        },
        "thread_ts": "1692966706.989069",
        "parent_user_id": "UA6R38XA8"
    },
    {
        "client_msg_id": "0b437242-ae4c-48d9-8b67-090cd61f6191",
        "type": "message",
        "text": "النهارده",
        "user": "UA6R38XA8",
        "ts": "1692967865.318099",
        "blocks": [
            {
                "type": "rich_text",
                "block_id": "cSW",
                "elements": [
                    {
                        "type": "rich_text_section",
                        "elements": [
                            {
                                "type": "text",
                                "text": "النهارده"
                            }
                        ]
                    }
                ]
            }
        ],
        "team": "T03FVM0K8",
        "user_team": "T03FVM0K8",
        "source_team": "T03FVM0K8",
        "user_profile": {
            "avatar_hash": "a3c1d7f64445",
            "image_72": "https:\/\/avatars.slack-edge.com\/2023-05-21\/5321281437360_a3c1d7f64445d4d77468_72.jpg",
            "first_name": "Abdallah",
            "real_name": "Abdallah Nasser",
            "display_name": "",
            "team": "T03FVM0K8",
            "name": "abdallahn",
            "is_restricted": false,
            "is_ultra_restricted": false
        },
        "thread_ts": "1692966706.989069",
        "parent_user_id": "UA6R38XA8"
    },
    {
        "client_msg_id": "4a0f7ca6-5314-4c02-8fc8-d92998067b19",
        "type": "message",
        "text": "قاضى رئيس مرقى رئيس مرقى أ مرقى\nat pdf\nقاض استئناف مرقي انئب و من يف درجاهتم",
        "user": "UA6R38XA8",
        "ts": "1692968644.957209",
        "blocks": [
            {
                "type": "rich_text",
                "block_id": "X+2B",
                "elements": [
                    {
                        "type": "rich_text_section",
                        "elements": [
                            {
                                "type": "text",
                                "text": "قاضى رئيس مرقى رئيس مرقى أ مرقى\nat pdf\nقاض استئناف مرقي انئب و من يف درجاهتم"
                            }
                        ]
                    }
                ]
            }
        ],
        "team": "T03FVM0K8",
        "user_team": "T03FVM0K8",
        "source_team": "T03FVM0K8",
        "user_profile": {
            "avatar_hash": "a3c1d7f64445",
            "image_72": "https:\/\/avatars.slack-edge.com\/2023-05-21\/5321281437360_a3c1d7f64445d4d77468_72.jpg",
            "first_name": "Abdallah",
            "real_name": "Abdallah Nasser",
            "display_name": "",
            "team": "T03FVM0K8",
            "name": "abdallahn",
            "is_restricted": false,
            "is_ultra_restricted": false
        },
        "thread_ts": "1692896386.563329",
        "parent_user_id": "UA6R38XA8"
    },
    {
        "client_msg_id": "854a71b4-c344-44c6-be5c-708a7ec9539e",
        "type": "message",
        "text": "ال د. اتحذفت تمام لكن الخطأ كان من انه طلع مش مظبوط\nفهر عبد العظيم صا عمارة\nبدل\nفهر عبد العظيم صالح عمارة\nفاحنا لسه فى مشكلة ان فيه احتمال ضعيف ممكن 1% ان الاسم يطلع فيه غلطة عن اللى مكتوب",
        "user": "U01V3U7T0JC",
        "ts": "1692990123.260819",
        "blocks": [
            {
                "type": "rich_text",
                "block_id": "4X\/39",
                "elements": [
                    {
                        "type": "rich_text_section",
                        "elements": [
                            {
                                "type": "text",
                                "text": "ال د. اتحذفت تمام لكن الخطأ كان من انه طلع مش مظبوط\nفهر عبد العظيم صا عمارة\nبدل\nفهر عبد العظيم صالح عمارة\nفاحنا لسه فى مشكلة ان فيه احتمال ضعيف ممكن 1% ان الاسم يطلع فيه غلطة عن اللى مكتوب"
                            }
                        ]
                    }
                ]
            }
        ],
        "team": "T03FVM0K8",
        "user_team": "T03FVM0K8",
        "source_team": "T03FVM0K8",
        "user_profile": {
            "avatar_hash": "ae2b7a7a3b0e",
            "image_72": "https:\/\/avatars.slack-edge.com\/2021-05-11\/2053261994243_ae2b7a7a3b0ec3442151_72.jpg",
            "first_name": "Ahmed",
            "real_name": "Ahmed Elhelow",
            "display_name": "Ahmed Elhelow",
            "team": "T03FVM0K8",
            "name": "aelhelow",
            "is_restricted": false,
            "is_ultra_restricted": false
        },
        "thread_ts": "1692966706.989069",
        "parent_user_id": "UA6R38XA8"
    },
    {
        "client_msg_id": "1b375a26-9f2e-4c67-b0a1-8f4dd2c4a471",
        "type": "message",
        "text": "زى ما قولتلك دى قصة محتاجة شغل اسبوعين علشان لازم\n- نجمع داتا\n- نقطع الصور\n- نعملها annotation\n- نعمل training\n- ونشوف النتيجة مظبوطة ولا فيه تعديل محتاجينه\nفحاجة زى دى لازم اظبط مع كمال علشان يوفرلى حد من تيم AI يشتغل معايا فيها",
        "user": "U01V3U7T0JC",
        "ts": "1692990190.247339",
        "blocks": [
            {
                "type": "rich_text",
                "block_id": "7rxrX",
                "elements": [
                    {
                        "type": "rich_text_section",
                        "elements": [
                            {
                                "type": "text",
                                "text": "زى ما قولتلك دى قصة محتاجة شغل اسبوعين علشان لازم\n- نجمع داتا\n- نقطع الصور\n- نعملها annotation\n- نعمل training\n- ونشوف النتيجة مظبوطة ولا فيه تعديل محتاجينه\nفحاجة زى دى لازم اظبط مع كمال علشان يوفرلى حد من تيم AI يشتغل معايا فيها"
                            }
                        ]
                    }
                ]
            }
        ],
        "team": "T03FVM0K8",
        "user_team": "T03FVM0K8",
        "source_team": "T03FVM0K8",
        "user_profile": {
            "avatar_hash": "ae2b7a7a3b0e",
            "image_72": "https:\/\/avatars.slack-edge.com\/2021-05-11\/2053261994243_ae2b7a7a3b0ec3442151_72.jpg",
            "first_name": "Ahmed",
            "real_name": "Ahmed Elhelow",
            "display_name": "Ahmed Elhelow",
            "team": "T03FVM0K8",
            "name": "aelhelow",
            "is_restricted": false,
            "is_ultra_restricted": false
        },
        "edited": {
            "user": "U01V3U7T0JC",
            "ts": "1692990290.000000"
        },
        "thread_ts": "1692896386.563329",
        "parent_user_id": "UA6R38XA8"
    },
    {
        "client_msg_id": "d40ffdda-fba2-45c2-91bd-7701d4186725",
        "type": "message",
        "text": "هجرب اغير configuration معين كده بسيط ونجرب تانى\nممكن تضبط من غير ما نعدل حاجة كبيرة",
        "user": "U01V3U7T0JC",
        "ts": "1692991838.894079",
        "blocks": [
            {
                "type": "rich_text",
                "block_id": "006",
                "elements": [
                    {
                        "type": "rich_text_section",
                        "elements": [
                            {
                                "type": "text",
                                "text": "هجرب اغير configuration معين كده بسيط ونجرب تانى\nممكن تضبط من غير ما نعدل حاجة كبيرة"
                            }
                        ]
                    }
                ]
            }
        ],
        "team": "T03FVM0K8",
        "user_team": "T03FVM0K8",
        "source_team": "T03FVM0K8",
        "user_profile": {
            "avatar_hash": "ae2b7a7a3b0e",
            "image_72": "https:\/\/avatars.slack-edge.com\/2021-05-11\/2053261994243_ae2b7a7a3b0ec3442151_72.jpg",
            "first_name": "Ahmed",
            "real_name": "Ahmed Elhelow",
            "display_name": "Ahmed Elhelow",
            "team": "T03FVM0K8",
            "name": "aelhelow",
            "is_restricted": false,
            "is_ultra_restricted": false
        },
        "thread_ts": "1692966706.989069",
        "parent_user_id": "UA6R38XA8"
    },
    {
        "client_msg_id": "9d80ad5d-6a6e-46cf-836d-a651e1ad0568",
        "type": "message",
        "text": "تمام",
        "user": "UA6R38XA8",
        "ts": "1693001014.060529",
        "blocks": [
            {
                "type": "rich_text",
                "block_id": "r0c",
                "elements": [
                    {
                        "type": "rich_text_section",
                        "elements": [
                            {
                                "type": "text",
                                "text": "تمام"
                            }
                        ]
                    }
                ]
            }
        ],
        "team": "T03FVM0K8",
        "user_team": "T03FVM0K8",
        "source_team": "T03FVM0K8",
        "user_profile": {
            "avatar_hash": "a3c1d7f64445",
            "image_72": "https:\/\/avatars.slack-edge.com\/2023-05-21\/5321281437360_a3c1d7f64445d4d77468_72.jpg",
            "first_name": "Abdallah",
            "real_name": "Abdallah Nasser",
            "display_name": "",
            "team": "T03FVM0K8",
            "name": "abdallahn",
            "is_restricted": false,
            "is_ultra_restricted": false
        },
        "thread_ts": "1692966706.989069",
        "parent_user_id": "UA6R38XA8"
    },
    {
        "client_msg_id": "47a538f8-e55b-4308-9e1f-eedd5572cb2a",
        "type": "message",
        "text": "فى حد مطلعش بردك اسمه احمد محمود عبد الرحمن احمد حمدان",
        "user": "UA6R38XA8",
        "ts": "1693001042.475319",
        "blocks": [
            {
                "type": "rich_text",
                "block_id": "Iih",
                "elements": [
                    {
                        "type": "rich_text_section",
                        "elements": [
                            {
                                "type": "text",
                                "text": "فى حد مطلعش بردك اسمه احمد محمود عبد الرحمن احمد حمدان"
                            }
                        ]
                    }
                ]
            }
        ],
        "team": "T03FVM0K8",
        "user_team": "T03FVM0K8",
        "source_team": "T03FVM0K8",
        "user_profile": {
            "avatar_hash": "a3c1d7f64445",
            "image_72": "https:\/\/avatars.slack-edge.com\/2023-05-21\/5321281437360_a3c1d7f64445d4d77468_72.jpg",
            "first_name": "Abdallah",
            "real_name": "Abdallah Nasser",
            "display_name": "",
            "team": "T03FVM0K8",
            "name": "abdallahn",
            "is_restricted": false,
            "is_ultra_restricted": false
        },
        "thread_ts": "1692966706.989069",
        "parent_user_id": "UA6R38XA8"
    },
    {
        "client_msg_id": "c159a371-c29a-480d-bbeb-64b3b850faec",
        "type": "message",
        "text": "بص عليه كده",
        "user": "UA6R38XA8",
        "ts": "1693001052.027909",
        "blocks": [
            {
                "type": "rich_text",
                "block_id": "mGt",
                "elements": [
                    {
                        "type": "rich_text_section",
                        "elements": [
                            {
                                "type": "text",
                                "text": "بص عليه كده"
                            }
                        ]
                    }
                ]
            }
        ],
        "team": "T03FVM0K8",
        "user_team": "T03FVM0K8",
        "source_team": "T03FVM0K8",
        "user_profile": {
            "avatar_hash": "a3c1d7f64445",
            "image_72": "https:\/\/avatars.slack-edge.com\/2023-05-21\/5321281437360_a3c1d7f64445d4d77468_72.jpg",
            "first_name": "Abdallah",
            "real_name": "Abdallah Nasser",
            "display_name": "",
            "team": "T03FVM0K8",
            "name": "abdallahn",
            "is_restricted": false,
            "is_ultra_restricted": false
        },
        "thread_ts": "1692966706.989069",
        "parent_user_id": "UA6R38XA8"
    }
]