[
    {
        "client_msg_id": "97750863-c2ba-4e06-b68e-4d05087b1644",
        "type": "message",
        "text": "Due to electricity continuous cutting-off:\nnew url: <https:\/\/bfe0-196-157-96-71.ngrok-free.app>",
        "user": "U01V3U7T0JC",
        "ts": "1690656728.578889",
        "blocks": [
            {
                "type": "rich_text",
                "block_id": "c=EIT",
                "elements": [
                    {
                        "type": "rich_text_section",
                        "elements": [
                            {
                                "type": "text",
                                "text": "Due to electricity continuous cutting-off:\nnew url: "
                            },
                            {
                                "type": "link",
                                "url": "https:\/\/bfe0-196-157-96-71.ngrok-free.app"
                            }
                        ]
                    }
                ]
            }
        ],
        "team": "T03FVM0K8",
        "user_team": "T03FVM0K8",
        "source_team": "T03FVM0K8",
        "user_profile": {
            "avatar_hash": "ae2b7a7a3b0e",
            "image_72": "https:\/\/avatars.slack-edge.com\/2021-05-11\/2053261994243_ae2b7a7a3b0ec3442151_72.jpg",
            "first_name": "Ahmed",
            "real_name": "Ahmed Elhelow",
            "display_name": "Ahmed Elhelow",
            "team": "T03FVM0K8",
            "name": "aelhelow",
            "is_restricted": false,
            "is_ultra_restricted": false
        },
        "thread_ts": "1690452755.346989",
        "parent_user_id": "UA6R38XA8"
    }
]