[
    {
        "type": "message",
        "text": "",
        "files": [
            {
                "id": "F05PNTFF9H8",
                "created": 1693049681,
                "timestamp": 1693049681,
                "name": "image.png",
                "title": "image.png",
                "mimetype": "image\/png",
                "filetype": "png",
                "pretty_type": "PNG",
                "user": "UA6R38XA8",
                "user_team": "T03FVM0K8",
                "editable": false,
                "size": 27302,
                "mode": "hosted",
                "is_external": false,
                "external_type": "",
                "is_public": true,
                "public_url_shared": false,
                "display_as_bot": false,
                "username": "",
                "url_private": "https:\/\/files.slack.com\/files-pri\/T03FVM0K8-F05PNTFF9H8\/image.png?t=xoxe-3539714654-5811278554788-5832538929008-03dc07771412e207820c9f7ae6fe1988",
                "url_private_download": "https:\/\/files.slack.com\/files-pri\/T03FVM0K8-F05PNTFF9H8\/download\/image.png?t=xoxe-3539714654-5811278554788-5832538929008-03dc07771412e207820c9f7ae6fe1988",
                "media_display_type": "unknown",
                "thumb_64": "https:\/\/files.slack.com\/files-tmb\/T03FVM0K8-F05PNTFF9H8-f60144f25a\/image_64.png?t=xoxe-3539714654-5811278554788-5832538929008-03dc07771412e207820c9f7ae6fe1988",
                "thumb_80": "https:\/\/files.slack.com\/files-tmb\/T03FVM0K8-F05PNTFF9H8-f60144f25a\/image_80.png?t=xoxe-3539714654-5811278554788-5832538929008-03dc07771412e207820c9f7ae6fe1988",
                "thumb_360": "https:\/\/files.slack.com\/files-tmb\/T03FVM0K8-F05PNTFF9H8-f60144f25a\/image_360.png?t=xoxe-3539714654-5811278554788-5832538929008-03dc07771412e207820c9f7ae6fe1988",
                "thumb_360_w": 360,
                "thumb_360_h": 25,
                "thumb_480": "https:\/\/files.slack.com\/files-tmb\/T03FVM0K8-F05PNTFF9H8-f60144f25a\/image_480.png?t=xoxe-3539714654-5811278554788-5832538929008-03dc07771412e207820c9f7ae6fe1988",
                "thumb_480_w": 480,
                "thumb_480_h": 33,
                "thumb_160": "https:\/\/files.slack.com\/files-tmb\/T03FVM0K8-F05PNTFF9H8-f60144f25a\/image_160.png?t=xoxe-3539714654-5811278554788-5832538929008-03dc07771412e207820c9f7ae6fe1988",
                "thumb_720": "https:\/\/files.slack.com\/files-tmb\/T03FVM0K8-F05PNTFF9H8-f60144f25a\/image_720.png?t=xoxe-3539714654-5811278554788-5832538929008-03dc07771412e207820c9f7ae6fe1988",
                "thumb_720_w": 720,
                "thumb_720_h": 49,
                "thumb_800": "https:\/\/files.slack.com\/files-tmb\/T03FVM0K8-F05PNTFF9H8-f60144f25a\/image_800.png?t=xoxe-3539714654-5811278554788-5832538929008-03dc07771412e207820c9f7ae6fe1988",
                "thumb_800_w": 800,
                "thumb_800_h": 55,
                "thumb_960": "https:\/\/files.slack.com\/files-tmb\/T03FVM0K8-F05PNTFF9H8-f60144f25a\/image_960.png?t=xoxe-3539714654-5811278554788-5832538929008-03dc07771412e207820c9f7ae6fe1988",
                "thumb_960_w": 960,
                "thumb_960_h": 66,
                "thumb_1024": "https:\/\/files.slack.com\/files-tmb\/T03FVM0K8-F05PNTFF9H8-f60144f25a\/image_1024.png?t=xoxe-3539714654-5811278554788-5832538929008-03dc07771412e207820c9f7ae6fe1988",
                "thumb_1024_w": 1024,
                "thumb_1024_h": 70,
                "original_w": 1577,
                "original_h": 108,
                "thumb_tiny": "AwADADDRooooAYep5P50q9P8aQ9TSr0oEOoFFFAz\/9k=",
                "permalink": "https:\/\/silverkey.slack.com\/files\/UA6R38XA8\/F05PNTFF9H8\/image.png",
                "permalink_public": "https:\/\/slack-files.com\/T03FVM0K8-F05PNTFF9H8-016405cf15",
                "is_starred": false,
                "has_rich_preview": false,
                "file_access": "visible"
            }
        ],
        "upload": false,
        "user": "UA6R38XA8",
        "display_as_bot": false,
        "ts": "1693049685.362409",
        "client_msg_id": "8c4250f8-1840-41b0-a929-01e8a2c32924",
        "thread_ts": "1692966706.989069",
        "parent_user_id": "UA6R38XA8"
    },
    {
        "client_msg_id": "d19def6d-8477-4e7d-aab2-a55b31c5014b",
        "type": "message",
        "text": "<@U01V3U7T0JC>",
        "user": "UA6R38XA8",
        "ts": "1693049703.187629",
        "blocks": [
            {
                "type": "rich_text",
                "block_id": "ToL",
                "elements": [
                    {
                        "type": "rich_text_section",
                        "elements": [
                            {
                                "type": "user",
                                "user_id": "U01V3U7T0JC"
                            }
                        ]
                    }
                ]
            }
        ],
        "team": "T03FVM0K8",
        "user_team": "T03FVM0K8",
        "source_team": "T03FVM0K8",
        "user_profile": {
            "avatar_hash": "a3c1d7f64445",
            "image_72": "https:\/\/avatars.slack-edge.com\/2023-05-21\/5321281437360_a3c1d7f64445d4d77468_72.jpg",
            "first_name": "Abdallah",
            "real_name": "Abdallah Nasser",
            "display_name": "",
            "team": "T03FVM0K8",
            "name": "abdallahn",
            "is_restricted": false,
            "is_ultra_restricted": false
        },
        "thread_ts": "1692966706.989069",
        "parent_user_id": "UA6R38XA8"
    },
    {
        "client_msg_id": "fd261df3-a260-4918-8f93-bb7c76a38574",
        "type": "message",
        "text": "حاضر",
        "user": "U01V3U7T0JC",
        "ts": "1693049734.098229",
        "blocks": [
            {
                "type": "rich_text",
                "block_id": "lMPZ",
                "elements": [
                    {
                        "type": "rich_text_section",
                        "elements": [
                            {
                                "type": "text",
                                "text": "حاضر"
                            }
                        ]
                    }
                ]
            }
        ],
        "team": "T03FVM0K8",
        "user_team": "T03FVM0K8",
        "source_team": "T03FVM0K8",
        "user_profile": {
            "avatar_hash": "ae2b7a7a3b0e",
            "image_72": "https:\/\/avatars.slack-edge.com\/2021-05-11\/2053261994243_ae2b7a7a3b0ec3442151_72.jpg",
            "first_name": "Ahmed",
            "real_name": "Ahmed Elhelow",
            "display_name": "Ahmed Elhelow",
            "team": "T03FVM0K8",
            "name": "aelhelow",
            "is_restricted": false,
            "is_ultra_restricted": false
        },
        "thread_ts": "1692966706.989069",
        "parent_user_id": "UA6R38XA8"
    },
    {
        "client_msg_id": "46aeb1ab-810f-441c-839d-143894f9ded9",
        "type": "message",
        "text": "<@U01V3U7T0JC> any updates",
        "user": "UA6R38XA8",
        "ts": "1693083881.529129",
        "blocks": [
            {
                "type": "rich_text",
                "block_id": "aCX",
                "elements": [
                    {
                        "type": "rich_text_section",
                        "elements": [
                            {
                                "type": "user",
                                "user_id": "U01V3U7T0JC"
                            },
                            {
                                "type": "text",
                                "text": " any updates"
                            }
                        ]
                    }
                ]
            }
        ],
        "team": "T03FVM0K8",
        "user_team": "T03FVM0K8",
        "source_team": "T03FVM0K8",
        "user_profile": {
            "avatar_hash": "a3c1d7f64445",
            "image_72": "https:\/\/avatars.slack-edge.com\/2023-05-21\/5321281437360_a3c1d7f64445d4d77468_72.jpg",
            "first_name": "Abdallah",
            "real_name": "Abdallah Nasser",
            "display_name": "",
            "team": "T03FVM0K8",
            "name": "abdallahn",
            "is_restricted": false,
            "is_ultra_restricted": false
        }
    },
    {
        "client_msg_id": "010b1e55-42bb-4b18-a142-bb774001c1fe",
        "type": "message",
        "text": "<@U02P5PUDENL> \n<@U03FVBQTR> \n<@U034X8927KL>",
        "user": "UA6R38XA8",
        "ts": "1693083915.512079",
        "blocks": [
            {
                "type": "rich_text",
                "block_id": "xH4u",
                "elements": [
                    {
                        "type": "rich_text_section",
                        "elements": [
                            {
                                "type": "user",
                                "user_id": "U02P5PUDENL"
                            },
                            {
                                "type": "text",
                                "text": " \n"
                            },
                            {
                                "type": "user",
                                "user_id": "U03FVBQTR"
                            },
                            {
                                "type": "text",
                                "text": " \n"
                            },
                            {
                                "type": "user",
                                "user_id": "U034X8927KL"
                            }
                        ]
                    }
                ]
            }
        ],
        "team": "T03FVM0K8",
        "user_team": "T03FVM0K8",
        "source_team": "T03FVM0K8",
        "user_profile": {
            "avatar_hash": "a3c1d7f64445",
            "image_72": "https:\/\/avatars.slack-edge.com\/2023-05-21\/5321281437360_a3c1d7f64445d4d77468_72.jpg",
            "first_name": "Abdallah",
            "real_name": "Abdallah Nasser",
            "display_name": "",
            "team": "T03FVM0K8",
            "name": "abdallahn",
            "is_restricted": false,
            "is_ultra_restricted": false
        },
        "thread_ts": "1693083915.512079",
        "reply_count": 20,
        "reply_users_count": 2,
        "latest_reply": "1693158674.132919",
        "reply_users": [
            "U01V3U7T0JC",
            "UA6R38XA8"
        ],
        "replies": [
            {
                "user": "U01V3U7T0JC",
                "ts": "1693093943.491419"
            },
            {
                "user": "U01V3U7T0JC",
                "ts": "1693093956.263649"
            },
            {
                "user": "U01V3U7T0JC",
                "ts": "1693093963.252829"
            },
            {
                "user": "U01V3U7T0JC",
                "ts": "1693093996.044419"
            },
            {
                "user": "U01V3U7T0JC",
                "ts": "1693095198.199059"
            },
            {
                "user": "U01V3U7T0JC",
                "ts": "1693095287.090559"
            },
            {
                "user": "UA6R38XA8",
                "ts": "1693144980.686919"
            },
            {
                "user": "UA6R38XA8",
                "ts": "1693145014.288239"
            },
            {
                "user": "UA6R38XA8",
                "ts": "1693145053.503659"
            },
            {
                "user": "UA6R38XA8",
                "ts": "1693145109.422339"
            },
            {
                "user": "U01V3U7T0JC",
                "ts": "1693145192.011309"
            },
            {
                "user": "U01V3U7T0JC",
                "ts": "1693145220.476599"
            },
            {
                "user": "U01V3U7T0JC",
                "ts": "1693145241.832269"
            },
            {
                "user": "UA6R38XA8",
                "ts": "1693145795.895369"
            },
            {
                "user": "UA6R38XA8",
                "ts": "1693145906.251829"
            },
            {
                "user": "U01V3U7T0JC",
                "ts": "1693147037.517849"
            },
            {
                "user": "UA6R38XA8",
                "ts": "1693147305.804529"
            },
            {
                "user": "UA6R38XA8",
                "ts": "1693158507.585689"
            },
            {
                "user": "UA6R38XA8",
                "ts": "1693158515.700649"
            },
            {
                "user": "U01V3U7T0JC",
                "ts": "1693158674.132919"
            }
        ],
        "is_locked": false,
        "subscribed": false
    },
    {
        "client_msg_id": "48df5e79-323b-4a81-aff1-763aa8448af5",
        "type": "message",
        "text": "احمد محمود عبد الرحمن احمد\nطالع مظبوط فى كل النسخ عادى",
        "user": "U01V3U7T0JC",
        "ts": "1693091458.975419",
        "blocks": [
            {
                "type": "rich_text",
                "block_id": "Pmw",
                "elements": [
                    {
                        "type": "rich_text_section",
                        "elements": [
                            {
                                "type": "text",
                                "text": "احمد محمود عبد الرحمن احمد\nطالع مظبوط فى كل النسخ عادى"
                            }
                        ]
                    }
                ]
            }
        ],
        "team": "T03FVM0K8",
        "user_team": "T03FVM0K8",
        "source_team": "T03FVM0K8",
        "user_profile": {
            "avatar_hash": "ae2b7a7a3b0e",
            "image_72": "https:\/\/avatars.slack-edge.com\/2021-05-11\/2053261994243_ae2b7a7a3b0ec3442151_72.jpg",
            "first_name": "Ahmed",
            "real_name": "Ahmed Elhelow",
            "display_name": "Ahmed Elhelow",
            "team": "T03FVM0K8",
            "name": "aelhelow",
            "is_restricted": false,
            "is_ultra_restricted": false
        },
        "thread_ts": "1692966706.989069",
        "parent_user_id": "UA6R38XA8"
    },
    {
        "type": "message",
        "text": "",
        "files": [
            {
                "id": "F05PPKX3UF5",
                "created": 1693093551,
                "timestamp": 1693093551,
                "name": "image.png",
                "title": "image.png",
                "mimetype": "image\/png",
                "filetype": "png",
                "pretty_type": "PNG",
                "user": "U01V3U7T0JC",
                "user_team": "T03FVM0K8",
                "editable": false,
                "size": 15095,
                "mode": "hosted",
                "is_external": false,
                "external_type": "",
                "is_public": true,
                "public_url_shared": false,
                "display_as_bot": false,
                "username": "",
                "url_private": "https:\/\/files.slack.com\/files-pri\/T03FVM0K8-F05PPKX3UF5\/image.png?t=xoxe-3539714654-5811278554788-5832538929008-03dc07771412e207820c9f7ae6fe1988",
                "url_private_download": "https:\/\/files.slack.com\/files-pri\/T03FVM0K8-F05PPKX3UF5\/download\/image.png?t=xoxe-3539714654-5811278554788-5832538929008-03dc07771412e207820c9f7ae6fe1988",
                "media_display_type": "unknown",
                "thumb_64": "https:\/\/files.slack.com\/files-tmb\/T03FVM0K8-F05PPKX3UF5-8015a5afa7\/image_64.png?t=xoxe-3539714654-5811278554788-5832538929008-03dc07771412e207820c9f7ae6fe1988",
                "thumb_80": "https:\/\/files.slack.com\/files-tmb\/T03FVM0K8-F05PPKX3UF5-8015a5afa7\/image_80.png?t=xoxe-3539714654-5811278554788-5832538929008-03dc07771412e207820c9f7ae6fe1988",
                "thumb_360": "https:\/\/files.slack.com\/files-tmb\/T03FVM0K8-F05PPKX3UF5-8015a5afa7\/image_360.png?t=xoxe-3539714654-5811278554788-5832538929008-03dc07771412e207820c9f7ae6fe1988",
                "thumb_360_w": 360,
                "thumb_360_h": 32,
                "thumb_480": "https:\/\/files.slack.com\/files-tmb\/T03FVM0K8-F05PPKX3UF5-8015a5afa7\/image_480.png?t=xoxe-3539714654-5811278554788-5832538929008-03dc07771412e207820c9f7ae6fe1988",
                "thumb_480_w": 480,
                "thumb_480_h": 43,
                "thumb_160": "https:\/\/files.slack.com\/files-tmb\/T03FVM0K8-F05PPKX3UF5-8015a5afa7\/image_160.png?t=xoxe-3539714654-5811278554788-5832538929008-03dc07771412e207820c9f7ae6fe1988",
                "thumb_720": "https:\/\/files.slack.com\/files-tmb\/T03FVM0K8-F05PPKX3UF5-8015a5afa7\/image_720.png?t=xoxe-3539714654-5811278554788-5832538929008-03dc07771412e207820c9f7ae6fe1988",
                "thumb_720_w": 720,
                "thumb_720_h": 64,
                "thumb_800": "https:\/\/files.slack.com\/files-tmb\/T03FVM0K8-F05PPKX3UF5-8015a5afa7\/image_800.png?t=xoxe-3539714654-5811278554788-5832538929008-03dc07771412e207820c9f7ae6fe1988",
                "thumb_800_w": 800,
                "thumb_800_h": 71,
                "original_w": 903,
                "original_h": 80,
                "thumb_tiny": "AwAEADC7kgcE9KQZwfmNB6fhR2NIQq5\/vGkOc9TTlpp6mgAOf7x6UDOD8xoP9KB0NAH\/2Q==",
                "permalink": "https:\/\/silverkey.slack.com\/files\/U01V3U7T0JC\/F05PPKX3UF5\/image.png",
                "permalink_public": "https:\/\/slack-files.com\/T03FVM0K8-F05PPKX3UF5-551bdde93b",
                "is_starred": false,
                "has_rich_preview": false,
                "file_access": "visible"
            }
        ],
        "upload": false,
        "user": "U01V3U7T0JC",
        "display_as_bot": false,
        "ts": "1693093556.954279",
        "client_msg_id": "d0c1a6dc-4b0c-424d-97df-59866d0d94a9",
        "thread_ts": "1692966706.989069",
        "parent_user_id": "UA6R38XA8"
    },
    {
        "client_msg_id": "64136c2c-cd7d-47ef-b3c2-12feac9389aa",
        "type": "message",
        "text": "التعديل اللى انا عملته طلع\nفهر عبد العظيم صالح عمارة\nوبالنسبة ل\nاحمد محمود عبد الرحمن احمد\nطالع مظبوط من الاول مفيهوش مشاكل",
        "user": "U01V3U7T0JC",
        "ts": "1693093943.491419",
        "blocks": [
            {
                "type": "rich_text",
                "block_id": "nlQv9",
                "elements": [
                    {
                        "type": "rich_text_section",
                        "elements": [
                            {
                                "type": "text",
                                "text": "التعديل اللى انا عملته طلع\nفهر عبد العظيم صالح عمارة\nوبالنسبة ل\nاحمد محمود عبد الرحمن احمد\nطالع مظبوط من الاول مفيهوش مشاكل"
                            }
                        ]
                    }
                ]
            }
        ],
        "team": "T03FVM0K8",
        "user_team": "T03FVM0K8",
        "source_team": "T03FVM0K8",
        "user_profile": {
            "avatar_hash": "ae2b7a7a3b0e",
            "image_72": "https:\/\/avatars.slack-edge.com\/2021-05-11\/2053261994243_ae2b7a7a3b0ec3442151_72.jpg",
            "first_name": "Ahmed",
            "real_name": "Ahmed Elhelow",
            "display_name": "Ahmed Elhelow",
            "team": "T03FVM0K8",
            "name": "aelhelow",
            "is_restricted": false,
            "is_ultra_restricted": false
        },
        "thread_ts": "1693083915.512079",
        "parent_user_id": "UA6R38XA8"
    },
    {
        "type": "message",
        "text": "",
        "files": [
            {
                "id": "F05PH40N0LW",
                "created": 1693093950,
                "timestamp": 1693093950,
                "name": "image.png",
                "title": "image.png",
                "mimetype": "image\/png",
                "filetype": "png",
                "pretty_type": "PNG",
                "user": "U01V3U7T0JC",
                "user_team": "T03FVM0K8",
                "editable": false,
                "size": 11819,
                "mode": "hosted",
                "is_external": false,
                "external_type": "",
                "is_public": true,
                "public_url_shared": false,
                "display_as_bot": false,
                "username": "",
                "url_private": "https:\/\/files.slack.com\/files-pri\/T03FVM0K8-F05PH40N0LW\/image.png?t=xoxe-3539714654-5811278554788-5832538929008-03dc07771412e207820c9f7ae6fe1988",
                "url_private_download": "https:\/\/files.slack.com\/files-pri\/T03FVM0K8-F05PH40N0LW\/download\/image.png?t=xoxe-3539714654-5811278554788-5832538929008-03dc07771412e207820c9f7ae6fe1988",
                "media_display_type": "unknown",
                "thumb_64": "https:\/\/files.slack.com\/files-tmb\/T03FVM0K8-F05PH40N0LW-dcf524c57b\/image_64.png?t=xoxe-3539714654-5811278554788-5832538929008-03dc07771412e207820c9f7ae6fe1988",
                "thumb_80": "https:\/\/files.slack.com\/files-tmb\/T03FVM0K8-F05PH40N0LW-dcf524c57b\/image_80.png?t=xoxe-3539714654-5811278554788-5832538929008-03dc07771412e207820c9f7ae6fe1988",
                "thumb_360": "https:\/\/files.slack.com\/files-tmb\/T03FVM0K8-F05PH40N0LW-dcf524c57b\/image_360.png?t=xoxe-3539714654-5811278554788-5832538929008-03dc07771412e207820c9f7ae6fe1988",
                "thumb_360_w": 360,
                "thumb_360_h": 35,
                "thumb_480": "https:\/\/files.slack.com\/files-tmb\/T03FVM0K8-F05PH40N0LW-dcf524c57b\/image_480.png?t=xoxe-3539714654-5811278554788-5832538929008-03dc07771412e207820c9f7ae6fe1988",
                "thumb_480_w": 480,
                "thumb_480_h": 47,
                "thumb_160": "https:\/\/files.slack.com\/files-tmb\/T03FVM0K8-F05PH40N0LW-dcf524c57b\/image_160.png?t=xoxe-3539714654-5811278554788-5832538929008-03dc07771412e207820c9f7ae6fe1988",
                "thumb_720": "https:\/\/files.slack.com\/files-tmb\/T03FVM0K8-F05PH40N0LW-dcf524c57b\/image_720.png?t=xoxe-3539714654-5811278554788-5832538929008-03dc07771412e207820c9f7ae6fe1988",
                "thumb_720_w": 720,
                "thumb_720_h": 70,
                "thumb_800": "https:\/\/files.slack.com\/files-tmb\/T03FVM0K8-F05PH40N0LW-dcf524c57b\/image_800.png?t=xoxe-3539714654-5811278554788-5832538929008-03dc07771412e207820c9f7ae6fe1988",
                "thumb_800_w": 800,
                "thumb_800_h": 78,
                "original_w": 802,
                "original_h": 78,
                "thumb_tiny": "AwAEADC6c\/NyaRc8\/MaOzUq9TSEIufU0HOeppVpD1oAVc\/3jQ2f7xoWhqAP\/2Q==",
                "permalink": "https:\/\/silverkey.slack.com\/files\/U01V3U7T0JC\/F05PH40N0LW\/image.png",
                "permalink_public": "https:\/\/slack-files.com\/T03FVM0K8-F05PH40N0LW-314fda975b",
                "is_starred": false,
                "has_rich_preview": false,
                "file_access": "visible"
            }
        ],
        "upload": false,
        "user": "U01V3U7T0JC",
        "display_as_bot": false,
        "ts": "1693093956.263649",
        "client_msg_id": "4d2b43a1-36ac-4d1d-8fa2-4b1c2bb97390",
        "thread_ts": "1693083915.512079",
        "parent_user_id": "UA6R38XA8"
    },
    {
        "type": "message",
        "text": "",
        "files": [
            {
                "id": "F05PLRH7VRB",
                "created": 1693093959,
                "timestamp": 1693093959,
                "name": "image.png",
                "title": "image.png",
                "mimetype": "image\/png",
                "filetype": "png",
                "pretty_type": "PNG",
                "user": "U01V3U7T0JC",
                "user_team": "T03FVM0K8",
                "editable": false,
                "size": 15095,
                "mode": "hosted",
                "is_external": false,
                "external_type": "",
                "is_public": true,
                "public_url_shared": false,
                "display_as_bot": false,
                "username": "",
                "url_private": "https:\/\/files.slack.com\/files-pri\/T03FVM0K8-F05PLRH7VRB\/image.png?t=xoxe-3539714654-5811278554788-5832538929008-03dc07771412e207820c9f7ae6fe1988",
                "url_private_download": "https:\/\/files.slack.com\/files-pri\/T03FVM0K8-F05PLRH7VRB\/download\/image.png?t=xoxe-3539714654-5811278554788-5832538929008-03dc07771412e207820c9f7ae6fe1988",
                "media_display_type": "unknown",
                "thumb_64": "https:\/\/files.slack.com\/files-tmb\/T03FVM0K8-F05PLRH7VRB-5524a3e118\/image_64.png?t=xoxe-3539714654-5811278554788-5832538929008-03dc07771412e207820c9f7ae6fe1988",
                "thumb_80": "https:\/\/files.slack.com\/files-tmb\/T03FVM0K8-F05PLRH7VRB-5524a3e118\/image_80.png?t=xoxe-3539714654-5811278554788-5832538929008-03dc07771412e207820c9f7ae6fe1988",
                "thumb_360": "https:\/\/files.slack.com\/files-tmb\/T03FVM0K8-F05PLRH7VRB-5524a3e118\/image_360.png?t=xoxe-3539714654-5811278554788-5832538929008-03dc07771412e207820c9f7ae6fe1988",
                "thumb_360_w": 360,
                "thumb_360_h": 32,
                "thumb_480": "https:\/\/files.slack.com\/files-tmb\/T03FVM0K8-F05PLRH7VRB-5524a3e118\/image_480.png?t=xoxe-3539714654-5811278554788-5832538929008-03dc07771412e207820c9f7ae6fe1988",
                "thumb_480_w": 480,
                "thumb_480_h": 43,
                "thumb_160": "https:\/\/files.slack.com\/files-tmb\/T03FVM0K8-F05PLRH7VRB-5524a3e118\/image_160.png?t=xoxe-3539714654-5811278554788-5832538929008-03dc07771412e207820c9f7ae6fe1988",
                "thumb_720": "https:\/\/files.slack.com\/files-tmb\/T03FVM0K8-F05PLRH7VRB-5524a3e118\/image_720.png?t=xoxe-3539714654-5811278554788-5832538929008-03dc07771412e207820c9f7ae6fe1988",
                "thumb_720_w": 720,
                "thumb_720_h": 64,
                "thumb_800": "https:\/\/files.slack.com\/files-tmb\/T03FVM0K8-F05PLRH7VRB-5524a3e118\/image_800.png?t=xoxe-3539714654-5811278554788-5832538929008-03dc07771412e207820c9f7ae6fe1988",
                "thumb_800_w": 800,
                "thumb_800_h": 71,
                "original_w": 903,
                "original_h": 80,
                "thumb_tiny": "AwAEADC7kgcE9KQZwfmNB6fhR2NIQq5\/vGkOc9TTlpp6mgAOf7x6UDOD8xoP9KB0NAH\/2Q==",
                "permalink": "https:\/\/silverkey.slack.com\/files\/U01V3U7T0JC\/F05PLRH7VRB\/image.png",
                "permalink_public": "https:\/\/slack-files.com\/T03FVM0K8-F05PLRH7VRB-66bf7d785a",
                "is_starred": false,
                "has_rich_preview": false,
                "file_access": "visible"
            }
        ],
        "upload": false,
        "user": "U01V3U7T0JC",
        "display_as_bot": false,
        "ts": "1693093963.252829",
        "client_msg_id": "ec0256ed-ab9c-409a-a6ca-54e77277b847",
        "thread_ts": "1693083915.512079",
        "parent_user_id": "UA6R38XA8"
    },
    {
        "client_msg_id": "e181621a-fa13-4313-87ab-cd4a7300897b",
        "type": "message",
        "text": "بس التعديل ده سبب مشاكل تانية\nفالحل حاليا انى امزج الطريقتين فى بعض\nوده اللى انا بعمله دلوقتى",
        "user": "U01V3U7T0JC",
        "ts": "1693093996.044419",
        "blocks": [
            {
                "type": "rich_text",
                "block_id": "7ESV",
                "elements": [
                    {
                        "type": "rich_text_section",
                        "elements": [
                            {
                                "type": "text",
                                "text": "بس التعديل ده سبب مشاكل تانية\nفالحل حاليا انى امزج الطريقتين فى بعض\nوده اللى انا بعمله دلوقتى"
                            }
                        ]
                    }
                ]
            }
        ],
        "team": "T03FVM0K8",
        "user_team": "T03FVM0K8",
        "source_team": "T03FVM0K8",
        "user_profile": {
            "avatar_hash": "ae2b7a7a3b0e",
            "image_72": "https:\/\/avatars.slack-edge.com\/2021-05-11\/2053261994243_ae2b7a7a3b0ec3442151_72.jpg",
            "first_name": "Ahmed",
            "real_name": "Ahmed Elhelow",
            "display_name": "Ahmed Elhelow",
            "team": "T03FVM0K8",
            "name": "aelhelow",
            "is_restricted": false,
            "is_ultra_restricted": false
        },
        "thread_ts": "1693083915.512079",
        "parent_user_id": "UA6R38XA8"
    },
    {
        "client_msg_id": "2f3128a5-f610-4029-be94-b56de0c484c2",
        "type": "message",
        "text": "اى مشكلة فى النتايج محتاجة وقت علشان احاول اجرب حلول مختلفة ليها\nلأن كل تعديل صغير بجربه باستنى 5 ساعات ارن الفايل واشوف هيظبط النتيجة ولا لأ\nوبعدها اعمل تعديل صغير تانى واستنى 5 ساعات واشوف تانى وهكذا",
        "user": "U01V3U7T0JC",
        "ts": "1693095198.199059",
        "blocks": [
            {
                "type": "rich_text",
                "block_id": "yIw",
                "elements": [
                    {
                        "type": "rich_text_section",
                        "elements": [
                            {
                                "type": "text",
                                "text": "اى مشكلة فى النتايج محتاجة وقت علشان احاول اجرب حلول مختلفة ليها\nلأن كل تعديل صغير بجربه باستنى 5 ساعات ارن الفايل واشوف هيظبط النتيجة ولا لأ\nوبعدها اعمل تعديل صغير تانى واستنى 5 ساعات واشوف تانى وهكذا"
                            }
                        ]
                    }
                ]
            }
        ],
        "team": "T03FVM0K8",
        "user_team": "T03FVM0K8",
        "source_team": "T03FVM0K8",
        "user_profile": {
            "avatar_hash": "ae2b7a7a3b0e",
            "image_72": "https:\/\/avatars.slack-edge.com\/2021-05-11\/2053261994243_ae2b7a7a3b0ec3442151_72.jpg",
            "first_name": "Ahmed",
            "real_name": "Ahmed Elhelow",
            "display_name": "Ahmed Elhelow",
            "team": "T03FVM0K8",
            "name": "aelhelow",
            "is_restricted": false,
            "is_ultra_restricted": false
        },
        "thread_ts": "1693083915.512079",
        "parent_user_id": "UA6R38XA8"
    },
    {
        "client_msg_id": "204fd92e-ebe2-4e9b-9cb7-875a197d9faf",
        "type": "message",
        "text": "عموما عايزين نعمل ميتنج علشان نتناقش فى نقطة closest match algorithm لو فيه حرف او اتنين فى الاسم كله غلط وباقى الاسم صح لأن الجزء ده المفروض يتعمل فى backend مش فى AI لأنى معنديش اسماء القضاة اللى انتوا بتعملوا match او search بيهم",
        "user": "U01V3U7T0JC",
        "ts": "1693095287.090559",
        "blocks": [
            {
                "type": "rich_text",
                "block_id": "kFHBW",
                "elements": [
                    {
                        "type": "rich_text_section",
                        "elements": [
                            {
                                "type": "text",
                                "text": "عموما عايزين نعمل ميتنج علشان نتناقش فى نقطة closest match algorithm لو فيه حرف او اتنين فى الاسم كله غلط وباقى الاسم صح لأن الجزء ده المفروض يتعمل فى backend مش فى AI لأنى معنديش اسماء القضاة اللى انتوا بتعملوا match او search بيهم"
                            }
                        ]
                    }
                ]
            }
        ],
        "team": "T03FVM0K8",
        "user_team": "T03FVM0K8",
        "source_team": "T03FVM0K8",
        "user_profile": {
            "avatar_hash": "ae2b7a7a3b0e",
            "image_72": "https:\/\/avatars.slack-edge.com\/2021-05-11\/2053261994243_ae2b7a7a3b0ec3442151_72.jpg",
            "first_name": "Ahmed",
            "real_name": "Ahmed Elhelow",
            "display_name": "Ahmed Elhelow",
            "team": "T03FVM0K8",
            "name": "aelhelow",
            "is_restricted": false,
            "is_ultra_restricted": false
        },
        "thread_ts": "1693083915.512079",
        "parent_user_id": "UA6R38XA8"
    }
]