[
    {
        "client_msg_id": "907f24a6-748e-4b29-8d18-e7689113768c",
        "type": "message",
        "text": "لسه المشكله متحلتش",
        "user": "UA6R38XA8",
        "ts": "1693144980.686919",
        "blocks": [
            {
                "type": "rich_text",
                "block_id": "fdOL",
                "elements": [
                    {
                        "type": "rich_text_section",
                        "elements": [
                            {
                                "type": "text",
                                "text": "لسه المشكله متحلتش"
                            }
                        ]
                    }
                ]
            }
        ],
        "team": "T03FVM0K8",
        "user_team": "T03FVM0K8",
        "source_team": "T03FVM0K8",
        "user_profile": {
            "avatar_hash": "a3c1d7f64445",
            "image_72": "https:\/\/avatars.slack-edge.com\/2023-05-21\/5321281437360_a3c1d7f64445d4d77468_72.jpg",
            "first_name": "Abdallah",
            "real_name": "Abdallah Nasser",
            "display_name": "",
            "team": "T03FVM0K8",
            "name": "abdallahn",
            "is_restricted": false,
            "is_ultra_restricted": false
        },
        "thread_ts": "1693083915.512079",
        "parent_user_id": "UA6R38XA8"
    },
    {
        "client_msg_id": "25932dca-47c2-46e0-9dc4-e13c6f604281",
        "type": "message",
        "text": "هما عاوزين ١٠٠ فى الميه مش هينفع لو حروف ناقصه اطلع الاسم",
        "user": "UA6R38XA8",
        "ts": "1693145014.288239",
        "blocks": [
            {
                "type": "rich_text",
                "block_id": "\/HdpK",
                "elements": [
                    {
                        "type": "rich_text_section",
                        "elements": [
                            {
                                "type": "text",
                                "text": "هما عاوزين ١٠٠ فى الميه مش هينفع لو حروف ناقصه اطلع الاسم"
                            }
                        ]
                    }
                ]
            }
        ],
        "team": "T03FVM0K8",
        "user_team": "T03FVM0K8",
        "source_team": "T03FVM0K8",
        "user_profile": {
            "avatar_hash": "a3c1d7f64445",
            "image_72": "https:\/\/avatars.slack-edge.com\/2023-05-21\/5321281437360_a3c1d7f64445d4d77468_72.jpg",
            "first_name": "Abdallah",
            "real_name": "Abdallah Nasser",
            "display_name": "",
            "team": "T03FVM0K8",
            "name": "abdallahn",
            "is_restricted": false,
            "is_ultra_restricted": false
        },
        "thread_ts": "1693083915.512079",
        "parent_user_id": "UA6R38XA8"
    },
    {
        "client_msg_id": "f28e7f8c-0c8e-40c0-9340-8ef57499c94a",
        "type": "message",
        "text": "فى اسم فهر صالح طالعه صا بس",
        "user": "UA6R38XA8",
        "ts": "1693145053.503659",
        "blocks": [
            {
                "type": "rich_text",
                "block_id": "O2h",
                "elements": [
                    {
                        "type": "rich_text_section",
                        "elements": [
                            {
                                "type": "text",
                                "text": "فى اسم فهر صالح طالعه صا بس"
                            }
                        ]
                    }
                ]
            }
        ],
        "team": "T03FVM0K8",
        "user_team": "T03FVM0K8",
        "source_team": "T03FVM0K8",
        "user_profile": {
            "avatar_hash": "a3c1d7f64445",
            "image_72": "https:\/\/avatars.slack-edge.com\/2023-05-21\/5321281437360_a3c1d7f64445d4d77468_72.jpg",
            "first_name": "Abdallah",
            "real_name": "Abdallah Nasser",
            "display_name": "",
            "team": "T03FVM0K8",
            "name": "abdallahn",
            "is_restricted": false,
            "is_ultra_restricted": false
        },
        "thread_ts": "1693083915.512079",
        "parent_user_id": "UA6R38XA8"
    },
    {
        "client_msg_id": "ae5a3ffe-2de6-4653-98b8-3ee8cee4151b",
        "type": "message",
        "text": "الاسم التانى بردك مطلعش فى آخر run",
        "user": "UA6R38XA8",
        "ts": "1693145109.422339",
        "blocks": [
            {
                "type": "rich_text",
                "block_id": "bMZ\/k",
                "elements": [
                    {
                        "type": "rich_text_section",
                        "elements": [
                            {
                                "type": "text",
                                "text": "الاسم التانى بردك مطلعش فى آخر run"
                            }
                        ]
                    }
                ]
            }
        ],
        "team": "T03FVM0K8",
        "user_team": "T03FVM0K8",
        "source_team": "T03FVM0K8",
        "user_profile": {
            "avatar_hash": "a3c1d7f64445",
            "image_72": "https:\/\/avatars.slack-edge.com\/2023-05-21\/5321281437360_a3c1d7f64445d4d77468_72.jpg",
            "first_name": "Abdallah",
            "real_name": "Abdallah Nasser",
            "display_name": "",
            "team": "T03FVM0K8",
            "name": "abdallahn",
            "is_restricted": false,
            "is_ultra_restricted": false
        },
        "thread_ts": "1693083915.512079",
        "parent_user_id": "UA6R38XA8"
    },
    {
        "client_msg_id": "dcbc94d2-2587-4e77-9b9b-618d81ea5f0d",
        "type": "message",
        "text": "استنى مترنش علشان انا بجرب",
        "user": "U01V3U7T0JC",
        "ts": "1693145192.011309",
        "blocks": [
            {
                "type": "rich_text",
                "block_id": "X1a",
                "elements": [
                    {
                        "type": "rich_text_section",
                        "elements": [
                            {
                                "type": "text",
                                "text": "استنى مترنش علشان انا بجرب"
                            }
                        ]
                    }
                ]
            }
        ],
        "team": "T03FVM0K8",
        "user_team": "T03FVM0K8",
        "source_team": "T03FVM0K8",
        "user_profile": {
            "avatar_hash": "ae2b7a7a3b0e",
            "image_72": "https:\/\/avatars.slack-edge.com\/2021-05-11\/2053261994243_ae2b7a7a3b0ec3442151_72.jpg",
            "first_name": "Ahmed",
            "real_name": "Ahmed Elhelow",
            "display_name": "Ahmed Elhelow",
            "team": "T03FVM0K8",
            "name": "aelhelow",
            "is_restricted": false,
            "is_ultra_restricted": false
        },
        "thread_ts": "1693083915.512079",
        "parent_user_id": "UA6R38XA8"
    },
    {
        "client_msg_id": "ac857d58-d3ef-4695-9af4-8cda2e8f14e7",
        "type": "message",
        "text": "ابعتلى csv file علشان الاسم التانى موجود عادى هابعولك اشكرين شوت",
        "user": "U01V3U7T0JC",
        "ts": "1693145220.476599",
        "blocks": [
            {
                "type": "rich_text",
                "block_id": "uhJ",
                "elements": [
                    {
                        "type": "rich_text_section",
                        "elements": [
                            {
                                "type": "text",
                                "text": "ابعتلى csv file علشان الاسم التانى موجود عادى هابعولك اشكرين شوت"
                            }
                        ]
                    }
                ]
            }
        ],
        "team": "T03FVM0K8",
        "user_team": "T03FVM0K8",
        "source_team": "T03FVM0K8",
        "user_profile": {
            "avatar_hash": "ae2b7a7a3b0e",
            "image_72": "https:\/\/avatars.slack-edge.com\/2021-05-11\/2053261994243_ae2b7a7a3b0ec3442151_72.jpg",
            "first_name": "Ahmed",
            "real_name": "Ahmed Elhelow",
            "display_name": "Ahmed Elhelow",
            "team": "T03FVM0K8",
            "name": "aelhelow",
            "is_restricted": false,
            "is_ultra_restricted": false
        },
        "thread_ts": "1693083915.512079",
        "parent_user_id": "UA6R38XA8"
    },
    {
        "client_msg_id": "a0997994-4985-4630-bb28-2210792ac331",
        "type": "message",
        "text": "وعايزين نعمل ميتنج انهارده متأخر الساعة ٨ ولا حاجة",
        "user": "U01V3U7T0JC",
        "ts": "1693145241.832269",
        "blocks": [
            {
                "type": "rich_text",
                "block_id": "81j",
                "elements": [
                    {
                        "type": "rich_text_section",
                        "elements": [
                            {
                                "type": "text",
                                "text": "وعايزين نعمل ميتنج انهارده متأخر الساعة ٨ ولا حاجة"
                            }
                        ]
                    }
                ]
            }
        ],
        "team": "T03FVM0K8",
        "user_team": "T03FVM0K8",
        "source_team": "T03FVM0K8",
        "user_profile": {
            "avatar_hash": "ae2b7a7a3b0e",
            "image_72": "https:\/\/avatars.slack-edge.com\/2021-05-11\/2053261994243_ae2b7a7a3b0ec3442151_72.jpg",
            "first_name": "Ahmed",
            "real_name": "Ahmed Elhelow",
            "display_name": "Ahmed Elhelow",
            "team": "T03FVM0K8",
            "name": "aelhelow",
            "is_restricted": false,
            "is_ultra_restricted": false
        },
        "thread_ts": "1693083915.512079",
        "parent_user_id": "UA6R38XA8"
    },
    {
        "type": "message",
        "text": "",
        "files": [
            {
                "id": "F05Q38J6YSD",
                "created": 1693145792,
                "timestamp": 1693145792,
                "name": "image.png",
                "title": "image.png",
                "mimetype": "image\/png",
                "filetype": "png",
                "pretty_type": "PNG",
                "user": "UA6R38XA8",
                "user_team": "T03FVM0K8",
                "editable": false,
                "size": 9972,
                "mode": "hosted",
                "is_external": false,
                "external_type": "",
                "is_public": true,
                "public_url_shared": false,
                "display_as_bot": false,
                "username": "",
                "url_private": "https:\/\/files.slack.com\/files-pri\/T03FVM0K8-F05Q38J6YSD\/image.png?t=xoxe-3539714654-5811278554788-5832538929008-03dc07771412e207820c9f7ae6fe1988",
                "url_private_download": "https:\/\/files.slack.com\/files-pri\/T03FVM0K8-F05Q38J6YSD\/download\/image.png?t=xoxe-3539714654-5811278554788-5832538929008-03dc07771412e207820c9f7ae6fe1988",
                "media_display_type": "unknown",
                "thumb_64": "https:\/\/files.slack.com\/files-tmb\/T03FVM0K8-F05Q38J6YSD-9adcb81f58\/image_64.png?t=xoxe-3539714654-5811278554788-5832538929008-03dc07771412e207820c9f7ae6fe1988",
                "thumb_80": "https:\/\/files.slack.com\/files-tmb\/T03FVM0K8-F05Q38J6YSD-9adcb81f58\/image_80.png?t=xoxe-3539714654-5811278554788-5832538929008-03dc07771412e207820c9f7ae6fe1988",
                "thumb_360": "https:\/\/files.slack.com\/files-tmb\/T03FVM0K8-F05Q38J6YSD-9adcb81f58\/image_360.png?t=xoxe-3539714654-5811278554788-5832538929008-03dc07771412e207820c9f7ae6fe1988",
                "thumb_360_w": 360,
                "thumb_360_h": 18,
                "thumb_480": "https:\/\/files.slack.com\/files-tmb\/T03FVM0K8-F05Q38J6YSD-9adcb81f58\/image_480.png?t=xoxe-3539714654-5811278554788-5832538929008-03dc07771412e207820c9f7ae6fe1988",
                "thumb_480_w": 480,
                "thumb_480_h": 24,
                "thumb_160": "https:\/\/files.slack.com\/files-tmb\/T03FVM0K8-F05Q38J6YSD-9adcb81f58\/image_160.png?t=xoxe-3539714654-5811278554788-5832538929008-03dc07771412e207820c9f7ae6fe1988",
                "thumb_720": "https:\/\/files.slack.com\/files-tmb\/T03FVM0K8-F05Q38J6YSD-9adcb81f58\/image_720.png?t=xoxe-3539714654-5811278554788-5832538929008-03dc07771412e207820c9f7ae6fe1988",
                "thumb_720_w": 720,
                "thumb_720_h": 37,
                "thumb_800": "https:\/\/files.slack.com\/files-tmb\/T03FVM0K8-F05Q38J6YSD-9adcb81f58\/image_800.png?t=xoxe-3539714654-5811278554788-5832538929008-03dc07771412e207820c9f7ae6fe1988",
                "thumb_800_w": 800,
                "thumb_800_h": 41,
                "thumb_960": "https:\/\/files.slack.com\/files-tmb\/T03FVM0K8-F05Q38J6YSD-9adcb81f58\/image_960.png?t=xoxe-3539714654-5811278554788-5832538929008-03dc07771412e207820c9f7ae6fe1988",
                "thumb_960_w": 960,
                "thumb_960_h": 49,
                "thumb_1024": "https:\/\/files.slack.com\/files-tmb\/T03FVM0K8-F05Q38J6YSD-9adcb81f58\/image_1024.png?t=xoxe-3539714654-5811278554788-5832538929008-03dc07771412e207820c9f7ae6fe1988",
                "thumb_1024_w": 1024,
                "thumb_1024_h": 52,
                "original_w": 1196,
                "original_h": 61,
                "thumb_tiny": "AwACADDR70Ud6KYDR1px7U0dace1IAHT8aKB0\/GigD\/\/2Q==",
                "permalink": "https:\/\/silverkey.slack.com\/files\/UA6R38XA8\/F05Q38J6YSD\/image.png",
                "permalink_public": "https:\/\/slack-files.com\/T03FVM0K8-F05Q38J6YSD-3eb40c4368",
                "is_starred": false,
                "has_rich_preview": false,
                "file_access": "visible"
            }
        ],
        "upload": false,
        "user": "UA6R38XA8",
        "display_as_bot": false,
        "ts": "1693145795.895369",
        "client_msg_id": "fdab4aa3-c52f-4230-a6ca-92412f0bac0c",
        "thread_ts": "1693083915.512079",
        "parent_user_id": "UA6R38XA8"
    },
    {
        "client_msg_id": "adba94bd-fea6-4526-811c-fda5fe44f5df",
        "type": "message",
        "text": "الاسم الثانى ظهر فعلا",
        "user": "UA6R38XA8",
        "ts": "1693145906.251829",
        "blocks": [
            {
                "type": "rich_text",
                "block_id": "yueuW",
                "elements": [
                    {
                        "type": "rich_text_section",
                        "elements": [
                            {
                                "type": "text",
                                "text": "الاسم الثانى ظهر فعلا"
                            }
                        ]
                    }
                ]
            }
        ],
        "team": "T03FVM0K8",
        "user_team": "T03FVM0K8",
        "source_team": "T03FVM0K8",
        "user_profile": {
            "avatar_hash": "a3c1d7f64445",
            "image_72": "https:\/\/avatars.slack-edge.com\/2023-05-21\/5321281437360_a3c1d7f64445d4d77468_72.jpg",
            "first_name": "Abdallah",
            "real_name": "Abdallah Nasser",
            "display_name": "",
            "team": "T03FVM0K8",
            "name": "abdallahn",
            "is_restricted": false,
            "is_ultra_restricted": false
        },
        "thread_ts": "1693083915.512079",
        "parent_user_id": "UA6R38XA8"
    },
    {
        "client_msg_id": "14f7d87f-a228-4a5d-8b69-a5901aed7e3b",
        "type": "message",
        "text": "انا عارف فهر لسه بايظ\nانا صلحته بس بوظ حاجات تانية فبجرب كذا حاجة علشان اصلحه من غير ما يبوظ حاجة تانية",
        "user": "U01V3U7T0JC",
        "ts": "1693147037.517849",
        "blocks": [
            {
                "type": "rich_text",
                "block_id": "u\/VVh",
                "elements": [
                    {
                        "type": "rich_text_section",
                        "elements": [
                            {
                                "type": "text",
                                "text": "انا عارف فهر لسه بايظ\nانا صلحته بس بوظ حاجات تانية فبجرب كذا حاجة علشان اصلحه من غير ما يبوظ حاجة تانية"
                            }
                        ]
                    }
                ]
            }
        ],
        "team": "T03FVM0K8",
        "user_team": "T03FVM0K8",
        "source_team": "T03FVM0K8",
        "user_profile": {
            "avatar_hash": "ae2b7a7a3b0e",
            "image_72": "https:\/\/avatars.slack-edge.com\/2021-05-11\/2053261994243_ae2b7a7a3b0ec3442151_72.jpg",
            "first_name": "Ahmed",
            "real_name": "Ahmed Elhelow",
            "display_name": "Ahmed Elhelow",
            "team": "T03FVM0K8",
            "name": "aelhelow",
            "is_restricted": false,
            "is_ultra_restricted": false
        },
        "thread_ts": "1693083915.512079",
        "parent_user_id": "UA6R38XA8"
    },
    {
        "client_msg_id": "cc2f83dd-287b-41ef-a56b-4711d964f626",
        "type": "message",
        "text": "تمام",
        "user": "UA6R38XA8",
        "ts": "1693147305.804529",
        "blocks": [
            {
                "type": "rich_text",
                "block_id": "eSRx",
                "elements": [
                    {
                        "type": "rich_text_section",
                        "elements": [
                            {
                                "type": "text",
                                "text": "تمام"
                            }
                        ]
                    }
                ]
            }
        ],
        "team": "T03FVM0K8",
        "user_team": "T03FVM0K8",
        "source_team": "T03FVM0K8",
        "user_profile": {
            "avatar_hash": "a3c1d7f64445",
            "image_72": "https:\/\/avatars.slack-edge.com\/2023-05-21\/5321281437360_a3c1d7f64445d4d77468_72.jpg",
            "first_name": "Abdallah",
            "real_name": "Abdallah Nasser",
            "display_name": "",
            "team": "T03FVM0K8",
            "name": "abdallahn",
            "is_restricted": false,
            "is_ultra_restricted": false
        },
        "thread_ts": "1693083915.512079",
        "parent_user_id": "UA6R38XA8"
    },
    {
        "type": "message",
        "text": "ياسر محمد احمد عبد اللطيف",
        "files": [
            {
                "id": "F05PTA083U4",
                "created": 1693158495,
                "timestamp": 1693158495,
                "name": "image.png",
                "title": "image.png",
                "mimetype": "image\/png",
                "filetype": "png",
                "pretty_type": "PNG",
                "user": "UA6R38XA8",
                "user_team": "T03FVM0K8",
                "editable": false,
                "size": 9014,
                "mode": "hosted",
                "is_external": false,
                "external_type": "",
                "is_public": true,
                "public_url_shared": false,
                "display_as_bot": false,
                "username": "",
                "url_private": "https:\/\/files.slack.com\/files-pri\/T03FVM0K8-F05PTA083U4\/image.png?t=xoxe-3539714654-5811278554788-5832538929008-03dc07771412e207820c9f7ae6fe1988",
                "url_private_download": "https:\/\/files.slack.com\/files-pri\/T03FVM0K8-F05PTA083U4\/download\/image.png?t=xoxe-3539714654-5811278554788-5832538929008-03dc07771412e207820c9f7ae6fe1988",
                "media_display_type": "unknown",
                "thumb_64": "https:\/\/files.slack.com\/files-tmb\/T03FVM0K8-F05PTA083U4-c7921de443\/image_64.png?t=xoxe-3539714654-5811278554788-5832538929008-03dc07771412e207820c9f7ae6fe1988",
                "thumb_80": "https:\/\/files.slack.com\/files-tmb\/T03FVM0K8-F05PTA083U4-c7921de443\/image_80.png?t=xoxe-3539714654-5811278554788-5832538929008-03dc07771412e207820c9f7ae6fe1988",
                "thumb_360": "https:\/\/files.slack.com\/files-tmb\/T03FVM0K8-F05PTA083U4-c7921de443\/image_360.png?t=xoxe-3539714654-5811278554788-5832538929008-03dc07771412e207820c9f7ae6fe1988",
                "thumb_360_w": 360,
                "thumb_360_h": 12,
                "thumb_480": "https:\/\/files.slack.com\/files-tmb\/T03FVM0K8-F05PTA083U4-c7921de443\/image_480.png?t=xoxe-3539714654-5811278554788-5832538929008-03dc07771412e207820c9f7ae6fe1988",
                "thumb_480_w": 480,
                "thumb_480_h": 16,
                "thumb_160": "https:\/\/files.slack.com\/files-tmb\/T03FVM0K8-F05PTA083U4-c7921de443\/image_160.png?t=xoxe-3539714654-5811278554788-5832538929008-03dc07771412e207820c9f7ae6fe1988",
                "thumb_720": "https:\/\/files.slack.com\/files-tmb\/T03FVM0K8-F05PTA083U4-c7921de443\/image_720.png?t=xoxe-3539714654-5811278554788-5832538929008-03dc07771412e207820c9f7ae6fe1988",
                "thumb_720_w": 720,
                "thumb_720_h": 24,
                "thumb_800": "https:\/\/files.slack.com\/files-tmb\/T03FVM0K8-F05PTA083U4-c7921de443\/image_800.png?t=xoxe-3539714654-5811278554788-5832538929008-03dc07771412e207820c9f7ae6fe1988",
                "thumb_800_w": 800,
                "thumb_800_h": 27,
                "thumb_960": "https:\/\/files.slack.com\/files-tmb\/T03FVM0K8-F05PTA083U4-c7921de443\/image_960.png?t=xoxe-3539714654-5811278554788-5832538929008-03dc07771412e207820c9f7ae6fe1988",
                "thumb_960_w": 960,
                "thumb_960_h": 32,
                "thumb_1024": "https:\/\/files.slack.com\/files-tmb\/T03FVM0K8-F05PTA083U4-c7921de443\/image_1024.png?t=xoxe-3539714654-5811278554788-5832538929008-03dc07771412e207820c9f7ae6fe1988",
                "thumb_1024_w": 1024,
                "thumb_1024_h": 34,
                "original_w": 1277,
                "original_h": 43,
                "thumb_tiny": "AwABADC+\/wBw1FUr\/cNRUmSwX74qfsPrUC\/fFT9h9aENAeh+tJSnofrSUwP\/2Q==",
                "permalink": "https:\/\/silverkey.slack.com\/files\/UA6R38XA8\/F05PTA083U4\/image.png",
                "permalink_public": "https:\/\/slack-files.com\/T03FVM0K8-F05PTA083U4-3fffb5462d",
                "is_starred": false,
                "has_rich_preview": false,
                "file_access": "visible"
            }
        ],
        "upload": false,
        "user": "UA6R38XA8",
        "display_as_bot": false,
        "ts": "1693158507.585689",
        "blocks": [
            {
                "type": "rich_text",
                "block_id": "T3U",
                "elements": [
                    {
                        "type": "rich_text_section",
                        "elements": [
                            {
                                "type": "text",
                                "text": "ياسر محمد احمد عبد اللطيف"
                            }
                        ]
                    }
                ]
            }
        ],
        "client_msg_id": "2ca19971-b477-47d9-bc24-a1e381675287",
        "thread_ts": "1693083915.512079",
        "parent_user_id": "UA6R38XA8"
    },
    {
        "client_msg_id": "914810ce-d30c-458d-a108-b2e6fc63db95",
        "type": "message",
        "text": "الاسم ده فيه مشكله",
        "user": "UA6R38XA8",
        "ts": "1693158515.700649",
        "blocks": [
            {
                "type": "rich_text",
                "block_id": "J4My7",
                "elements": [
                    {
                        "type": "rich_text_section",
                        "elements": [
                            {
                                "type": "text",
                                "text": "الاسم ده فيه مشكله"
                            }
                        ]
                    }
                ]
            }
        ],
        "team": "T03FVM0K8",
        "user_team": "T03FVM0K8",
        "source_team": "T03FVM0K8",
        "user_profile": {
            "avatar_hash": "a3c1d7f64445",
            "image_72": "https:\/\/avatars.slack-edge.com\/2023-05-21\/5321281437360_a3c1d7f64445d4d77468_72.jpg",
            "first_name": "Abdallah",
            "real_name": "Abdallah Nasser",
            "display_name": "",
            "team": "T03FVM0K8",
            "name": "abdallahn",
            "is_restricted": false,
            "is_ultra_restricted": false
        },
        "thread_ts": "1693083915.512079",
        "parent_user_id": "UA6R38XA8"
    },
    {
        "client_msg_id": "878cf135-851d-4cc7-b180-357d281e4806",
        "type": "message",
        "text": "تمام",
        "user": "U01V3U7T0JC",
        "ts": "1693158674.132919",
        "blocks": [
            {
                "type": "rich_text",
                "block_id": "i1Me",
                "elements": [
                    {
                        "type": "rich_text_section",
                        "elements": [
                            {
                                "type": "text",
                                "text": "تمام"
                            }
                        ]
                    }
                ]
            }
        ],
        "team": "T03FVM0K8",
        "user_team": "T03FVM0K8",
        "source_team": "T03FVM0K8",
        "user_profile": {
            "avatar_hash": "ae2b7a7a3b0e",
            "image_72": "https:\/\/avatars.slack-edge.com\/2021-05-11\/2053261994243_ae2b7a7a3b0ec3442151_72.jpg",
            "first_name": "Ahmed",
            "real_name": "Ahmed Elhelow",
            "display_name": "Ahmed Elhelow",
            "team": "T03FVM0K8",
            "name": "aelhelow",
            "is_restricted": false,
            "is_ultra_restricted": false
        },
        "thread_ts": "1693083915.512079",
        "parent_user_id": "UA6R38XA8"
    }
]