[
    {
        "type": "message",
        "text": "<@U01V3U7T0JC> please check",
        "files": [
            {
                "id": "F05PG3MPBHA",
                "created": 1692896367,
                "timestamp": 1692896367,
                "name": "image.png",
                "title": "image.png",
                "mimetype": "image\/png",
                "filetype": "png",
                "pretty_type": "PNG",
                "user": "UA6R38XA8",
                "user_team": "T03FVM0K8",
                "editable": false,
                "size": 83895,
                "mode": "hosted",
                "is_external": false,
                "external_type": "",
                "is_public": true,
                "public_url_shared": false,
                "display_as_bot": false,
                "username": "",
                "url_private": "https:\/\/files.slack.com\/files-pri\/T03FVM0K8-F05PG3MPBHA\/image.png?t=xoxe-3539714654-5811278554788-5832538929008-03dc07771412e207820c9f7ae6fe1988",
                "url_private_download": "https:\/\/files.slack.com\/files-pri\/T03FVM0K8-F05PG3MPBHA\/download\/image.png?t=xoxe-3539714654-5811278554788-5832538929008-03dc07771412e207820c9f7ae6fe1988",
                "media_display_type": "unknown",
                "thumb_64": "https:\/\/files.slack.com\/files-tmb\/T03FVM0K8-F05PG3MPBHA-16cf6e183e\/image_64.png?t=xoxe-3539714654-5811278554788-5832538929008-03dc07771412e207820c9f7ae6fe1988",
                "thumb_80": "https:\/\/files.slack.com\/files-tmb\/T03FVM0K8-F05PG3MPBHA-16cf6e183e\/image_80.png?t=xoxe-3539714654-5811278554788-5832538929008-03dc07771412e207820c9f7ae6fe1988",
                "thumb_360": "https:\/\/files.slack.com\/files-tmb\/T03FVM0K8-F05PG3MPBHA-16cf6e183e\/image_360.png?t=xoxe-3539714654-5811278554788-5832538929008-03dc07771412e207820c9f7ae6fe1988",
                "thumb_360_w": 360,
                "thumb_360_h": 112,
                "thumb_480": "https:\/\/files.slack.com\/files-tmb\/T03FVM0K8-F05PG3MPBHA-16cf6e183e\/image_480.png?t=xoxe-3539714654-5811278554788-5832538929008-03dc07771412e207820c9f7ae6fe1988",
                "thumb_480_w": 480,
                "thumb_480_h": 149,
                "thumb_160": "https:\/\/files.slack.com\/files-tmb\/T03FVM0K8-F05PG3MPBHA-16cf6e183e\/image_160.png?t=xoxe-3539714654-5811278554788-5832538929008-03dc07771412e207820c9f7ae6fe1988",
                "thumb_720": "https:\/\/files.slack.com\/files-tmb\/T03FVM0K8-F05PG3MPBHA-16cf6e183e\/image_720.png?t=xoxe-3539714654-5811278554788-5832538929008-03dc07771412e207820c9f7ae6fe1988",
                "thumb_720_w": 720,
                "thumb_720_h": 223,
                "thumb_800": "https:\/\/files.slack.com\/files-tmb\/T03FVM0K8-F05PG3MPBHA-16cf6e183e\/image_800.png?t=xoxe-3539714654-5811278554788-5832538929008-03dc07771412e207820c9f7ae6fe1988",
                "thumb_800_w": 800,
                "thumb_800_h": 248,
                "thumb_960": "https:\/\/files.slack.com\/files-tmb\/T03FVM0K8-F05PG3MPBHA-16cf6e183e\/image_960.png?t=xoxe-3539714654-5811278554788-5832538929008-03dc07771412e207820c9f7ae6fe1988",
                "thumb_960_w": 960,
                "thumb_960_h": 298,
                "thumb_1024": "https:\/\/files.slack.com\/files-tmb\/T03FVM0K8-F05PG3MPBHA-16cf6e183e\/image_1024.png?t=xoxe-3539714654-5811278554788-5832538929008-03dc07771412e207820c9f7ae6fe1988",
                "thumb_1024_w": 1024,
                "thumb_1024_h": 318,
                "original_w": 1131,
                "original_h": 351,
                "thumb_tiny": "AwAOADDQ70vejHNGOaAAnnvR270Ec0AcUAJj3NOHWkpR1oA\/\/9k=",
                "permalink": "https:\/\/silverkey.slack.com\/files\/UA6R38XA8\/F05PG3MPBHA\/image.png",
                "permalink_public": "https:\/\/slack-files.com\/T03FVM0K8-F05PG3MPBHA-923949a332",
                "is_starred": false,
                "has_rich_preview": false,
                "file_access": "visible"
            },
            {
                "id": "F05PG3QLFJQ",
                "created": 1692896383,
                "timestamp": 1692896383,
                "name": "image.png",
                "title": "image.png",
                "mimetype": "image\/png",
                "filetype": "png",
                "pretty_type": "PNG",
                "user": "UA6R38XA8",
                "user_team": "T03FVM0K8",
                "editable": false,
                "size": 15058,
                "mode": "hosted",
                "is_external": false,
                "external_type": "",
                "is_public": true,
                "public_url_shared": false,
                "display_as_bot": false,
                "username": "",
                "url_private": "https:\/\/files.slack.com\/files-pri\/T03FVM0K8-F05PG3QLFJQ\/image.png?t=xoxe-3539714654-5811278554788-5832538929008-03dc07771412e207820c9f7ae6fe1988",
                "url_private_download": "https:\/\/files.slack.com\/files-pri\/T03FVM0K8-F05PG3QLFJQ\/download\/image.png?t=xoxe-3539714654-5811278554788-5832538929008-03dc07771412e207820c9f7ae6fe1988",
                "media_display_type": "unknown",
                "thumb_64": "https:\/\/files.slack.com\/files-tmb\/T03FVM0K8-F05PG3QLFJQ-e35bd35075\/image_64.png?t=xoxe-3539714654-5811278554788-5832538929008-03dc07771412e207820c9f7ae6fe1988",
                "thumb_80": "https:\/\/files.slack.com\/files-tmb\/T03FVM0K8-F05PG3QLFJQ-e35bd35075\/image_80.png?t=xoxe-3539714654-5811278554788-5832538929008-03dc07771412e207820c9f7ae6fe1988",
                "thumb_360": "https:\/\/files.slack.com\/files-tmb\/T03FVM0K8-F05PG3QLFJQ-e35bd35075\/image_360.png?t=xoxe-3539714654-5811278554788-5832538929008-03dc07771412e207820c9f7ae6fe1988",
                "thumb_360_w": 360,
                "thumb_360_h": 53,
                "thumb_480": "https:\/\/files.slack.com\/files-tmb\/T03FVM0K8-F05PG3QLFJQ-e35bd35075\/image_480.png?t=xoxe-3539714654-5811278554788-5832538929008-03dc07771412e207820c9f7ae6fe1988",
                "thumb_480_w": 480,
                "thumb_480_h": 71,
                "thumb_160": "https:\/\/files.slack.com\/files-tmb\/T03FVM0K8-F05PG3QLFJQ-e35bd35075\/image_160.png?t=xoxe-3539714654-5811278554788-5832538929008-03dc07771412e207820c9f7ae6fe1988",
                "thumb_720": "https:\/\/files.slack.com\/files-tmb\/T03FVM0K8-F05PG3QLFJQ-e35bd35075\/image_720.png?t=xoxe-3539714654-5811278554788-5832538929008-03dc07771412e207820c9f7ae6fe1988",
                "thumb_720_w": 720,
                "thumb_720_h": 107,
                "thumb_800": "https:\/\/files.slack.com\/files-tmb\/T03FVM0K8-F05PG3QLFJQ-e35bd35075\/image_800.png?t=xoxe-3539714654-5811278554788-5832538929008-03dc07771412e207820c9f7ae6fe1988",
                "thumb_800_w": 800,
                "thumb_800_h": 118,
                "thumb_960": "https:\/\/files.slack.com\/files-tmb\/T03FVM0K8-F05PG3QLFJQ-e35bd35075\/image_960.png?t=xoxe-3539714654-5811278554788-5832538929008-03dc07771412e207820c9f7ae6fe1988",
                "thumb_960_w": 960,
                "thumb_960_h": 142,
                "thumb_1024": "https:\/\/files.slack.com\/files-tmb\/T03FVM0K8-F05PG3QLFJQ-e35bd35075\/image_1024.png?t=xoxe-3539714654-5811278554788-5832538929008-03dc07771412e207820c9f7ae6fe1988",
                "thumb_1024_w": 1024,
                "thumb_1024_h": 152,
                "original_w": 1337,
                "original_h": 198,
                "thumb_tiny": "AwAHADDSxSgUUUAJg0AUtFACEZFJt56n86dSUAf\/2Q==",
                "permalink": "https:\/\/silverkey.slack.com\/files\/UA6R38XA8\/F05PG3QLFJQ\/image.png",
                "permalink_public": "https:\/\/slack-files.com\/T03FVM0K8-F05PG3QLFJQ-bf923cd41a",
                "is_starred": false,
                "has_rich_preview": false,
                "file_access": "visible"
            }
        ],
        "upload": false,
        "user": "UA6R38XA8",
        "ts": "1692896386.563329",
        "blocks": [
            {
                "type": "rich_text",
                "block_id": "bKks",
                "elements": [
                    {
                        "type": "rich_text_section",
                        "elements": [
                            {
                                "type": "user",
                                "user_id": "U01V3U7T0JC"
                            },
                            {
                                "type": "text",
                                "text": " please check"
                            }
                        ]
                    }
                ]
            }
        ],
        "client_msg_id": "ad9a5bce-0f8c-4854-a59e-bb945a683ec0",
        "thread_ts": "1692896386.563329",
        "reply_count": 2,
        "reply_users_count": 2,
        "latest_reply": "1692990190.247339",
        "reply_users": [
            "UA6R38XA8",
            "U01V3U7T0JC"
        ],
        "replies": [
            {
                "user": "UA6R38XA8",
                "ts": "1692968644.957209"
            },
            {
                "user": "U01V3U7T0JC",
                "ts": "1692990190.247339"
            }
        ],
        "is_locked": false,
        "subscribed": false
    }
]