[
    {
        "client_msg_id": "34717500-33fa-4a60-9df0-063b9dc14d7f",
        "type": "message",
        "text": "طب الحمد لله",
        "user": "U01V3U7T0JC",
        "ts": "1691661049.689479",
        "blocks": [
            {
                "type": "rich_text",
                "block_id": "oVGw7",
                "elements": [
                    {
                        "type": "rich_text_section",
                        "elements": [
                            {
                                "type": "text",
                                "text": "طب الحمد لله"
                            }
                        ]
                    }
                ]
            }
        ],
        "team": "T03FVM0K8",
        "user_team": "T03FVM0K8",
        "source_team": "T03FVM0K8",
        "user_profile": {
            "avatar_hash": "ae2b7a7a3b0e",
            "image_72": "https:\/\/avatars.slack-edge.com\/2021-05-11\/2053261994243_ae2b7a7a3b0ec3442151_72.jpg",
            "first_name": "Ahmed",
            "real_name": "Ahmed Elhelow",
            "display_name": "Ahmed Elhelow",
            "team": "T03FVM0K8",
            "name": "aelhelow",
            "is_restricted": false,
            "is_ultra_restricted": false
        },
        "thread_ts": "1690982751.411659",
        "parent_user_id": "U02P5PUDENL"
    }
]