[
    {
        "client_msg_id": "f522cbdc-e90e-4348-8f3f-24b8fb228fa1",
        "type": "message",
        "text": "<@U01V3U7T0JC> we need to run the files, please send me the new link and let me know when the Electricity down at the office.",
        "user": "UA6R38XA8",
        "ts": "1691575329.974609",
        "blocks": [
            {
                "type": "rich_text",
                "block_id": "nogN",
                "elements": [
                    {
                        "type": "rich_text_section",
                        "elements": [
                            {
                                "type": "user",
                                "user_id": "U01V3U7T0JC"
                            },
                            {
                                "type": "text",
                                "text": " we need to run the files, please send me the new link and let me know when the Electricity down at the office."
                            }
                        ]
                    }
                ]
            }
        ],
        "team": "T03FVM0K8",
        "user_team": "T03FVM0K8",
        "source_team": "T03FVM0K8",
        "user_profile": {
            "avatar_hash": "a3c1d7f64445",
            "image_72": "https:\/\/avatars.slack-edge.com\/2023-05-21\/5321281437360_a3c1d7f64445d4d77468_72.jpg",
            "first_name": "Abdallah",
            "real_name": "Abdallah Nasser",
            "display_name": "",
            "team": "T03FVM0K8",
            "name": "abdallahn",
            "is_restricted": false,
            "is_ultra_restricted": false
        },
        "thread_ts": "1691575329.974609",
        "reply_count": 7,
        "reply_users_count": 2,
        "latest_reply": "1691596229.086379",
        "reply_users": [
            "U01V3U7T0JC",
            "UA6R38XA8"
        ],
        "replies": [
            {
                "user": "U01V3U7T0JC",
                "ts": "1691584050.855939"
            },
            {
                "user": "U01V3U7T0JC",
                "ts": "1691587938.632989"
            },
            {
                "user": "U01V3U7T0JC",
                "ts": "1691587967.518419"
            },
            {
                "user": "U01V3U7T0JC",
                "ts": "1691594888.653699"
            },
            {
                "user": "UA6R38XA8",
                "ts": "1691595030.561409"
            },
            {
                "user": "U01V3U7T0JC",
                "ts": "1691595995.656109"
            },
            {
                "user": "UA6R38XA8",
                "ts": "1691596229.086379"
            }
        ],
        "is_locked": false,
        "subscribed": false
    },
    {
        "client_msg_id": "0cc95c6e-835b-41f3-a722-3cc636b579a8",
        "type": "message",
        "text": "حاضر",
        "user": "U01V3U7T0JC",
        "ts": "1691584050.855939",
        "blocks": [
            {
                "type": "rich_text",
                "block_id": "KtMga",
                "elements": [
                    {
                        "type": "rich_text_section",
                        "elements": [
                            {
                                "type": "text",
                                "text": "حاضر"
                            }
                        ]
                    }
                ]
            }
        ],
        "team": "T03FVM0K8",
        "user_team": "T03FVM0K8",
        "source_team": "T03FVM0K8",
        "user_profile": {
            "avatar_hash": "ae2b7a7a3b0e",
            "image_72": "https:\/\/avatars.slack-edge.com\/2021-05-11\/2053261994243_ae2b7a7a3b0ec3442151_72.jpg",
            "first_name": "Ahmed",
            "real_name": "Ahmed Elhelow",
            "display_name": "Ahmed Elhelow",
            "team": "T03FVM0K8",
            "name": "aelhelow",
            "is_restricted": false,
            "is_ultra_restricted": false
        },
        "thread_ts": "1691575329.974609",
        "parent_user_id": "UA6R38XA8"
    },
    {
        "client_msg_id": "006ae875-4c2a-45a2-8be0-4d750d3dd6fd",
        "type": "message",
        "text": "<@U03FVBQTR> we are waiting you.",
        "user": "UA6R38XA8",
        "ts": "1691584459.126729",
        "blocks": [
            {
                "type": "rich_text",
                "block_id": "s0DGq",
                "elements": [
                    {
                        "type": "rich_text_section",
                        "elements": [
                            {
                                "type": "user",
                                "user_id": "U03FVBQTR"
                            },
                            {
                                "type": "text",
                                "text": " we are waiting you."
                            }
                        ]
                    }
                ]
            }
        ],
        "team": "T03FVM0K8",
        "user_team": "T03FVM0K8",
        "source_team": "T03FVM0K8",
        "user_profile": {
            "avatar_hash": "a3c1d7f64445",
            "image_72": "https:\/\/avatars.slack-edge.com\/2023-05-21\/5321281437360_a3c1d7f64445d4d77468_72.jpg",
            "first_name": "Abdallah",
            "real_name": "Abdallah Nasser",
            "display_name": "",
            "team": "T03FVM0K8",
            "name": "abdallahn",
            "is_restricted": false,
            "is_ultra_restricted": false
        },
        "thread_ts": "1691506441.116679",
        "parent_user_id": "U03FVBQTR"
    },
    {
        "client_msg_id": "17f83df9-a02d-4b7e-becb-ea018096baf7",
        "type": "message",
        "text": "<https:\/\/caa5-196-157-18-118.ngrok-free.app|https:\/\/caa5-196-157-18-118.ngrok-free.app>",
        "user": "U01V3U7T0JC",
        "ts": "1691587938.632989",
        "blocks": [
            {
                "type": "rich_text",
                "block_id": "Djo",
                "elements": [
                    {
                        "type": "rich_text_section",
                        "elements": [
                            {
                                "type": "link",
                                "url": "https:\/\/caa5-196-157-18-118.ngrok-free.app",
                                "text": "https:\/\/caa5-196-157-18-118.ngrok-free.app"
                            }
                        ]
                    }
                ]
            }
        ],
        "team": "T03FVM0K8",
        "user_team": "T03FVM0K8",
        "source_team": "T03FVM0K8",
        "user_profile": {
            "avatar_hash": "ae2b7a7a3b0e",
            "image_72": "https:\/\/avatars.slack-edge.com\/2021-05-11\/2053261994243_ae2b7a7a3b0ec3442151_72.jpg",
            "first_name": "Ahmed",
            "real_name": "Ahmed Elhelow",
            "display_name": "Ahmed Elhelow",
            "team": "T03FVM0K8",
            "name": "aelhelow",
            "is_restricted": false,
            "is_ultra_restricted": false
        },
        "thread_ts": "1691575329.974609",
        "parent_user_id": "UA6R38XA8"
    },
    {
        "client_msg_id": "80152826-194f-4a3a-b3b9-47420f461a8d",
        "type": "message",
        "text": "لو الكهرباء قطعت هاقولك ان شاء الله",
        "user": "U01V3U7T0JC",
        "ts": "1691587967.518419",
        "blocks": [
            {
                "type": "rich_text",
                "block_id": "vkp9j",
                "elements": [
                    {
                        "type": "rich_text_section",
                        "elements": [
                            {
                                "type": "text",
                                "text": "لو الكهرباء قطعت هاقولك ان شاء الله"
                            }
                        ]
                    }
                ]
            }
        ],
        "team": "T03FVM0K8",
        "user_team": "T03FVM0K8",
        "source_team": "T03FVM0K8",
        "user_profile": {
            "avatar_hash": "ae2b7a7a3b0e",
            "image_72": "https:\/\/avatars.slack-edge.com\/2021-05-11\/2053261994243_ae2b7a7a3b0ec3442151_72.jpg",
            "first_name": "Ahmed",
            "real_name": "Ahmed Elhelow",
            "display_name": "Ahmed Elhelow",
            "team": "T03FVM0K8",
            "name": "aelhelow",
            "is_restricted": false,
            "is_ultra_restricted": false
        },
        "thread_ts": "1691575329.974609",
        "parent_user_id": "UA6R38XA8"
    },
    {
        "client_msg_id": "dcdafd41-e678-40a5-a7e2-154f32ea1e8a",
        "type": "message",
        "text": "اللينك شغال تمام",
        "user": "U01V3U7T0JC",
        "ts": "1691594888.653699",
        "blocks": [
            {
                "type": "rich_text",
                "block_id": "YPTO",
                "elements": [
                    {
                        "type": "rich_text_section",
                        "elements": [
                            {
                                "type": "text",
                                "text": "اللينك شغال تمام"
                            }
                        ]
                    }
                ]
            }
        ],
        "team": "T03FVM0K8",
        "user_team": "T03FVM0K8",
        "source_team": "T03FVM0K8",
        "user_profile": {
            "avatar_hash": "ae2b7a7a3b0e",
            "image_72": "https:\/\/avatars.slack-edge.com\/2021-05-11\/2053261994243_ae2b7a7a3b0ec3442151_72.jpg",
            "first_name": "Ahmed",
            "real_name": "Ahmed Elhelow",
            "display_name": "Ahmed Elhelow",
            "team": "T03FVM0K8",
            "name": "aelhelow",
            "is_restricted": false,
            "is_ultra_restricted": false
        },
        "thread_ts": "1691575329.974609",
        "parent_user_id": "UA6R38XA8"
    },
    {
        "client_msg_id": "f783cadb-1156-4ce8-b1c4-c6857aed366b",
        "type": "message",
        "text": "تمام",
        "user": "UA6R38XA8",
        "ts": "1691595030.561409",
        "blocks": [
            {
                "type": "rich_text",
                "block_id": "IX2",
                "elements": [
                    {
                        "type": "rich_text_section",
                        "elements": [
                            {
                                "type": "text",
                                "text": "تمام"
                            }
                        ]
                    }
                ]
            }
        ],
        "team": "T03FVM0K8",
        "user_team": "T03FVM0K8",
        "source_team": "T03FVM0K8",
        "user_profile": {
            "avatar_hash": "a3c1d7f64445",
            "image_72": "https:\/\/avatars.slack-edge.com\/2023-05-21\/5321281437360_a3c1d7f64445d4d77468_72.jpg",
            "first_name": "Abdallah",
            "real_name": "Abdallah Nasser",
            "display_name": "",
            "team": "T03FVM0K8",
            "name": "abdallahn",
            "is_restricted": false,
            "is_ultra_restricted": false
        },
        "thread_ts": "1691575329.974609",
        "parent_user_id": "UA6R38XA8"
    },
    {
        "client_msg_id": "4fac591a-7319-4bce-850f-4fd59c8fe8c3",
        "type": "message",
        "text": "الفايل شغال تمام",
        "user": "U01V3U7T0JC",
        "ts": "1691595995.656109",
        "blocks": [
            {
                "type": "rich_text",
                "block_id": "J7pMv",
                "elements": [
                    {
                        "type": "rich_text_section",
                        "elements": [
                            {
                                "type": "text",
                                "text": "الفايل شغال تمام"
                            }
                        ]
                    }
                ]
            }
        ],
        "team": "T03FVM0K8",
        "user_team": "T03FVM0K8",
        "source_team": "T03FVM0K8",
        "user_profile": {
            "avatar_hash": "ae2b7a7a3b0e",
            "image_72": "https:\/\/avatars.slack-edge.com\/2021-05-11\/2053261994243_ae2b7a7a3b0ec3442151_72.jpg",
            "first_name": "Ahmed",
            "real_name": "Ahmed Elhelow",
            "display_name": "Ahmed Elhelow",
            "team": "T03FVM0K8",
            "name": "aelhelow",
            "is_restricted": false,
            "is_ultra_restricted": false
        },
        "thread_ts": "1691575329.974609",
        "parent_user_id": "UA6R38XA8",
        "reactions": [
            {
                "name": "metal",
                "users": [
                    "UA6R38XA8"
                ],
                "count": 1
            }
        ]
    },
    {
        "client_msg_id": "01a49ed6-9148-4b64-9630-436ccc561790",
        "type": "message",
        "text": "<@U034X8927KL> I run a file now <https:\/\/tmd.incorso.xyz\/admin\/movement\/sub-movement-details\/rZNQAg\/w84enA>",
        "user": "UA6R38XA8",
        "ts": "1691596229.086379",
        "blocks": [
            {
                "type": "rich_text",
                "block_id": "2dn8M",
                "elements": [
                    {
                        "type": "rich_text_section",
                        "elements": [
                            {
                                "type": "user",
                                "user_id": "U034X8927KL"
                            },
                            {
                                "type": "text",
                                "text": " I run a file now "
                            },
                            {
                                "type": "link",
                                "url": "https:\/\/tmd.incorso.xyz\/admin\/movement\/sub-movement-details\/rZNQAg\/w84enA"
                            }
                        ]
                    }
                ]
            }
        ],
        "team": "T03FVM0K8",
        "user_team": "T03FVM0K8",
        "source_team": "T03FVM0K8",
        "user_profile": {
            "avatar_hash": "a3c1d7f64445",
            "image_72": "https:\/\/avatars.slack-edge.com\/2023-05-21\/5321281437360_a3c1d7f64445d4d77468_72.jpg",
            "first_name": "Abdallah",
            "real_name": "Abdallah Nasser",
            "display_name": "",
            "team": "T03FVM0K8",
            "name": "abdallahn",
            "is_restricted": false,
            "is_ultra_restricted": false
        },
        "thread_ts": "1691575329.974609",
        "parent_user_id": "UA6R38XA8"
    },
    {
        "type": "message",
        "text": "الله ينور عاش",
        "files": [
            {
                "id": "F05M42UPERH",
                "created": 1691612950,
                "timestamp": 1691612950,
                "name": "image.png",
                "title": "image.png",
                "mimetype": "image\/png",
                "filetype": "png",
                "pretty_type": "PNG",
                "user": "UA6R38XA8",
                "user_team": "T03FVM0K8",
                "editable": false,
                "size": 33968,
                "mode": "hosted",
                "is_external": false,
                "external_type": "",
                "is_public": true,
                "public_url_shared": false,
                "display_as_bot": false,
                "username": "",
                "url_private": "https:\/\/files.slack.com\/files-pri\/T03FVM0K8-F05M42UPERH\/image.png?t=xoxe-3539714654-5811278554788-5832538929008-03dc07771412e207820c9f7ae6fe1988",
                "url_private_download": "https:\/\/files.slack.com\/files-pri\/T03FVM0K8-F05M42UPERH\/download\/image.png?t=xoxe-3539714654-5811278554788-5832538929008-03dc07771412e207820c9f7ae6fe1988",
                "media_display_type": "unknown",
                "thumb_64": "https:\/\/files.slack.com\/files-tmb\/T03FVM0K8-F05M42UPERH-ede3e82b50\/image_64.png?t=xoxe-3539714654-5811278554788-5832538929008-03dc07771412e207820c9f7ae6fe1988",
                "thumb_80": "https:\/\/files.slack.com\/files-tmb\/T03FVM0K8-F05M42UPERH-ede3e82b50\/image_80.png?t=xoxe-3539714654-5811278554788-5832538929008-03dc07771412e207820c9f7ae6fe1988",
                "thumb_360": "https:\/\/files.slack.com\/files-tmb\/T03FVM0K8-F05M42UPERH-ede3e82b50\/image_360.png?t=xoxe-3539714654-5811278554788-5832538929008-03dc07771412e207820c9f7ae6fe1988",
                "thumb_360_w": 360,
                "thumb_360_h": 98,
                "thumb_480": "https:\/\/files.slack.com\/files-tmb\/T03FVM0K8-F05M42UPERH-ede3e82b50\/image_480.png?t=xoxe-3539714654-5811278554788-5832538929008-03dc07771412e207820c9f7ae6fe1988",
                "thumb_480_w": 480,
                "thumb_480_h": 131,
                "thumb_160": "https:\/\/files.slack.com\/files-tmb\/T03FVM0K8-F05M42UPERH-ede3e82b50\/image_160.png?t=xoxe-3539714654-5811278554788-5832538929008-03dc07771412e207820c9f7ae6fe1988",
                "thumb_720": "https:\/\/files.slack.com\/files-tmb\/T03FVM0K8-F05M42UPERH-ede3e82b50\/image_720.png?t=xoxe-3539714654-5811278554788-5832538929008-03dc07771412e207820c9f7ae6fe1988",
                "thumb_720_w": 720,
                "thumb_720_h": 197,
                "thumb_800": "https:\/\/files.slack.com\/files-tmb\/T03FVM0K8-F05M42UPERH-ede3e82b50\/image_800.png?t=xoxe-3539714654-5811278554788-5832538929008-03dc07771412e207820c9f7ae6fe1988",
                "thumb_800_w": 800,
                "thumb_800_h": 218,
                "thumb_960": "https:\/\/files.slack.com\/files-tmb\/T03FVM0K8-F05M42UPERH-ede3e82b50\/image_960.png?t=xoxe-3539714654-5811278554788-5832538929008-03dc07771412e207820c9f7ae6fe1988",
                "thumb_960_w": 960,
                "thumb_960_h": 262,
                "thumb_1024": "https:\/\/files.slack.com\/files-tmb\/T03FVM0K8-F05M42UPERH-ede3e82b50\/image_1024.png?t=xoxe-3539714654-5811278554788-5832538929008-03dc07771412e207820c9f7ae6fe1988",
                "thumb_1024_w": 1024,
                "thumb_1024_h": 279,
                "original_w": 1374,
                "original_h": 375,
                "thumb_tiny": "AwANADDS59aBn1o7UL0oATnPWlxSHrTqAGkUgzuHHFOPSkHWgD\/\/2Q==",
                "permalink": "https:\/\/silverkey.slack.com\/files\/UA6R38XA8\/F05M42UPERH\/image.png",
                "permalink_public": "https:\/\/slack-files.com\/T03FVM0K8-F05M42UPERH-094e39508e",
                "is_starred": false,
                "has_rich_preview": false,
                "file_access": "visible"
            }
        ],
        "upload": false,
        "user": "UA6R38XA8",
        "display_as_bot": false,
        "ts": "1691612958.856599",
        "blocks": [
            {
                "type": "rich_text",
                "block_id": "YzGs",
                "elements": [
                    {
                        "type": "rich_text_section",
                        "elements": [
                            {
                                "type": "text",
                                "text": "الله ينور عاش"
                            }
                        ]
                    }
                ]
            }
        ],
        "client_msg_id": "03a86b3e-4ecf-4c76-b9c7-c9a286a2b8ca",
        "thread_ts": "1690982751.411659",
        "parent_user_id": "U02P5PUDENL"
    },
    {
        "client_msg_id": "578c5ca2-db99-4042-adc0-033c88b73acf",
        "type": "message",
        "text": "<@U01V3U7T0JC>",
        "user": "UA6R38XA8",
        "ts": "1691612973.315179",
        "blocks": [
            {
                "type": "rich_text",
                "block_id": "9gM3",
                "elements": [
                    {
                        "type": "rich_text_section",
                        "elements": [
                            {
                                "type": "user",
                                "user_id": "U01V3U7T0JC"
                            }
                        ]
                    }
                ]
            }
        ],
        "team": "T03FVM0K8",
        "user_team": "T03FVM0K8",
        "source_team": "T03FVM0K8",
        "user_profile": {
            "avatar_hash": "a3c1d7f64445",
            "image_72": "https:\/\/avatars.slack-edge.com\/2023-05-21\/5321281437360_a3c1d7f64445d4d77468_72.jpg",
            "first_name": "Abdallah",
            "real_name": "Abdallah Nasser",
            "display_name": "",
            "team": "T03FVM0K8",
            "name": "abdallahn",
            "is_restricted": false,
            "is_ultra_restricted": false
        },
        "thread_ts": "1690982751.411659",
        "parent_user_id": "U02P5PUDENL"
    }
]