[
    {
        "client_msg_id": "d1ea955c-6706-4098-a963-521b70eaf232",
        "type": "message",
        "text": "<@UA6R38XA8> \nنفس اللينك شغال تمام\nووقفتلك الفايل اللى كان بيرن اللى بعتوه بالغلط",
        "user": "U01V3U7T0JC",
        "ts": "1692798835.378899",
        "blocks": [
            {
                "type": "rich_text",
                "block_id": "E9fq",
                "elements": [
                    {
                        "type": "rich_text_section",
                        "elements": [
                            {
                                "type": "user",
                                "user_id": "UA6R38XA8"
                            },
                            {
                                "type": "text",
                                "text": " \nنفس اللينك شغال تمام\nووقفتلك الفايل اللى كان بيرن اللى بعتوه بالغلط"
                            }
                        ]
                    }
                ]
            }
        ],
        "team": "T03FVM0K8",
        "user_team": "T03FVM0K8",
        "source_team": "T03FVM0K8",
        "user_profile": {
            "avatar_hash": "ae2b7a7a3b0e",
            "image_72": "https:\/\/avatars.slack-edge.com\/2021-05-11\/2053261994243_ae2b7a7a3b0ec3442151_72.jpg",
            "first_name": "Ahmed",
            "real_name": "Ahmed Elhelow",
            "display_name": "Ahmed Elhelow",
            "team": "T03FVM0K8",
            "name": "aelhelow",
            "is_restricted": false,
            "is_ultra_restricted": false
        },
        "thread_ts": "1692456445.995519",
        "parent_user_id": "UA6R38XA8"
    },
    {
        "client_msg_id": "6c16d761-0f62-4c01-82ec-cce8c2d2a00e",
        "type": "message",
        "text": "تمام شكرا يا ريس",
        "user": "UA6R38XA8",
        "ts": "1692799384.960009",
        "blocks": [
            {
                "type": "rich_text",
                "block_id": "UhWjh",
                "elements": [
                    {
                        "type": "rich_text_section",
                        "elements": [
                            {
                                "type": "text",
                                "text": "تمام شكرا يا ريس"
                            }
                        ]
                    }
                ]
            }
        ],
        "team": "T03FVM0K8",
        "user_team": "T03FVM0K8",
        "source_team": "T03FVM0K8",
        "user_profile": {
            "avatar_hash": "a3c1d7f64445",
            "image_72": "https:\/\/avatars.slack-edge.com\/2023-05-21\/5321281437360_a3c1d7f64445d4d77468_72.jpg",
            "first_name": "Abdallah",
            "real_name": "Abdallah Nasser",
            "display_name": "",
            "team": "T03FVM0K8",
            "name": "abdallahn",
            "is_restricted": false,
            "is_ultra_restricted": false
        },
        "thread_ts": "1692456445.995519",
        "parent_user_id": "UA6R38XA8"
    },
    {
        "client_msg_id": "93c2d2ae-b9c4-490e-950d-2da599a6c1bb",
        "type": "message",
        "text": "شغال يا كبير\nوصل ٣٪",
        "user": "U01V3U7T0JC",
        "ts": "1692800249.041139",
        "blocks": [
            {
                "type": "rich_text",
                "block_id": "m+A=K",
                "elements": [
                    {
                        "type": "rich_text_section",
                        "elements": [
                            {
                                "type": "text",
                                "text": "شغال يا كبير\nوصل ٣٪"
                            }
                        ]
                    }
                ]
            }
        ],
        "team": "T03FVM0K8",
        "user_team": "T03FVM0K8",
        "source_team": "T03FVM0K8",
        "user_profile": {
            "avatar_hash": "ae2b7a7a3b0e",
            "image_72": "https:\/\/avatars.slack-edge.com\/2021-05-11\/2053261994243_ae2b7a7a3b0ec3442151_72.jpg",
            "first_name": "Ahmed",
            "real_name": "Ahmed Elhelow",
            "display_name": "Ahmed Elhelow",
            "team": "T03FVM0K8",
            "name": "aelhelow",
            "is_restricted": false,
            "is_ultra_restricted": false
        },
        "thread_ts": "1692456445.995519",
        "parent_user_id": "UA6R38XA8"
    },
    {
        "client_msg_id": "bcbf397c-d91a-4346-9c9f-329e1ca0f856",
        "type": "message",
        "text": "<https:\/\/prod-tmd.demoday.us\/>",
        "user": "UA6R38XA8",
        "ts": "1692801477.388319",
        "blocks": [
            {
                "type": "rich_text",
                "block_id": "ziI",
                "elements": [
                    {
                        "type": "rich_text_section",
                        "elements": [
                            {
                                "type": "link",
                                "url": "https:\/\/prod-tmd.demoday.us\/"
                            }
                        ]
                    }
                ]
            }
        ],
        "team": "T03FVM0K8",
        "user_team": "T03FVM0K8",
        "source_team": "T03FVM0K8",
        "user_profile": {
            "avatar_hash": "a3c1d7f64445",
            "image_72": "https:\/\/avatars.slack-edge.com\/2023-05-21\/5321281437360_a3c1d7f64445d4d77468_72.jpg",
            "first_name": "Abdallah",
            "real_name": "Abdallah Nasser",
            "display_name": "",
            "team": "T03FVM0K8",
            "name": "abdallahn",
            "is_restricted": false,
            "is_ultra_restricted": false
        },
        "thread_ts": "1692456445.995519",
        "parent_user_id": "UA6R38XA8"
    },
    {
        "client_msg_id": "6f4bf352-6652-41ce-8518-a9248adf74b2",
        "type": "message",
        "text": "<@U01V3U7T0JC>",
        "user": "UA6R38XA8",
        "ts": "1692802908.109939",
        "blocks": [
            {
                "type": "rich_text",
                "block_id": "3oS",
                "elements": [
                    {
                        "type": "rich_text_section",
                        "elements": [
                            {
                                "type": "user",
                                "user_id": "U01V3U7T0JC"
                            }
                        ]
                    }
                ]
            }
        ],
        "team": "T03FVM0K8",
        "user_team": "T03FVM0K8",
        "source_team": "T03FVM0K8",
        "user_profile": {
            "avatar_hash": "a3c1d7f64445",
            "image_72": "https:\/\/avatars.slack-edge.com\/2023-05-21\/5321281437360_a3c1d7f64445d4d77468_72.jpg",
            "first_name": "Abdallah",
            "real_name": "Abdallah Nasser",
            "display_name": "",
            "team": "T03FVM0K8",
            "name": "abdallahn",
            "is_restricted": false,
            "is_ultra_restricted": false
        },
        "thread_ts": "1692456445.995519",
        "parent_user_id": "UA6R38XA8"
    },
    {
        "client_msg_id": "b731d0cf-b7d8-488e-96cc-35b0f12c7e88",
        "type": "message",
        "text": "<@UA6R38XA8>\nDone, then restarted the system so you will need to resend your file",
        "user": "U01V3U7T0JC",
        "ts": "1692804345.329099",
        "blocks": [
            {
                "type": "rich_text",
                "block_id": "sloOB",
                "elements": [
                    {
                        "type": "rich_text_section",
                        "elements": [
                            {
                                "type": "user",
                                "user_id": "UA6R38XA8"
                            },
                            {
                                "type": "text",
                                "text": "\nDone, then restarted the system so you will need to resend your file"
                            }
                        ]
                    }
                ]
            }
        ],
        "team": "T03FVM0K8",
        "user_team": "T03FVM0K8",
        "source_team": "T03FVM0K8",
        "user_profile": {
            "avatar_hash": "ae2b7a7a3b0e",
            "image_72": "https:\/\/avatars.slack-edge.com\/2021-05-11\/2053261994243_ae2b7a7a3b0ec3442151_72.jpg",
            "first_name": "Ahmed",
            "real_name": "Ahmed Elhelow",
            "display_name": "Ahmed Elhelow",
            "team": "T03FVM0K8",
            "name": "aelhelow",
            "is_restricted": false,
            "is_ultra_restricted": false
        },
        "thread_ts": "1692456445.995519",
        "parent_user_id": "UA6R38XA8"
    },
    {
        "client_msg_id": "7c87becd-c9a1-4697-b13b-edbffad5b002",
        "type": "message",
        "text": "okay thanks",
        "user": "UA6R38XA8",
        "ts": "1692804647.518089",
        "blocks": [
            {
                "type": "rich_text",
                "block_id": "VxFK",
                "elements": [
                    {
                        "type": "rich_text_section",
                        "elements": [
                            {
                                "type": "text",
                                "text": "okay thanks"
                            }
                        ]
                    }
                ]
            }
        ],
        "team": "T03FVM0K8",
        "user_team": "T03FVM0K8",
        "source_team": "T03FVM0K8",
        "user_profile": {
            "avatar_hash": "a3c1d7f64445",
            "image_72": "https:\/\/avatars.slack-edge.com\/2023-05-21\/5321281437360_a3c1d7f64445d4d77468_72.jpg",
            "first_name": "Abdallah",
            "real_name": "Abdallah Nasser",
            "display_name": "",
            "team": "T03FVM0K8",
            "name": "abdallahn",
            "is_restricted": false,
            "is_ultra_restricted": false
        },
        "thread_ts": "1692456445.995519",
        "parent_user_id": "UA6R38XA8"
    },
    {
        "client_msg_id": "46b282b1-3a98-452a-ba81-a435cec0a631",
        "type": "message",
        "text": "الفورمات تمام\nوشيكت على log file اول كام سطر كده تمام",
        "user": "U01V3U7T0JC",
        "ts": "1692807825.484609",
        "blocks": [
            {
                "type": "rich_text",
                "block_id": "D2e4J",
                "elements": [
                    {
                        "type": "rich_text_section",
                        "elements": [
                            {
                                "type": "text",
                                "text": "الفورمات تمام\nوشيكت على log file اول كام سطر كده تمام"
                            }
                        ]
                    }
                ]
            }
        ],
        "team": "T03FVM0K8",
        "user_team": "T03FVM0K8",
        "source_team": "T03FVM0K8",
        "user_profile": {
            "avatar_hash": "ae2b7a7a3b0e",
            "image_72": "https:\/\/avatars.slack-edge.com\/2021-05-11\/2053261994243_ae2b7a7a3b0ec3442151_72.jpg",
            "first_name": "Ahmed",
            "real_name": "Ahmed Elhelow",
            "display_name": "Ahmed Elhelow",
            "team": "T03FVM0K8",
            "name": "aelhelow",
            "is_restricted": false,
            "is_ultra_restricted": false
        },
        "thread_ts": "1692456445.995519",
        "parent_user_id": "UA6R38XA8"
    }
]