[
    {
        "client_msg_id": "0e6c2427-79c5-4cfb-82a5-08c99ef2c227",
        "type": "message",
        "text": "<@U01V3U7T0JC> I need to run the files tomorrow can you please send me the new URL.",
        "user": "UA6R38XA8",
        "ts": "1692456445.995519",
        "blocks": [
            {
                "type": "rich_text",
                "block_id": "g7GI1",
                "elements": [
                    {
                        "type": "rich_text_section",
                        "elements": [
                            {
                                "type": "user",
                                "user_id": "U01V3U7T0JC"
                            },
                            {
                                "type": "text",
                                "text": " I need to run the files tomorrow can you please send me the new URL."
                            }
                        ]
                    }
                ]
            }
        ],
        "team": "T03FVM0K8",
        "user_team": "T03FVM0K8",
        "source_team": "T03FVM0K8",
        "user_profile": {
            "avatar_hash": "a3c1d7f64445",
            "image_72": "https:\/\/avatars.slack-edge.com\/2023-05-21\/5321281437360_a3c1d7f64445d4d77468_72.jpg",
            "first_name": "Abdallah",
            "real_name": "Abdallah Nasser",
            "display_name": "",
            "team": "T03FVM0K8",
            "name": "abdallahn",
            "is_restricted": false,
            "is_ultra_restricted": false
        },
        "edited": {
            "user": "UA6R38XA8",
            "ts": "1692456454.000000"
        },
        "thread_ts": "1692456445.995519",
        "reply_count": 11,
        "reply_users_count": 2,
        "latest_reply": "1692807825.484609",
        "reply_users": [
            "U01V3U7T0JC",
            "UA6R38XA8"
        ],
        "replies": [
            {
                "user": "U01V3U7T0JC",
                "ts": "1692458305.784629"
            },
            {
                "user": "U01V3U7T0JC",
                "ts": "1692497306.192799"
            },
            {
                "user": "UA6R38XA8",
                "ts": "1692518410.444549"
            },
            {
                "user": "U01V3U7T0JC",
                "ts": "1692798835.378899"
            },
            {
                "user": "UA6R38XA8",
                "ts": "1692799384.960009"
            },
            {
                "user": "U01V3U7T0JC",
                "ts": "1692800249.041139"
            },
            {
                "user": "UA6R38XA8",
                "ts": "1692801477.388319"
            },
            {
                "user": "UA6R38XA8",
                "ts": "1692802908.109939"
            },
            {
                "user": "U01V3U7T0JC",
                "ts": "1692804345.329099"
            },
            {
                "user": "UA6R38XA8",
                "ts": "1692804647.518089"
            },
            {
                "user": "U01V3U7T0JC",
                "ts": "1692807825.484609"
            }
        ],
        "is_locked": false,
        "subscribed": false
    },
    {
        "client_msg_id": "4101f58e-d6e8-44bd-bf29-a3a3a729f230",
        "type": "message",
        "text": "حاضر هعمله وابعتهولك انهارده",
        "user": "U01V3U7T0JC",
        "ts": "1692458305.784629",
        "blocks": [
            {
                "type": "rich_text",
                "block_id": "4iw4f",
                "elements": [
                    {
                        "type": "rich_text_section",
                        "elements": [
                            {
                                "type": "text",
                                "text": "حاضر هعمله وابعتهولك انهارده"
                            }
                        ]
                    }
                ]
            }
        ],
        "team": "T03FVM0K8",
        "user_team": "T03FVM0K8",
        "source_team": "T03FVM0K8",
        "user_profile": {
            "avatar_hash": "ae2b7a7a3b0e",
            "image_72": "https:\/\/avatars.slack-edge.com\/2021-05-11\/2053261994243_ae2b7a7a3b0ec3442151_72.jpg",
            "first_name": "Ahmed",
            "real_name": "Ahmed Elhelow",
            "display_name": "Ahmed Elhelow",
            "team": "T03FVM0K8",
            "name": "aelhelow",
            "is_restricted": false,
            "is_ultra_restricted": false
        },
        "thread_ts": "1692456445.995519",
        "parent_user_id": "UA6R38XA8"
    },
    {
        "client_msg_id": "4793310f-373c-4548-90eb-a0a6d7917c96",
        "type": "message",
        "text": "<https:\/\/66fb-196-157-6-30.ngrok-free.app>",
        "user": "U01V3U7T0JC",
        "ts": "1692497306.192799",
        "blocks": [
            {
                "type": "rich_text",
                "block_id": "d6Q",
                "elements": [
                    {
                        "type": "rich_text_section",
                        "elements": [
                            {
                                "type": "link",
                                "url": "https:\/\/66fb-196-157-6-30.ngrok-free.app"
                            }
                        ]
                    }
                ]
            }
        ],
        "team": "T03FVM0K8",
        "user_team": "T03FVM0K8",
        "source_team": "T03FVM0K8",
        "user_profile": {
            "avatar_hash": "ae2b7a7a3b0e",
            "image_72": "https:\/\/avatars.slack-edge.com\/2021-05-11\/2053261994243_ae2b7a7a3b0ec3442151_72.jpg",
            "first_name": "Ahmed",
            "real_name": "Ahmed Elhelow",
            "display_name": "Ahmed Elhelow",
            "team": "T03FVM0K8",
            "name": "aelhelow",
            "is_restricted": false,
            "is_ultra_restricted": false
        },
        "thread_ts": "1692456445.995519",
        "parent_user_id": "UA6R38XA8"
    }
]