[
    {
        "client_msg_id": "2d549a1a-4d63-4e9e-ab1c-52f575b382ea",
        "type": "message",
        "text": "<@UA6R38XA8> <@U034X8927KL> sent you a meeting tomorrow to review the latest (hopefully final) update on the judge mvmt",
        "user": "U03FVBQTR",
        "ts": "1691506441.116679",
        "blocks": [
            {
                "type": "rich_text",
                "block_id": "p57",
                "elements": [
                    {
                        "type": "rich_text_section",
                        "elements": [
                            {
                                "type": "user",
                                "user_id": "UA6R38XA8"
                            },
                            {
                                "type": "text",
                                "text": " "
                            },
                            {
                                "type": "user",
                                "user_id": "U034X8927KL"
                            },
                            {
                                "type": "text",
                                "text": " sent you a meeting tomorrow to review the latest (hopefully final) update on the judge mvmt"
                            }
                        ]
                    }
                ]
            }
        ],
        "team": "T03FVM0K8",
        "user_team": "T03FVM0K8",
        "source_team": "T03FVM0K8",
        "user_profile": {
            "avatar_hash": "8fea588cf2f1",
            "image_72": "https:\/\/avatars.slack-edge.com\/2015-01-28\/3539674413_8fea588cf2f1390d3733_72.jpg",
            "first_name": "Taher",
            "real_name": "Taher El-Shafei",
            "display_name": "taherelshafei",
            "team": "T03FVM0K8",
            "name": "taherelshafei",
            "is_restricted": false,
            "is_ultra_restricted": false
        },
        "thread_ts": "1691506441.116679",
        "reply_count": 1,
        "reply_users_count": 1,
        "latest_reply": "1691584459.126729",
        "reply_users": [
            "UA6R38XA8"
        ],
        "replies": [
            {
                "user": "UA6R38XA8",
                "ts": "1691584459.126729"
            }
        ],
        "is_locked": false,
        "subscribed": false,
        "reactions": [
            {
                "name": "+1",
                "users": [
                    "UA6R38XA8",
                    "U034X8927KL"
                ],
                "count": 2
            }
        ]
    }
]