[
    {
        "client_msg_id": "3b315670-6516-478a-b9c8-0fcb4897b7c0",
        "type": "message",
        "text": "Thanks",
        "user": "UA6R38XA8",
        "ts": "1692518410.444549",
        "blocks": [
            {
                "type": "rich_text",
                "block_id": "ELXRI",
                "elements": [
                    {
                        "type": "rich_text_section",
                        "elements": [
                            {
                                "type": "text",
                                "text": "Thanks"
                            }
                        ]
                    }
                ]
            }
        ],
        "team": "T03FVM0K8",
        "user_team": "T03FVM0K8",
        "source_team": "T03FVM0K8",
        "user_profile": {
            "avatar_hash": "a3c1d7f64445",
            "image_72": "https:\/\/avatars.slack-edge.com\/2023-05-21\/5321281437360_a3c1d7f64445d4d77468_72.jpg",
            "first_name": "Abdallah",
            "real_name": "Abdallah Nasser",
            "display_name": "",
            "team": "T03FVM0K8",
            "name": "abdallahn",
            "is_restricted": false,
            "is_ultra_restricted": false
        },
        "thread_ts": "1692456445.995519",
        "parent_user_id": "UA6R38XA8"
    }
]