[
    {
        "client_msg_id": "c7f52883-6a9a-4789-b87c-b79da2d54b75",
        "type": "message",
        "text": "<@U01V3U7T0JC> we have a meeting next Monday, we need to run the files one more time please send me the new link.",
        "user": "UA6R38XA8",
        "ts": "1690452755.346989",
        "blocks": [
            {
                "type": "rich_text",
                "block_id": "OiyB",
                "elements": [
                    {
                        "type": "rich_text_section",
                        "elements": [
                            {
                                "type": "user",
                                "user_id": "U01V3U7T0JC"
                            },
                            {
                                "type": "text",
                                "text": " we have a meeting next Monday, we need to run the files one more time please send me the new link."
                            }
                        ]
                    }
                ]
            }
        ],
        "team": "T03FVM0K8",
        "user_team": "T03FVM0K8",
        "source_team": "T03FVM0K8",
        "user_profile": {
            "avatar_hash": "a3c1d7f64445",
            "image_72": "https:\/\/avatars.slack-edge.com\/2023-05-21\/5321281437360_a3c1d7f64445d4d77468_72.jpg",
            "first_name": "Abdallah",
            "real_name": "Abdallah Nasser",
            "display_name": "",
            "team": "T03FVM0K8",
            "name": "abdallahn",
            "is_restricted": false,
            "is_ultra_restricted": false
        },
        "thread_ts": "1690452755.346989",
        "reply_count": 10,
        "reply_users_count": 2,
        "latest_reply": "1690991687.909019",
        "reply_users": [
            "U01V3U7T0JC",
            "UA6R38XA8"
        ],
        "replies": [
            {
                "user": "U01V3U7T0JC",
                "ts": "1690463099.844949"
            },
            {
                "user": "U01V3U7T0JC",
                "ts": "1690492725.598699"
            },
            {
                "user": "U01V3U7T0JC",
                "ts": "1690656728.578889"
            },
            {
                "user": "UA6R38XA8",
                "ts": "1690704253.568079"
            },
            {
                "user": "U01V3U7T0JC",
                "ts": "1690719638.905489"
            },
            {
                "user": "UA6R38XA8",
                "ts": "1690719753.505359"
            },
            {
                "user": "U01V3U7T0JC",
                "ts": "1690721315.877159"
            },
            {
                "user": "UA6R38XA8",
                "ts": "1690721818.316749"
            },
            {
                "user": "UA6R38XA8",
                "ts": "1690721821.719869"
            },
            {
                "user": "U01V3U7T0JC",
                "ts": "1690991687.909019"
            }
        ],
        "is_locked": false,
        "subscribed": false
    },
    {
        "client_msg_id": "b542478d-d606-47b5-b834-a6331a072926",
        "type": "message",
        "text": "Okay, I will send it shortly",
        "user": "U01V3U7T0JC",
        "ts": "1690463099.844949",
        "blocks": [
            {
                "type": "rich_text",
                "block_id": "jhrpy",
                "elements": [
                    {
                        "type": "rich_text_section",
                        "elements": [
                            {
                                "type": "text",
                                "text": "Okay, I will send it shortly"
                            }
                        ]
                    }
                ]
            }
        ],
        "team": "T03FVM0K8",
        "user_team": "T03FVM0K8",
        "source_team": "T03FVM0K8",
        "user_profile": {
            "avatar_hash": "ae2b7a7a3b0e",
            "image_72": "https:\/\/avatars.slack-edge.com\/2021-05-11\/2053261994243_ae2b7a7a3b0ec3442151_72.jpg",
            "first_name": "Ahmed",
            "real_name": "Ahmed Elhelow",
            "display_name": "Ahmed Elhelow",
            "team": "T03FVM0K8",
            "name": "aelhelow",
            "is_restricted": false,
            "is_ultra_restricted": false
        },
        "thread_ts": "1690452755.346989",
        "parent_user_id": "UA6R38XA8"
    },
    {
        "client_msg_id": "7dbfa4df-04e1-4dab-9d68-2145e3983fac",
        "type": "message",
        "text": "new url\n<https:\/\/e370-196-157-115-222.ngrok-free.app>",
        "user": "U01V3U7T0JC",
        "ts": "1690492725.598699",
        "blocks": [
            {
                "type": "rich_text",
                "block_id": "UrO1d",
                "elements": [
                    {
                        "type": "rich_text_section",
                        "elements": [
                            {
                                "type": "text",
                                "text": "new url\n"
                            },
                            {
                                "type": "link",
                                "url": "https:\/\/e370-196-157-115-222.ngrok-free.app"
                            }
                        ]
                    }
                ]
            }
        ],
        "team": "T03FVM0K8",
        "user_team": "T03FVM0K8",
        "source_team": "T03FVM0K8",
        "user_profile": {
            "avatar_hash": "ae2b7a7a3b0e",
            "image_72": "https:\/\/avatars.slack-edge.com\/2021-05-11\/2053261994243_ae2b7a7a3b0ec3442151_72.jpg",
            "first_name": "Ahmed",
            "real_name": "Ahmed Elhelow",
            "display_name": "Ahmed Elhelow",
            "team": "T03FVM0K8",
            "name": "aelhelow",
            "is_restricted": false,
            "is_ultra_restricted": false
        },
        "thread_ts": "1690452755.346989",
        "parent_user_id": "UA6R38XA8"
    }
]