[
    {
        "type": "message",
        "text": "Hello everyone, little problem here\nThe web app works until I click a certain page which shows the details of a Case, I debugged the back end and everything is working fine there,\nbut as soon as the code goes to compile the razor page itself it gets pissed at this line (the \"not\" keyword) If I replace it with \"!=\" the page works fine.\nI cant remove them because they are in multiple pages in the project and it works on every other pc.\nThe code runs and works fine on everyone's else pcs, with same database and same code.\nOther razor pages which do not contain \"Not\" fine in the web app",
        "files": [
            {
                "id": "F05N3G7M6CC",
                "created": 1692182038,
                "timestamp": 1692182038,
                "name": "1.png",
                "title": "1.png",
                "mimetype": "image\/png",
                "filetype": "png",
                "pretty_type": "PNG",
                "user": "U04509JHX54",
                "user_team": "T03FVM0K8",
                "editable": false,
                "size": 62695,
                "mode": "hosted",
                "is_external": false,
                "external_type": "",
                "is_public": true,
                "public_url_shared": false,
                "display_as_bot": false,
                "username": "",
                "url_private": "https:\/\/files.slack.com\/files-pri\/T03FVM0K8-F05N3G7M6CC\/1.png?t=xoxe-3539714654-5811278554788-5832538929008-03dc07771412e207820c9f7ae6fe1988",
                "url_private_download": "https:\/\/files.slack.com\/files-pri\/T03FVM0K8-F05N3G7M6CC\/download\/1.png?t=xoxe-3539714654-5811278554788-5832538929008-03dc07771412e207820c9f7ae6fe1988",
                "media_display_type": "unknown",
                "thumb_64": "https:\/\/files.slack.com\/files-tmb\/T03FVM0K8-F05N3G7M6CC-f5966713c4\/1_64.png?t=xoxe-3539714654-5811278554788-5832538929008-03dc07771412e207820c9f7ae6fe1988",
                "thumb_80": "https:\/\/files.slack.com\/files-tmb\/T03FVM0K8-F05N3G7M6CC-f5966713c4\/1_80.png?t=xoxe-3539714654-5811278554788-5832538929008-03dc07771412e207820c9f7ae6fe1988",
                "thumb_360": "https:\/\/files.slack.com\/files-tmb\/T03FVM0K8-F05N3G7M6CC-f5966713c4\/1_360.png?t=xoxe-3539714654-5811278554788-5832538929008-03dc07771412e207820c9f7ae6fe1988",
                "thumb_360_w": 360,
                "thumb_360_h": 95,
                "thumb_480": "https:\/\/files.slack.com\/files-tmb\/T03FVM0K8-F05N3G7M6CC-f5966713c4\/1_480.png?t=xoxe-3539714654-5811278554788-5832538929008-03dc07771412e207820c9f7ae6fe1988",
                "thumb_480_w": 480,
                "thumb_480_h": 127,
                "thumb_160": "https:\/\/files.slack.com\/files-tmb\/T03FVM0K8-F05N3G7M6CC-f5966713c4\/1_160.png?t=xoxe-3539714654-5811278554788-5832538929008-03dc07771412e207820c9f7ae6fe1988",
                "thumb_720": "https:\/\/files.slack.com\/files-tmb\/T03FVM0K8-F05N3G7M6CC-f5966713c4\/1_720.png?t=xoxe-3539714654-5811278554788-5832538929008-03dc07771412e207820c9f7ae6fe1988",
                "thumb_720_w": 720,
                "thumb_720_h": 190,
                "thumb_800": "https:\/\/files.slack.com\/files-tmb\/T03FVM0K8-F05N3G7M6CC-f5966713c4\/1_800.png?t=xoxe-3539714654-5811278554788-5832538929008-03dc07771412e207820c9f7ae6fe1988",
                "thumb_800_w": 800,
                "thumb_800_h": 211,
                "thumb_960": "https:\/\/files.slack.com\/files-tmb\/T03FVM0K8-F05N3G7M6CC-f5966713c4\/1_960.png?t=xoxe-3539714654-5811278554788-5832538929008-03dc07771412e207820c9f7ae6fe1988",
                "thumb_960_w": 960,
                "thumb_960_h": 253,
                "thumb_1024": "https:\/\/files.slack.com\/files-tmb\/T03FVM0K8-F05N3G7M6CC-f5966713c4\/1_1024.png?t=xoxe-3539714654-5811278554788-5832538929008-03dc07771412e207820c9f7ae6fe1988",
                "thumb_1024_w": 1024,
                "thumb_1024_h": 270,
                "original_w": 1879,
                "original_h": 496,
                "thumb_tiny": "AwAMADDR2ijFBozQAuPpRgegoFLQAmB6CjA9KWigD\/\/Z",
                "permalink": "https:\/\/silverkey.slack.com\/files\/U04509JHX54\/F05N3G7M6CC\/1.png",
                "permalink_public": "https:\/\/slack-files.com\/T03FVM0K8-F05N3G7M6CC-cc00c49788",
                "is_starred": false,
                "has_rich_preview": false,
                "file_access": "visible"
            },
            {
                "id": "F05NDMWHPKK",
                "created": 1692182042,
                "timestamp": 1692182042,
                "name": "2.png",
                "title": "2.png",
                "mimetype": "image\/png",
                "filetype": "png",
                "pretty_type": "PNG",
                "user": "U04509JHX54",
                "user_team": "T03FVM0K8",
                "editable": false,
                "size": 77236,
                "mode": "hosted",
                "is_external": false,
                "external_type": "",
                "is_public": true,
                "public_url_shared": false,
                "display_as_bot": false,
                "username": "",
                "url_private": "https:\/\/files.slack.com\/files-pri\/T03FVM0K8-F05NDMWHPKK\/2.png?t=xoxe-3539714654-5811278554788-5832538929008-03dc07771412e207820c9f7ae6fe1988",
                "url_private_download": "https:\/\/files.slack.com\/files-pri\/T03FVM0K8-F05NDMWHPKK\/download\/2.png?t=xoxe-3539714654-5811278554788-5832538929008-03dc07771412e207820c9f7ae6fe1988",
                "media_display_type": "unknown",
                "thumb_64": "https:\/\/files.slack.com\/files-tmb\/T03FVM0K8-F05NDMWHPKK-35f887b237\/2_64.png?t=xoxe-3539714654-5811278554788-5832538929008-03dc07771412e207820c9f7ae6fe1988",
                "thumb_80": "https:\/\/files.slack.com\/files-tmb\/T03FVM0K8-F05NDMWHPKK-35f887b237\/2_80.png?t=xoxe-3539714654-5811278554788-5832538929008-03dc07771412e207820c9f7ae6fe1988",
                "thumb_360": "https:\/\/files.slack.com\/files-tmb\/T03FVM0K8-F05NDMWHPKK-35f887b237\/2_360.png?t=xoxe-3539714654-5811278554788-5832538929008-03dc07771412e207820c9f7ae6fe1988",
                "thumb_360_w": 360,
                "thumb_360_h": 159,
                "thumb_480": "https:\/\/files.slack.com\/files-tmb\/T03FVM0K8-F05NDMWHPKK-35f887b237\/2_480.png?t=xoxe-3539714654-5811278554788-5832538929008-03dc07771412e207820c9f7ae6fe1988",
                "thumb_480_w": 480,
                "thumb_480_h": 212,
                "thumb_160": "https:\/\/files.slack.com\/files-tmb\/T03FVM0K8-F05NDMWHPKK-35f887b237\/2_160.png?t=xoxe-3539714654-5811278554788-5832538929008-03dc07771412e207820c9f7ae6fe1988",
                "thumb_720": "https:\/\/files.slack.com\/files-tmb\/T03FVM0K8-F05NDMWHPKK-35f887b237\/2_720.png?t=xoxe-3539714654-5811278554788-5832538929008-03dc07771412e207820c9f7ae6fe1988",
                "thumb_720_w": 720,
                "thumb_720_h": 317,
                "thumb_800": "https:\/\/files.slack.com\/files-tmb\/T03FVM0K8-F05NDMWHPKK-35f887b237\/2_800.png?t=xoxe-3539714654-5811278554788-5832538929008-03dc07771412e207820c9f7ae6fe1988",
                "thumb_800_w": 800,
                "thumb_800_h": 353,
                "thumb_960": "https:\/\/files.slack.com\/files-tmb\/T03FVM0K8-F05NDMWHPKK-35f887b237\/2_960.png?t=xoxe-3539714654-5811278554788-5832538929008-03dc07771412e207820c9f7ae6fe1988",
                "thumb_960_w": 960,
                "thumb_960_h": 423,
                "thumb_1024": "https:\/\/files.slack.com\/files-tmb\/T03FVM0K8-F05NDMWHPKK-35f887b237\/2_1024.png?t=xoxe-3539714654-5811278554788-5832538929008-03dc07771412e207820c9f7ae6fe1988",
                "thumb_1024_w": 1024,
                "thumb_1024_h": 452,
                "original_w": 1896,
                "original_h": 836,
                "thumb_tiny": "AwAVADDRwKXH0\/KgUtACY+lGB6ClooATA9BRgelLRQA0ilApDSigBaKKKACiiigD\/9k=",
                "permalink": "https:\/\/silverkey.slack.com\/files\/U04509JHX54\/F05NDMWHPKK\/2.png",
                "permalink_public": "https:\/\/slack-files.com\/T03FVM0K8-F05NDMWHPKK-770cbbe9bc",
                "is_starred": false,
                "has_rich_preview": false,
                "file_access": "visible"
            }
        ],
        "upload": false,
        "user": "U04509JHX54",
        "ts": "1692182118.530539",
        "blocks": [
            {
                "type": "rich_text",
                "block_id": "sGc",
                "elements": [
                    {
                        "type": "rich_text_section",
                        "elements": [
                            {
                                "type": "text",
                                "text": "Hello everyone, little problem here\nThe web app works until I click a certain page which shows the details of a Case, I debugged the back end and everything is working fine there,\nbut as soon as the code goes to compile the razor page itself it gets pissed at this line (the \"not\" keyword) If I replace it with \"!=\" the page works fine.\nI cant remove them because they are in multiple pages in the project and it works on every other pc.\nThe code runs and works fine on everyone's else pcs, with same database and same code.\nOther razor pages which do not contain \"Not\" fine in the web app"
                            }
                        ]
                    }
                ]
            }
        ],
        "client_msg_id": "2a39de9c-400a-4da0-9634-c4e1f22a1fcb",
        "thread_ts": "1692182118.530539",
        "reply_count": 9,
        "reply_users_count": 2,
        "latest_reply": "1692187128.252249",
        "reply_users": [
            "U04509JHX54",
            "U03FVM0KA"
        ],
        "replies": [
            {
                "user": "U04509JHX54",
                "ts": "1692182122.343359"
            },
            {
                "user": "U03FVM0KA",
                "ts": "1692182279.100429"
            },
            {
                "user": "U03FVM0KA",
                "ts": "1692182288.566299"
            },
            {
                "user": "U03FVM0KA",
                "ts": "1692182420.327739"
            },
            {
                "user": "U03FVM0KA",
                "ts": "1692182432.609909"
            },
            {
                "user": "U04509JHX54",
                "ts": "1692183105.384569"
            },
            {
                "user": "U04509JHX54",
                "ts": "1692183113.995969"
            },
            {
                "user": "U03FVM0KA",
                "ts": "1692187064.973039"
            },
            {
                "user": "U03FVM0KA",
                "ts": "1692187128.252249"
            }
        ],
        "is_locked": false,
        "subscribed": true,
        "last_read": "1692187128.252249"
    },
    {
        "client_msg_id": "9097cbdd-8779-4925-b86b-dedbdeefa59f",
        "type": "message",
        "text": "I have tried the following\n• Tried  setting 'CopyRefAssembliesToPublishDirectory' to true in the project file (which is said in the debug msg)\n• Delete Repo and re clone\n• Delete Database and restore it\n• Uninstall,download and update Visual studio 2022\n• Uninstall,download and update dotnet sdks 3.1,6,7 all of them\n• Uninstall,download and update sql express\n• Uninstall,download and update Redis\n• Clean reinstall of Windows which made me reinstall everything",
        "user": "U04509JHX54",
        "ts": "1692182122.343359",
        "blocks": [
            {
                "type": "rich_text",
                "block_id": "m+WUJ",
                "elements": [
                    {
                        "type": "rich_text_section",
                        "elements": [
                            {
                                "type": "text",
                                "text": "I have tried the following\n"
                            }
                        ]
                    },
                    {
                        "type": "rich_text_list",
                        "elements": [
                            {
                                "type": "rich_text_section",
                                "elements": [
                                    {
                                        "type": "text",
                                        "text": "Tried  setting 'CopyRefAssembliesToPublishDirectory' to true in the project file (which is said in the debug msg)"
                                    }
                                ]
                            },
                            {
                                "type": "rich_text_section",
                                "elements": [
                                    {
                                        "type": "text",
                                        "text": "Delete Repo and re clone"
                                    }
                                ]
                            },
                            {
                                "type": "rich_text_section",
                                "elements": [
                                    {
                                        "type": "text",
                                        "text": "Delete Database and restore it"
                                    }
                                ]
                            },
                            {
                                "type": "rich_text_section",
                                "elements": [
                                    {
                                        "type": "text",
                                        "text": "Uninstall,download and update Visual studio 2022"
                                    }
                                ]
                            },
                            {
                                "type": "rich_text_section",
                                "elements": [
                                    {
                                        "type": "text",
                                        "text": "Uninstall,download and update dotnet sdks 3.1,6,7 all of them"
                                    }
                                ]
                            },
                            {
                                "type": "rich_text_section",
                                "elements": [
                                    {
                                        "type": "text",
                                        "text": "Uninstall,download and update sql express"
                                    }
                                ]
                            },
                            {
                                "type": "rich_text_section",
                                "elements": [
                                    {
                                        "type": "text",
                                        "text": "Uninstall,download and update Redis"
                                    }
                                ]
                            },
                            {
                                "type": "rich_text_section",
                                "elements": [
                                    {
                                        "type": "text",
                                        "text": "Clean reinstall of Windows which made me reinstall everything"
                                    }
                                ]
                            }
                        ],
                        "style": "bullet",
                        "indent": 0,
                        "border": 0
                    }
                ]
            }
        ],
        "team": "T03FVM0K8",
        "user_team": "T03FVM0K8",
        "source_team": "T03FVM0K8",
        "user_profile": {
            "avatar_hash": "0856e36f14db",
            "image_72": "https:\/\/avatars.slack-edge.com\/2023-06-19\/5461192366561_0856e36f14db131b77b3_72.jpg",
            "first_name": "Bassel",
            "real_name": "Bassel Sharaf",
            "display_name": "Bassel",
            "team": "T03FVM0K8",
            "name": "bassela",
            "is_restricted": false,
            "is_ultra_restricted": false
        },
        "edited": {
            "user": "U04509JHX54",
            "ts": "1692182179.000000"
        },
        "thread_ts": "1692182118.530539",
        "parent_user_id": "U04509JHX54"
    },
    {
        "client_msg_id": "52e5d670-37f2-40c8-915f-977b5f8adddf",
        "type": "message",
        "text": "<https:\/\/learn.microsoft.com\/en-us\/aspnet\/core\/razor-pages\/sdk?view=aspnetcore-7.0>",
        "user": "U03FVM0KA",
        "ts": "1692182279.100429",
        "blocks": [
            {
                "type": "rich_text",
                "block_id": "mheE6",
                "elements": [
                    {
                        "type": "rich_text_section",
                        "elements": [
                            {
                                "type": "link",
                                "url": "https:\/\/learn.microsoft.com\/en-us\/aspnet\/core\/razor-pages\/sdk?view=aspnetcore-7.0"
                            }
                        ]
                    }
                ]
            }
        ],
        "team": "T03FVM0K8",
        "user_team": "T03FVM0K8",
        "source_team": "T03FVM0K8",
        "user_profile": {
            "avatar_hash": "3b5718eb9f45",
            "image_72": "https:\/\/avatars.slack-edge.com\/2023-07-16\/5599264436273_3b5718eb9f45b3c2a13a_72.jpg",
            "first_name": "dodyg",
            "real_name": "dodyg",
            "display_name": "",
            "team": "T03FVM0K8",
            "name": "dodyg",
            "is_restricted": false,
            "is_ultra_restricted": false
        },
        "attachments": [
            {
                "from_url": "https:\/\/learn.microsoft.com\/en-us\/aspnet\/core\/razor-pages\/sdk?view=aspnetcore-7.0",
                "image_url": "https:\/\/learn.microsoft.com\/en-us\/media\/open-graph-image.png",
                "image_width": 1201,
                "image_height": 630,
                "image_bytes": 96039,
                "service_icon": "https:\/\/learn.microsoft.com\/favicon.ico",
                "id": 1,
                "original_url": "https:\/\/learn.microsoft.com\/en-us\/aspnet\/core\/razor-pages\/sdk?view=aspnetcore-7.0",
                "fallback": "ASP.NET Core Razor SDK",
                "text": "Learn how Razor Pages in <http:\/\/ASP.NET|ASP.NET> Core makes coding page-focused scenarios easier and more productive than using MVC.",
                "title": "ASP.NET Core Razor SDK",
                "title_link": "https:\/\/learn.microsoft.com\/en-us\/aspnet\/core\/razor-pages\/sdk?view=aspnetcore-7.0",
                "service_name": "learn.microsoft.com"
            }
        ],
        "thread_ts": "1692182118.530539",
        "parent_user_id": "U04509JHX54"
    },
    {
        "client_msg_id": "5d492f42-18a0-4d90-af00-d52a751628e5",
        "type": "message",
        "text": "Set the\n```&lt;PropertyGroup&gt;\n  &lt;RazorLangVersion&gt;{VERSION}&lt;\/RazorLangVersion&gt;\n&lt;\/PropertyGroup&gt;```\n",
        "user": "U03FVM0KA",
        "ts": "1692182288.566299",
        "blocks": [
            {
                "type": "rich_text",
                "block_id": "xetr",
                "elements": [
                    {
                        "type": "rich_text_section",
                        "elements": [
                            {
                                "type": "text",
                                "text": "Set the\n"
                            }
                        ]
                    },
                    {
                        "type": "rich_text_preformatted",
                        "elements": [
                            {
                                "type": "text",
                                "text": "<PropertyGroup>\n  <RazorLangVersion>{VERSION}<\/RazorLangVersion>\n<\/PropertyGroup>"
                            }
                        ],
                        "border": 0
                    },
                    {
                        "type": "rich_text_section",
                        "elements": []
                    }
                ]
            }
        ],
        "team": "T03FVM0K8",
        "user_team": "T03FVM0K8",
        "source_team": "T03FVM0K8",
        "user_profile": {
            "avatar_hash": "3b5718eb9f45",
            "image_72": "https:\/\/avatars.slack-edge.com\/2023-07-16\/5599264436273_3b5718eb9f45b3c2a13a_72.jpg",
            "first_name": "dodyg",
            "real_name": "dodyg",
            "display_name": "",
            "team": "T03FVM0K8",
            "name": "dodyg",
            "is_restricted": false,
            "is_ultra_restricted": false
        },
        "thread_ts": "1692182118.530539",
        "parent_user_id": "U04509JHX54"
    },
    {
        "client_msg_id": "05eb872f-cc93-41e6-b5a9-5f7a2a9217ca",
        "type": "message",
        "text": "easier still is to pin down the version of the .net you are using at <https:\/\/github.com\/silverkeytech\/ssco>",
        "user": "U03FVM0KA",
        "ts": "1692182420.327739",
        "blocks": [
            {
                "type": "rich_text",
                "block_id": "mKmM9",
                "elements": [
                    {
                        "type": "rich_text_section",
                        "elements": [
                            {
                                "type": "text",
                                "text": "easier still is to pin down the version of the .net you are using at "
                            },
                            {
                                "type": "link",
                                "url": "https:\/\/github.com\/silverkeytech\/ssco"
                            }
                        ]
                    }
                ]
            }
        ],
        "team": "T03FVM0K8",
        "user_team": "T03FVM0K8",
        "source_team": "T03FVM0K8",
        "user_profile": {
            "avatar_hash": "3b5718eb9f45",
            "image_72": "https:\/\/avatars.slack-edge.com\/2023-07-16\/5599264436273_3b5718eb9f45b3c2a13a_72.jpg",
            "first_name": "dodyg",
            "real_name": "dodyg",
            "display_name": "",
            "team": "T03FVM0K8",
            "name": "dodyg",
            "is_restricted": false,
            "is_ultra_restricted": false
        },
        "thread_ts": "1692182118.530539",
        "parent_user_id": "U04509JHX54"
    },
    {
        "client_msg_id": "48ceedc7-5b53-40ec-8446-2fa8bb154eea",
        "type": "message",
        "text": "<https:\/\/learn.microsoft.com\/en-us\/dotnet\/core\/tools\/global-json>",
        "user": "U03FVM0KA",
        "ts": "1692182432.609909",
        "blocks": [
            {
                "type": "rich_text",
                "block_id": "7dlqg",
                "elements": [
                    {
                        "type": "rich_text_section",
                        "elements": [
                            {
                                "type": "link",
                                "url": "https:\/\/learn.microsoft.com\/en-us\/dotnet\/core\/tools\/global-json"
                            }
                        ]
                    }
                ]
            }
        ],
        "team": "T03FVM0K8",
        "user_team": "T03FVM0K8",
        "source_team": "T03FVM0K8",
        "user_profile": {
            "avatar_hash": "3b5718eb9f45",
            "image_72": "https:\/\/avatars.slack-edge.com\/2023-07-16\/5599264436273_3b5718eb9f45b3c2a13a_72.jpg",
            "first_name": "dodyg",
            "real_name": "dodyg",
            "display_name": "",
            "team": "T03FVM0K8",
            "name": "dodyg",
            "is_restricted": false,
            "is_ultra_restricted": false
        },
        "attachments": [
            {
                "from_url": "https:\/\/learn.microsoft.com\/en-us\/dotnet\/core\/tools\/global-json",
                "thumb_url": "https:\/\/learn.microsoft.com\/dotnet\/media\/dotnet-logo.png",
                "thumb_width": 456,
                "thumb_height": 456,
                "service_icon": "https:\/\/learn.microsoft.com\/favicon.ico",
                "id": 1,
                "original_url": "https:\/\/learn.microsoft.com\/en-us\/dotnet\/core\/tools\/global-json",
                "fallback": "global.json overview - .NET CLI",
                "text": "Learn how to use the global.json file to set the .NET SDK version when running .NET CLI commands.",
                "title": "global.json overview - .NET CLI",
                "title_link": "https:\/\/learn.microsoft.com\/en-us\/dotnet\/core\/tools\/global-json",
                "service_name": "learn.microsoft.com"
            }
        ],
        "thread_ts": "1692182118.530539",
        "parent_user_id": "U04509JHX54"
    },
    {
        "client_msg_id": "0a8f3da6-0735-46a1-a71e-9959481192a6",
        "type": "message",
        "text": "Tried the above but same thing.\nAll pages work fine except the ones that have keyword \"not\"",
        "user": "U04509JHX54",
        "ts": "1692183105.384569",
        "blocks": [
            {
                "type": "rich_text",
                "block_id": "PCSC",
                "elements": [
                    {
                        "type": "rich_text_section",
                        "elements": [
                            {
                                "type": "text",
                                "text": "Tried the above but same thing.\nAll pages work fine except the ones that have keyword \"not\""
                            }
                        ]
                    }
                ]
            }
        ],
        "team": "T03FVM0K8",
        "user_team": "T03FVM0K8",
        "source_team": "T03FVM0K8",
        "user_profile": {
            "avatar_hash": "0856e36f14db",
            "image_72": "https:\/\/avatars.slack-edge.com\/2023-06-19\/5461192366561_0856e36f14db131b77b3_72.jpg",
            "first_name": "Bassel",
            "real_name": "Bassel Sharaf",
            "display_name": "Bassel",
            "team": "T03FVM0K8",
            "name": "bassela",
            "is_restricted": false,
            "is_ultra_restricted": false
        },
        "thread_ts": "1692182118.530539",
        "parent_user_id": "U04509JHX54"
    },
    {
        "client_msg_id": "97bd82b3-787b-4abf-93aa-b395faef0979",
        "type": "message",
        "text": "the thing is the code works on other machines just fine ;-;",
        "user": "U04509JHX54",
        "ts": "1692183113.995969",
        "blocks": [
            {
                "type": "rich_text",
                "block_id": "R0pO",
                "elements": [
                    {
                        "type": "rich_text_section",
                        "elements": [
                            {
                                "type": "text",
                                "text": "the thing is the code works on other machines just fine ;-;"
                            }
                        ]
                    }
                ]
            }
        ],
        "team": "T03FVM0K8",
        "user_team": "T03FVM0K8",
        "source_team": "T03FVM0K8",
        "user_profile": {
            "avatar_hash": "0856e36f14db",
            "image_72": "https:\/\/avatars.slack-edge.com\/2023-06-19\/5461192366561_0856e36f14db131b77b3_72.jpg",
            "first_name": "Bassel",
            "real_name": "Bassel Sharaf",
            "display_name": "Bassel",
            "team": "T03FVM0K8",
            "name": "bassela",
            "is_restricted": false,
            "is_ultra_restricted": false
        },
        "thread_ts": "1692182118.530539",
        "parent_user_id": "U04509JHX54"
    },
    {
        "client_msg_id": "4846cf9b-fe66-4515-b97c-89ad9a7ef4c9",
        "type": "message",
        "text": "I didn't see you commit the global.json file",
        "user": "U03FVM0KA",
        "ts": "1692187064.973039",
        "blocks": [
            {
                "type": "rich_text",
                "block_id": "9GvBF",
                "elements": [
                    {
                        "type": "rich_text_section",
                        "elements": [
                            {
                                "type": "text",
                                "text": "I didn't see you commit the global.json file"
                            }
                        ]
                    }
                ]
            }
        ],
        "team": "T03FVM0K8",
        "user_team": "T03FVM0K8",
        "source_team": "T03FVM0K8",
        "user_profile": {
            "avatar_hash": "3b5718eb9f45",
            "image_72": "https:\/\/avatars.slack-edge.com\/2023-07-16\/5599264436273_3b5718eb9f45b3c2a13a_72.jpg",
            "first_name": "dodyg",
            "real_name": "dodyg",
            "display_name": "",
            "team": "T03FVM0K8",
            "name": "dodyg",
            "is_restricted": false,
            "is_ultra_restricted": false
        },
        "thread_ts": "1692182118.530539",
        "parent_user_id": "U04509JHX54"
    },
    {
        "client_msg_id": "5f1f5427-1aa7-4c51-8343-02d50b2cabe5",
        "type": "message",
        "text": "if nothing else, just replace not with !=",
        "user": "U03FVM0KA",
        "ts": "1692187128.252249",
        "blocks": [
            {
                "type": "rich_text",
                "block_id": "Ro3ll",
                "elements": [
                    {
                        "type": "rich_text_section",
                        "elements": [
                            {
                                "type": "text",
                                "text": "if nothing else, just replace not with !="
                            }
                        ]
                    }
                ]
            }
        ],
        "team": "T03FVM0K8",
        "user_team": "T03FVM0K8",
        "source_team": "T03FVM0K8",
        "user_profile": {
            "avatar_hash": "3b5718eb9f45",
            "image_72": "https:\/\/avatars.slack-edge.com\/2023-07-16\/5599264436273_3b5718eb9f45b3c2a13a_72.jpg",
            "first_name": "dodyg",
            "real_name": "dodyg",
            "display_name": "",
            "team": "T03FVM0K8",
            "name": "dodyg",
            "is_restricted": false,
            "is_ultra_restricted": false
        },
        "thread_ts": "1692182118.530539",
        "parent_user_id": "U04509JHX54",
        "reactions": [
            {
                "name": "raised_hands::skin-tone-5",
                "users": [
                    "U04509JHX54"
                ],
                "count": 1
            }
        ]
    }
]