[
    {
        "type": "message",
        "text": "",
        "user": "U05EF0GJ1L1",
        "ts": "1692454053.793869",
        "team": "T03FVM0K8",
        "user_team": "T03FVM0K8",
        "source_team": "T03FVM0K8",
        "user_profile": {
            "avatar_hash": "a35e8d11ef4e",
            "image_72": "https:\/\/avatars.slack-edge.com\/2023-07-03\/5543224487760_a35e8d11ef4ea78eb113_72.jpg",
            "first_name": "Taher",
            "real_name": "Taher Matar",
            "display_name": "Taher Matar",
            "team": "T03FVM0K8",
            "name": "tahrmtr45",
            "is_restricted": false,
            "is_ultra_restricted": false
        },
        "attachments": [
            {
                "ts": "1692453529.670919",
                "author_id": "U05EF0GJ1L1",
                "channel_id": "C03FVM0KG",
                "channel_team": "T03FVM0K8",
                "is_msg_unfurl": true,
                "message_blocks": [
                    {
                        "team": "T03FVM0K8",
                        "channel": "C03FVM0KG",
                        "ts": "1692453529.670919",
                        "message": {
                            "blocks": [
                                {
                                    "type": "rich_text",
                                    "block_id": "3piOc",
                                    "elements": [
                                        {
                                            "type": "rich_text_section",
                                            "elements": [
                                                {
                                                    "type": "text",
                                                    "text": "Training members, has anyone encountered this problem in Assignment No. 12"
                                                }
                                            ]
                                        }
                                    ]
                                }
                            ]
                        }
                    }
                ],
                "files": [
                    {
                        "id": "F05ND0TCH8W",
                        "created": 1692453521,
                        "timestamp": 1692453521,
                        "name": "image.png",
                        "title": "image.png",
                        "mimetype": "image\/png",
                        "filetype": "png",
                        "pretty_type": "PNG",
                        "user": "U05EF0GJ1L1",
                        "user_team": "T03FVM0K8",
                        "editable": false,
                        "size": 18935,
                        "mode": "hosted",
                        "is_external": false,
                        "external_type": "",
                        "is_public": true,
                        "public_url_shared": false,
                        "display_as_bot": false,
                        "username": "",
                        "url_private": "https:\/\/files.slack.com\/files-pri\/T03FVM0K8-F05ND0TCH8W\/image.png?t=xoxe-3539714654-5811278554788-5832538929008-03dc07771412e207820c9f7ae6fe1988",
                        "url_private_download": "https:\/\/files.slack.com\/files-pri\/T03FVM0K8-F05ND0TCH8W\/download\/image.png?t=xoxe-3539714654-5811278554788-5832538929008-03dc07771412e207820c9f7ae6fe1988",
                        "media_display_type": "unknown",
                        "thumb_64": "https:\/\/files.slack.com\/files-tmb\/T03FVM0K8-F05ND0TCH8W-ec5f19a71d\/image_64.png?t=xoxe-3539714654-5811278554788-5832538929008-03dc07771412e207820c9f7ae6fe1988",
                        "thumb_80": "https:\/\/files.slack.com\/files-tmb\/T03FVM0K8-F05ND0TCH8W-ec5f19a71d\/image_80.png?t=xoxe-3539714654-5811278554788-5832538929008-03dc07771412e207820c9f7ae6fe1988",
                        "thumb_360": "https:\/\/files.slack.com\/files-tmb\/T03FVM0K8-F05ND0TCH8W-ec5f19a71d\/image_360.png?t=xoxe-3539714654-5811278554788-5832538929008-03dc07771412e207820c9f7ae6fe1988",
                        "thumb_360_w": 360,
                        "thumb_360_h": 171,
                        "thumb_480": "https:\/\/files.slack.com\/files-tmb\/T03FVM0K8-F05ND0TCH8W-ec5f19a71d\/image_480.png?t=xoxe-3539714654-5811278554788-5832538929008-03dc07771412e207820c9f7ae6fe1988",
                        "thumb_480_w": 480,
                        "thumb_480_h": 228,
                        "thumb_160": "https:\/\/files.slack.com\/files-tmb\/T03FVM0K8-F05ND0TCH8W-ec5f19a71d\/image_160.png?t=xoxe-3539714654-5811278554788-5832538929008-03dc07771412e207820c9f7ae6fe1988",
                        "thumb_720": "https:\/\/files.slack.com\/files-tmb\/T03FVM0K8-F05ND0TCH8W-ec5f19a71d\/image_720.png?t=xoxe-3539714654-5811278554788-5832538929008-03dc07771412e207820c9f7ae6fe1988",
                        "thumb_720_w": 720,
                        "thumb_720_h": 342,
                        "thumb_800": "https:\/\/files.slack.com\/files-tmb\/T03FVM0K8-F05ND0TCH8W-ec5f19a71d\/image_800.png?t=xoxe-3539714654-5811278554788-5832538929008-03dc07771412e207820c9f7ae6fe1988",
                        "thumb_800_w": 800,
                        "thumb_800_h": 380,
                        "thumb_960": "https:\/\/files.slack.com\/files-tmb\/T03FVM0K8-F05ND0TCH8W-ec5f19a71d\/image_960.png?t=xoxe-3539714654-5811278554788-5832538929008-03dc07771412e207820c9f7ae6fe1988",
                        "thumb_960_w": 960,
                        "thumb_960_h": 455,
                        "thumb_1024": "https:\/\/files.slack.com\/files-tmb\/T03FVM0K8-F05ND0TCH8W-ec5f19a71d\/image_1024.png?t=xoxe-3539714654-5811278554788-5832538929008-03dc07771412e207820c9f7ae6fe1988",
                        "thumb_1024_w": 1024,
                        "thumb_1024_h": 486,
                        "original_w": 1366,
                        "original_h": 648,
                        "thumb_tiny": "AwAWADCiemK3YR+4j\/3R\/KsGt+D\/AFEf+6P5VUgtYdilxRRUgFGKKKAOdrfg\/wBRH\/uj+VYFb8H+oj\/3R\/KqZTH0UUVJIUUUUAf\/2Q==",
                        "permalink": "https:\/\/silverkey.slack.com\/files\/U05EF0GJ1L1\/F05ND0TCH8W\/image.png",
                        "permalink_public": "https:\/\/slack-files.com\/T03FVM0K8-F05ND0TCH8W-f54d568d12",
                        "comments_count": 0,
                        "is_starred": false,
                        "has_rich_preview": false,
                        "file_access": "visible"
                    }
                ],
                "color": "D0D0D0",
                "from_url": "https:\/\/silverkey.slack.com\/archives\/C03FVM0KG\/p1692453529670919",
                "is_share": true,
                "fallback": "[August 19th, 2023 4:58 PM] tahrmtr45: Training members, has anyone encountered this problem in Assignment No. 12",
                "text": "Training members, has anyone encountered this problem in Assignment No. 12",
                "author_name": "Taher Matar",
                "author_link": "https:\/\/silverkey.slack.com\/team\/U05EF0GJ1L1",
                "author_icon": "https:\/\/avatars.slack-edge.com\/2023-07-03\/5543224487760_a35e8d11ef4ea78eb113_48.jpg",
                "author_subname": "Taher Matar",
                "mrkdwn_in": [
                    "text"
                ],
                "footer": "Slack Conversation"
            }
        ]
    }
]