[
    {
        "type": "message",
        "subtype": "channel_join",
        "ts": "1689949084.483199",
        "user": "U05DVMHBGF8",
        "text": "<@U05DVMHBGF8> has joined the channel"
    },
    {
        "type": "message",
        "text": "I am trying to setup edgedb but it requires to install wsl . when i run the command wsl --install  , it keeps getting this error and I don`t know how to solve this issue",
        "files": [
            {
                "id": "F05J6BDQRM0",
                "created": 1689949233,
                "timestamp": 1689949233,
                "name": "WhatsApp Image 2023-07-21 at 12.01.46 PM.jpeg",
                "title": "WhatsApp Image 2023-07-21 at 12.01.46 PM.jpeg",
                "mimetype": "image\/jpeg",
                "filetype": "jpg",
                "pretty_type": "JPEG",
                "user": "U05DVMHBGF8",
                "user_team": "T03FVM0K8",
                "editable": false,
                "size": 23964,
                "mode": "hosted",
                "is_external": false,
                "external_type": "",
                "is_public": true,
                "public_url_shared": false,
                "display_as_bot": false,
                "username": "",
                "url_private": "https:\/\/files.slack.com\/files-pri\/T03FVM0K8-F05J6BDQRM0\/whatsapp_image_2023-07-21_at_12.01.46_pm.jpeg?t=xoxe-3539714654-5811278554788-5832538929008-03dc07771412e207820c9f7ae6fe1988",
                "url_private_download": "https:\/\/files.slack.com\/files-pri\/T03FVM0K8-F05J6BDQRM0\/download\/whatsapp_image_2023-07-21_at_12.01.46_pm.jpeg?t=xoxe-3539714654-5811278554788-5832538929008-03dc07771412e207820c9f7ae6fe1988",
                "media_display_type": "unknown",
                "thumb_64": "https:\/\/files.slack.com\/files-tmb\/T03FVM0K8-F05J6BDQRM0-edf30665b5\/whatsapp_image_2023-07-21_at_12.01.46_pm_64.jpg?t=xoxe-3539714654-5811278554788-5832538929008-03dc07771412e207820c9f7ae6fe1988",
                "thumb_80": "https:\/\/files.slack.com\/files-tmb\/T03FVM0K8-F05J6BDQRM0-edf30665b5\/whatsapp_image_2023-07-21_at_12.01.46_pm_80.jpg?t=xoxe-3539714654-5811278554788-5832538929008-03dc07771412e207820c9f7ae6fe1988",
                "thumb_360": "https:\/\/files.slack.com\/files-tmb\/T03FVM0K8-F05J6BDQRM0-edf30665b5\/whatsapp_image_2023-07-21_at_12.01.46_pm_360.jpg?t=xoxe-3539714654-5811278554788-5832538929008-03dc07771412e207820c9f7ae6fe1988",
                "thumb_360_w": 360,
                "thumb_360_h": 34,
                "thumb_480": "https:\/\/files.slack.com\/files-tmb\/T03FVM0K8-F05J6BDQRM0-edf30665b5\/whatsapp_image_2023-07-21_at_12.01.46_pm_480.jpg?t=xoxe-3539714654-5811278554788-5832538929008-03dc07771412e207820c9f7ae6fe1988",
                "thumb_480_w": 480,
                "thumb_480_h": 45,
                "thumb_160": "https:\/\/files.slack.com\/files-tmb\/T03FVM0K8-F05J6BDQRM0-edf30665b5\/whatsapp_image_2023-07-21_at_12.01.46_pm_160.jpg?t=xoxe-3539714654-5811278554788-5832538929008-03dc07771412e207820c9f7ae6fe1988",
                "thumb_720": "https:\/\/files.slack.com\/files-tmb\/T03FVM0K8-F05J6BDQRM0-edf30665b5\/whatsapp_image_2023-07-21_at_12.01.46_pm_720.jpg?t=xoxe-3539714654-5811278554788-5832538929008-03dc07771412e207820c9f7ae6fe1988",
                "thumb_720_w": 720,
                "thumb_720_h": 68,
                "thumb_800": "https:\/\/files.slack.com\/files-tmb\/T03FVM0K8-F05J6BDQRM0-edf30665b5\/whatsapp_image_2023-07-21_at_12.01.46_pm_800.jpg?t=xoxe-3539714654-5811278554788-5832538929008-03dc07771412e207820c9f7ae6fe1988",
                "thumb_800_w": 800,
                "thumb_800_h": 75,
                "original_w": 944,
                "original_h": 89,
                "thumb_tiny": "AwAEADChmkz7CiigA49KQ\/SlpDQAZ9qM+1JRQB\/\/2Q==",
                "permalink": "https:\/\/silverkey.slack.com\/files\/U05DVMHBGF8\/F05J6BDQRM0\/whatsapp_image_2023-07-21_at_12.01.46_pm.jpeg",
                "permalink_public": "https:\/\/slack-files.com\/T03FVM0K8-F05J6BDQRM0-0f0191f054",
                "is_starred": false,
                "has_rich_preview": false,
                "file_access": "visible"
            }
        ],
        "upload": false,
        "user": "U05DVMHBGF8",
        "display_as_bot": false,
        "ts": "1689949240.106199",
        "blocks": [
            {
                "type": "rich_text",
                "block_id": "3Bv",
                "elements": [
                    {
                        "type": "rich_text_section",
                        "elements": [
                            {
                                "type": "text",
                                "text": "I am trying to setup edgedb but it requires to install wsl . when i run the command wsl --install  , it keeps getting this error and I don`t know how to solve this issue"
                            }
                        ]
                    }
                ]
            }
        ],
        "client_msg_id": "cd205348-467d-4899-affb-e4aa7094231a",
        "thread_ts": "1689949240.106199",
        "reply_count": 4,
        "reply_users_count": 3,
        "latest_reply": "1690043380.691389",
        "reply_users": [
            "U02767Y6QHY",
            "U05DVMHBGF8",
            "U03FWCWLL"
        ],
        "replies": [
            {
                "user": "U02767Y6QHY",
                "ts": "1689950070.661379"
            },
            {
                "user": "U05DVMHBGF8",
                "ts": "1689975952.552659"
            },
            {
                "user": "U03FWCWLL",
                "ts": "1690030072.655309"
            },
            {
                "user": "U05DVMHBGF8",
                "ts": "1690043380.691389"
            }
        ],
        "is_locked": false,
        "subscribed": false
    },
    {
        "client_msg_id": "1DF11D2F-74C3-414A-AC21-1EAF463AC7FE",
        "type": "message",
        "text": "I think you don’t have enough space on your local disk, it might bot be the issue though",
        "user": "U02767Y6QHY",
        "ts": "1689950070.661379",
        "blocks": [
            {
                "type": "rich_text",
                "block_id": "7R217",
                "elements": [
                    {
                        "type": "rich_text_section",
                        "elements": [
                            {
                                "type": "text",
                                "text": "I think you don’t have enough space on your local disk, it might bot be the issue though"
                            }
                        ]
                    }
                ]
            }
        ],
        "team": "T03FVM0K8",
        "user_team": "T03FVM0K8",
        "source_team": "T03FVM0K8",
        "user_profile": {
            "avatar_hash": "12f50bc17a1c",
            "image_72": "https:\/\/avatars.slack-edge.com\/2021-07-11\/2285755539248_12f50bc17a1c905cc40a_72.jpg",
            "first_name": "Hannah",
            "real_name": "Hannah Hatem",
            "display_name": "Hannah Hatem",
            "team": "T03FVM0K8",
            "name": "hannah",
            "is_restricted": false,
            "is_ultra_restricted": false
        },
        "thread_ts": "1689949240.106199",
        "parent_user_id": "U05DVMHBGF8"
    },
    {
        "client_msg_id": "1b4543f0-59d8-4d8b-a795-7c14b72d8ddb",
        "type": "message",
        "text": "Thanks a lot , I will try to free more space",
        "user": "U05DVMHBGF8",
        "ts": "1689975952.552659",
        "blocks": [
            {
                "type": "rich_text",
                "block_id": "EVm3",
                "elements": [
                    {
                        "type": "rich_text_section",
                        "elements": [
                            {
                                "type": "text",
                                "text": "Thanks a lot , I will try to free more space"
                            }
                        ]
                    }
                ]
            }
        ],
        "team": "T03FVM0K8",
        "user_team": "T03FVM0K8",
        "source_team": "T03FVM0K8",
        "user_profile": {
            "avatar_hash": "2e9a0e8d7894",
            "image_72": "https:\/\/avatars.slack-edge.com\/2023-07-17\/5589280126579_2e9a0e8d789482aacf2a_72.jpg",
            "first_name": "Salma",
            "real_name": "Salma Ahmed",
            "display_name": "Salma Ahmed",
            "team": "T03FVM0K8",
            "name": "salma.ahmed01",
            "is_restricted": false,
            "is_ultra_restricted": false
        },
        "thread_ts": "1689949240.106199",
        "parent_user_id": "U05DVMHBGF8",
        "reactions": [
            {
                "name": "+1",
                "users": [
                    "U02767Y6QHY"
                ],
                "count": 1
            }
        ]
    }
]