[
    {
        "client_msg_id": "11bd1a00-61e9-41b2-87e0-62cb0a1f7469",
        "type": "message",
        "text": "Search for how to enable virtualization on your machine",
        "user": "U03FWCWLL",
        "ts": "1690030072.655309",
        "blocks": [
            {
                "type": "rich_text",
                "block_id": "+qC3\/",
                "elements": [
                    {
                        "type": "rich_text_section",
                        "elements": [
                            {
                                "type": "text",
                                "text": "Search for how to enable virtualization on your machine"
                            }
                        ]
                    }
                ]
            }
        ],
        "team": "T03FVM0K8",
        "user_team": "T03FVM0K8",
        "source_team": "T03FVM0K8",
        "user_profile": {
            "avatar_hash": "ab9a763ac584",
            "image_72": "https:\/\/avatars.slack-edge.com\/2019-06-06\/645293626450_ab9a763ac58462796ac7_72.jpg",
            "first_name": "Sherif",
            "real_name": "Sherif",
            "display_name": "sherifr",
            "team": "T03FVM0K8",
            "name": "sherifr",
            "is_restricted": false,
            "is_ultra_restricted": false
        },
        "thread_ts": "1689949240.106199",
        "parent_user_id": "U05DVMHBGF8"
    },
    {
        "client_msg_id": "bb13f1c5-fd5b-4760-b129-a3dc3527a6cb",
        "type": "message",
        "text": "I figured out that I have to check virtual machine platform feature but it gives me an error message due to insufficient resources so I think the problem is I have no enough space",
        "user": "U05DVMHBGF8",
        "ts": "1690043380.691389",
        "blocks": [
            {
                "type": "rich_text",
                "block_id": "XVrz",
                "elements": [
                    {
                        "type": "rich_text_section",
                        "elements": [
                            {
                                "type": "text",
                                "text": "I figured out that I have to check virtual machine platform feature but it gives me an error message due to insufficient resources so I think the problem is I have no enough space"
                            }
                        ]
                    }
                ]
            }
        ],
        "team": "T03FVM0K8",
        "user_team": "T03FVM0K8",
        "source_team": "T03FVM0K8",
        "user_profile": {
            "avatar_hash": "2e9a0e8d7894",
            "image_72": "https:\/\/avatars.slack-edge.com\/2023-07-17\/5589280126579_2e9a0e8d789482aacf2a_72.jpg",
            "first_name": "Salma",
            "real_name": "Salma Ahmed",
            "display_name": "Salma Ahmed",
            "team": "T03FVM0K8",
            "name": "salma.ahmed01",
            "is_restricted": false,
            "is_ultra_restricted": false
        },
        "thread_ts": "1689949240.106199",
        "parent_user_id": "U05DVMHBGF8"
    }
]