[
    {
        "type": "message",
        "subtype": "channel_leave",
        "ts": "1690797450.998629",
        "user": "U03FWCWLL",
        "text": "<@U03FWCWLL> has left the channel"
    },
    {
        "type": "message",
        "text": "any idea why that might happen trying to connect to my db ? i thought it was an internet issue but it's connecting in another repository i have just fine and refusing in the other one",
        "files": [
            {
                "id": "F05K69JUJEB",
                "created": 1690834471,
                "timestamp": 1690834471,
                "name": "Screenshot (1028).png",
                "title": "Screenshot (1028).png",
                "mimetype": "image\/png",
                "filetype": "png",
                "pretty_type": "PNG",
                "user": "U05DMR1NYH5",
                "user_team": "T03FVM0K8",
                "editable": false,
                "size": 215224,
                "mode": "hosted",
                "is_external": false,
                "external_type": "",
                "is_public": true,
                "public_url_shared": false,
                "display_as_bot": false,
                "username": "",
                "url_private": "https:\/\/files.slack.com\/files-pri\/T03FVM0K8-F05K69JUJEB\/screenshot__1028_.png?t=xoxe-3539714654-5811278554788-5832538929008-03dc07771412e207820c9f7ae6fe1988",
                "url_private_download": "https:\/\/files.slack.com\/files-pri\/T03FVM0K8-F05K69JUJEB\/download\/screenshot__1028_.png?t=xoxe-3539714654-5811278554788-5832538929008-03dc07771412e207820c9f7ae6fe1988",
                "media_display_type": "unknown",
                "thumb_64": "https:\/\/files.slack.com\/files-tmb\/T03FVM0K8-F05K69JUJEB-d1cd78a201\/screenshot__1028__64.png?t=xoxe-3539714654-5811278554788-5832538929008-03dc07771412e207820c9f7ae6fe1988",
                "thumb_80": "https:\/\/files.slack.com\/files-tmb\/T03FVM0K8-F05K69JUJEB-d1cd78a201\/screenshot__1028__80.png?t=xoxe-3539714654-5811278554788-5832538929008-03dc07771412e207820c9f7ae6fe1988",
                "thumb_360": "https:\/\/files.slack.com\/files-tmb\/T03FVM0K8-F05K69JUJEB-d1cd78a201\/screenshot__1028__360.png?t=xoxe-3539714654-5811278554788-5832538929008-03dc07771412e207820c9f7ae6fe1988",
                "thumb_360_w": 360,
                "thumb_360_h": 203,
                "thumb_480": "https:\/\/files.slack.com\/files-tmb\/T03FVM0K8-F05K69JUJEB-d1cd78a201\/screenshot__1028__480.png?t=xoxe-3539714654-5811278554788-5832538929008-03dc07771412e207820c9f7ae6fe1988",
                "thumb_480_w": 480,
                "thumb_480_h": 270,
                "thumb_160": "https:\/\/files.slack.com\/files-tmb\/T03FVM0K8-F05K69JUJEB-d1cd78a201\/screenshot__1028__160.png?t=xoxe-3539714654-5811278554788-5832538929008-03dc07771412e207820c9f7ae6fe1988",
                "thumb_720": "https:\/\/files.slack.com\/files-tmb\/T03FVM0K8-F05K69JUJEB-d1cd78a201\/screenshot__1028__720.png?t=xoxe-3539714654-5811278554788-5832538929008-03dc07771412e207820c9f7ae6fe1988",
                "thumb_720_w": 720,
                "thumb_720_h": 405,
                "thumb_800": "https:\/\/files.slack.com\/files-tmb\/T03FVM0K8-F05K69JUJEB-d1cd78a201\/screenshot__1028__800.png?t=xoxe-3539714654-5811278554788-5832538929008-03dc07771412e207820c9f7ae6fe1988",
                "thumb_800_w": 800,
                "thumb_800_h": 450,
                "thumb_960": "https:\/\/files.slack.com\/files-tmb\/T03FVM0K8-F05K69JUJEB-d1cd78a201\/screenshot__1028__960.png?t=xoxe-3539714654-5811278554788-5832538929008-03dc07771412e207820c9f7ae6fe1988",
                "thumb_960_w": 960,
                "thumb_960_h": 540,
                "thumb_1024": "https:\/\/files.slack.com\/files-tmb\/T03FVM0K8-F05K69JUJEB-d1cd78a201\/screenshot__1028__1024.png?t=xoxe-3539714654-5811278554788-5832538929008-03dc07771412e207820c9f7ae6fe1988",
                "thumb_1024_w": 1024,
                "thumb_1024_h": 576,
                "original_w": 1920,
                "original_h": 1080,
                "thumb_tiny": "AwAbADCzdXX2cqAm7dnvVf8AtL\/pj\/49Satw0f41nbjQBpf2oB\/yx\/Wj+1B\/zx\/Ws3J9aMmgDS\/tQf8APH9au28qzxB1H1Hoa5+tnSv+PT\/gRoAr6t96P8azqsSzyyfK7lh6GmxKrSKCARmgdiKkrTnt4liJWMA5qmVX0HSgRBWzpX\/Hp\/wI1llRnoKkSaSJSsblR1wKAP\/Z",
                "permalink": "https:\/\/silverkey.slack.com\/files\/U05DMR1NYH5\/F05K69JUJEB\/screenshot__1028_.png",
                "permalink_public": "https:\/\/slack-files.com\/T03FVM0K8-F05K69JUJEB-1d6c85d921",
                "is_starred": false,
                "has_rich_preview": false,
                "file_access": "visible"
            },
            {
                "id": "F05LAGNM2BA",
                "created": 1690834481,
                "timestamp": 1690834481,
                "name": "Screenshot (1029).png",
                "title": "Screenshot (1029).png",
                "mimetype": "image\/png",
                "filetype": "png",
                "pretty_type": "PNG",
                "user": "U05DMR1NYH5",
                "user_team": "T03FVM0K8",
                "editable": false,
                "size": 209641,
                "mode": "hosted",
                "is_external": false,
                "external_type": "",
                "is_public": true,
                "public_url_shared": false,
                "display_as_bot": false,
                "username": "",
                "url_private": "https:\/\/files.slack.com\/files-pri\/T03FVM0K8-F05LAGNM2BA\/screenshot__1029_.png?t=xoxe-3539714654-5811278554788-5832538929008-03dc07771412e207820c9f7ae6fe1988",
                "url_private_download": "https:\/\/files.slack.com\/files-pri\/T03FVM0K8-F05LAGNM2BA\/download\/screenshot__1029_.png?t=xoxe-3539714654-5811278554788-5832538929008-03dc07771412e207820c9f7ae6fe1988",
                "media_display_type": "unknown",
                "thumb_64": "https:\/\/files.slack.com\/files-tmb\/T03FVM0K8-F05LAGNM2BA-55c274f419\/screenshot__1029__64.png?t=xoxe-3539714654-5811278554788-5832538929008-03dc07771412e207820c9f7ae6fe1988",
                "thumb_80": "https:\/\/files.slack.com\/files-tmb\/T03FVM0K8-F05LAGNM2BA-55c274f419\/screenshot__1029__80.png?t=xoxe-3539714654-5811278554788-5832538929008-03dc07771412e207820c9f7ae6fe1988",
                "thumb_360": "https:\/\/files.slack.com\/files-tmb\/T03FVM0K8-F05LAGNM2BA-55c274f419\/screenshot__1029__360.png?t=xoxe-3539714654-5811278554788-5832538929008-03dc07771412e207820c9f7ae6fe1988",
                "thumb_360_w": 360,
                "thumb_360_h": 203,
                "thumb_480": "https:\/\/files.slack.com\/files-tmb\/T03FVM0K8-F05LAGNM2BA-55c274f419\/screenshot__1029__480.png?t=xoxe-3539714654-5811278554788-5832538929008-03dc07771412e207820c9f7ae6fe1988",
                "thumb_480_w": 480,
                "thumb_480_h": 270,
                "thumb_160": "https:\/\/files.slack.com\/files-tmb\/T03FVM0K8-F05LAGNM2BA-55c274f419\/screenshot__1029__160.png?t=xoxe-3539714654-5811278554788-5832538929008-03dc07771412e207820c9f7ae6fe1988",
                "thumb_720": "https:\/\/files.slack.com\/files-tmb\/T03FVM0K8-F05LAGNM2BA-55c274f419\/screenshot__1029__720.png?t=xoxe-3539714654-5811278554788-5832538929008-03dc07771412e207820c9f7ae6fe1988",
                "thumb_720_w": 720,
                "thumb_720_h": 405,
                "thumb_800": "https:\/\/files.slack.com\/files-tmb\/T03FVM0K8-F05LAGNM2BA-55c274f419\/screenshot__1029__800.png?t=xoxe-3539714654-5811278554788-5832538929008-03dc07771412e207820c9f7ae6fe1988",
                "thumb_800_w": 800,
                "thumb_800_h": 450,
                "thumb_960": "https:\/\/files.slack.com\/files-tmb\/T03FVM0K8-F05LAGNM2BA-55c274f419\/screenshot__1029__960.png?t=xoxe-3539714654-5811278554788-5832538929008-03dc07771412e207820c9f7ae6fe1988",
                "thumb_960_w": 960,
                "thumb_960_h": 540,
                "thumb_1024": "https:\/\/files.slack.com\/files-tmb\/T03FVM0K8-F05LAGNM2BA-55c274f419\/screenshot__1029__1024.png?t=xoxe-3539714654-5811278554788-5832538929008-03dc07771412e207820c9f7ae6fe1988",
                "thumb_1024_w": 1024,
                "thumb_1024_h": 576,
                "original_w": 1920,
                "original_h": 1080,
                "thumb_tiny": "AwAbADC9LKkKbnPGe3NQ\/b7f1b\/vmk1Li1P+8Kyd3tQBr\/b7cd2\/Kj+0Lb1P5VjlvakzQBs\/2hbf3j+VTwyJOm+PkZx0rn\/wrY0r\/j0P+8aAE1P\/AI9T\/vCserEs8snyO5ZeuDTYlDSKCARmgdiKkrTnt4liJWMA5qmVX0HSgRBWxpX\/AB6n\/eNZhUZ6CpEmkiUrG5UdcCgD\/9k=",
                "permalink": "https:\/\/silverkey.slack.com\/files\/U05DMR1NYH5\/F05LAGNM2BA\/screenshot__1029_.png",
                "permalink_public": "https:\/\/slack-files.com\/T03FVM0K8-F05LAGNM2BA-71bcbd4920",
                "is_starred": false,
                "has_rich_preview": false,
                "file_access": "visible"
            }
        ],
        "upload": false,
        "user": "U05DMR1NYH5",
        "ts": "1690834520.530539",
        "blocks": [
            {
                "type": "rich_text",
                "block_id": "mFbF",
                "elements": [
                    {
                        "type": "rich_text_section",
                        "elements": [
                            {
                                "type": "text",
                                "text": "any idea why that might happen trying to connect to my db ? i thought it was an internet issue but it's connecting in another repository i have just fine and refusing in the other one"
                            }
                        ]
                    }
                ]
            }
        ],
        "client_msg_id": "fb28c2dc-0a12-4813-9518-3c45dcc758d7",
        "thread_ts": "1690834520.530539",
        "reply_count": 2,
        "reply_users_count": 2,
        "latest_reply": "1690837079.374479",
        "reply_users": [
            "U027C3PDVQC",
            "U05DMR1NYH5"
        ],
        "replies": [
            {
                "user": "U027C3PDVQC",
                "ts": "1690836000.079859"
            },
            {
                "user": "U05DMR1NYH5",
                "ts": "1690837079.374479"
            }
        ],
        "is_locked": false,
        "subscribed": false
    },
    {
        "client_msg_id": "085d1c1a-787b-4b1f-bce2-66298af34e79",
        "type": "message",
        "text": "It seems that you configure this service use two different ports on your machine 10703 (which already up running) and 10701.\n\ncan you please change the second project to listen on first port",
        "user": "U027C3PDVQC",
        "ts": "1690836000.079859",
        "blocks": [
            {
                "type": "rich_text",
                "block_id": "gD=Ph",
                "elements": [
                    {
                        "type": "rich_text_section",
                        "elements": [
                            {
                                "type": "text",
                                "text": "It seems that you configure this service use two different ports on your machine 10703 (which already up running) and 10701.\n\ncan you please change the second project to listen on first port"
                            }
                        ]
                    }
                ]
            }
        ],
        "team": "T03FVM0K8",
        "user_team": "T03FVM0K8",
        "source_team": "T03FVM0K8",
        "user_profile": {
            "avatar_hash": "b2432500ca87",
            "image_72": "https:\/\/avatars.slack-edge.com\/2022-01-23\/2978662366199_b2432500ca87d891ba17_72.jpg",
            "first_name": "Mohamed",
            "real_name": "Mohamed Abdelrahman",
            "display_name": "",
            "team": "T03FVM0K8",
            "name": "maboelkassem",
            "is_restricted": false,
            "is_ultra_restricted": false
        },
        "thread_ts": "1690834520.530539",
        "parent_user_id": "U05DMR1NYH5"
    },
    {
        "client_msg_id": "31ca2929-ee43-41ed-81e5-9c487a5edfed",
        "type": "message",
        "text": "worked thank youuu :raised_hands:",
        "user": "U05DMR1NYH5",
        "ts": "1690837079.374479",
        "blocks": [
            {
                "type": "rich_text",
                "block_id": "xpg",
                "elements": [
                    {
                        "type": "rich_text_section",
                        "elements": [
                            {
                                "type": "text",
                                "text": "worked thank youuu "
                            },
                            {
                                "type": "emoji",
                                "name": "raised_hands",
                                "unicode": "1f64c"
                            }
                        ]
                    }
                ]
            }
        ],
        "team": "T03FVM0K8",
        "user_team": "T03FVM0K8",
        "source_team": "T03FVM0K8",
        "user_profile": {
            "avatar_hash": "6bfa095fb4bb",
            "image_72": "https:\/\/avatars.slack-edge.com\/2023-06-26\/5476969791174_6bfa095fb4bb191e8001_72.jpg",
            "first_name": "yasmin",
            "real_name": "yasmin hashem",
            "display_name": "yasmin hashem",
            "team": "T03FVM0K8",
            "name": "yasmin.hashem201",
            "is_restricted": false,
            "is_ultra_restricted": false
        },
        "thread_ts": "1690834520.530539",
        "parent_user_id": "U05DMR1NYH5"
    }
]