[
    {
        "client_msg_id": "b2608f24-b88e-47a3-b9c7-8617ed660118",
        "type": "message",
        "text": "Did anyone use this before?\n<https:\/\/www.c-sharpcorner.com\/article\/generate-the-client-code-of-web-api-using-swagger-api-specification\/>",
        "user": "UGUP6SQUT",
        "ts": "1690363615.234759",
        "blocks": [
            {
                "type": "rich_text",
                "block_id": "Fu3L",
                "elements": [
                    {
                        "type": "rich_text_section",
                        "elements": [
                            {
                                "type": "text",
                                "text": "Did anyone use this before?\n"
                            },
                            {
                                "type": "link",
                                "url": "https:\/\/www.c-sharpcorner.com\/article\/generate-the-client-code-of-web-api-using-swagger-api-specification\/"
                            }
                        ]
                    }
                ]
            }
        ],
        "team": "T03FVM0K8",
        "user_team": "T03FVM0K8",
        "source_team": "T03FVM0K8",
        "user_profile": {
            "avatar_hash": "g9c020706235",
            "image_72": "https:\/\/secure.gravatar.com\/avatar\/69c02070623529edb9971347f9a4519d.jpg?s=72&d=https%3A%2F%2Fa.slack-edge.com%2Fdf10d%2Fimg%2Favatars%2Fava_0024-72.png",
            "first_name": "",
            "real_name": "Bassem Adel",
            "display_name": "Bassem Adel",
            "team": "T03FVM0K8",
            "name": "bassema",
            "is_restricted": false,
            "is_ultra_restricted": false
        },
        "attachments": [
            {
                "image_url": "https:\/\/www.c-sharpcorner.com\/UploadFile\/TwitterCard\/twitter_card_logo.png",
                "image_width": 600,
                "image_height": 314,
                "image_bytes": 128007,
                "from_url": "https:\/\/www.c-sharpcorner.com\/article\/generate-the-client-code-of-web-api-using-swagger-api-specification\/",
                "id": 1,
                "original_url": "https:\/\/www.c-sharpcorner.com\/article\/generate-the-client-code-of-web-api-using-swagger-api-specification\/",
                "fallback": "Generate The Client Code Of Web API Using Swagger API Specification",
                "text": "In this article, you will learn how to generate the client code of Web API using Swagger API specification.",
                "title": "Generate The Client Code Of Web API Using Swagger API Specification",
                "title_link": "https:\/\/www.c-sharpcorner.com\/article\/generate-the-client-code-of-web-api-using-swagger-api-specification\/",
                "service_name": "c-sharpcorner.com"
            }
        ],
        "thread_ts": "1690363615.234759",
        "reply_count": 2,
        "reply_users_count": 2,
        "latest_reply": "1690365986.004819",
        "reply_users": [
            "UD7FEGEF8",
            "UA6R38XA8"
        ],
        "replies": [
            {
                "user": "UD7FEGEF8",
                "ts": "1690365198.182159"
            },
            {
                "user": "UA6R38XA8",
                "ts": "1690365986.004819"
            }
        ],
        "is_locked": false,
        "subscribed": false
    },
    {
        "client_msg_id": "cff4e60f-afc2-47f1-91fb-aed01d7778a1",
        "type": "message",
        "text": "yes",
        "user": "UD7FEGEF8",
        "ts": "1690365198.182159",
        "blocks": [
            {
                "type": "rich_text",
                "block_id": "gphcB",
                "elements": [
                    {
                        "type": "rich_text_section",
                        "elements": [
                            {
                                "type": "text",
                                "text": "yes"
                            }
                        ]
                    }
                ]
            }
        ],
        "team": "T03FVM0K8",
        "user_team": "T03FVM0K8",
        "source_team": "T03FVM0K8",
        "user_profile": {
            "avatar_hash": "g083a5c40ff6",
            "image_72": "https:\/\/secure.gravatar.com\/avatar\/5083a5c40ff6db7ba5ab35355b7b2066.jpg?s=72&d=https%3A%2F%2Fa.slack-edge.com%2Fdf10d%2Fimg%2Favatars%2Fava_0023-72.png",
            "first_name": "",
            "real_name": "Reham Abdelraheem",
            "display_name": "",
            "team": "T03FVM0K8",
            "name": "rehama",
            "is_restricted": false,
            "is_ultra_restricted": false
        },
        "thread_ts": "1690363615.234759",
        "parent_user_id": "UGUP6SQUT"
    },
    {
        "client_msg_id": "25922566-1769-432c-9f25-9ab76e014a13",
        "type": "message",
        "text": "yes",
        "user": "UA6R38XA8",
        "ts": "1690365986.004819",
        "blocks": [
            {
                "type": "rich_text",
                "block_id": "z4I",
                "elements": [
                    {
                        "type": "rich_text_section",
                        "elements": [
                            {
                                "type": "text",
                                "text": "yes"
                            }
                        ]
                    }
                ]
            }
        ],
        "team": "T03FVM0K8",
        "user_team": "T03FVM0K8",
        "source_team": "T03FVM0K8",
        "user_profile": {
            "avatar_hash": "a3c1d7f64445",
            "image_72": "https:\/\/avatars.slack-edge.com\/2023-05-21\/5321281437360_a3c1d7f64445d4d77468_72.jpg",
            "first_name": "Abdallah",
            "real_name": "Abdallah Nasser",
            "display_name": "",
            "team": "T03FVM0K8",
            "name": "abdallahn",
            "is_restricted": false,
            "is_ultra_restricted": false
        },
        "thread_ts": "1690363615.234759",
        "parent_user_id": "UGUP6SQUT"
    },
    {
        "client_msg_id": "9ea67c2a-2d30-4f62-aebf-5154bd3bc3c7",
        "type": "message",
        "text": "Update the dependencies to Orchard Core 1.6.",
        "user": "U03FVM0KA",
        "ts": "1690366942.652499",
        "blocks": [
            {
                "type": "rich_text",
                "block_id": "hg=",
                "elements": [
                    {
                        "type": "rich_text_section",
                        "elements": [
                            {
                                "type": "text",
                                "text": "Update the dependencies to Orchard Core 1.6."
                            }
                        ]
                    }
                ]
            }
        ],
        "team": "T03FVM0K8",
        "user_team": "T03FVM0K8",
        "source_team": "T03FVM0K8",
        "user_profile": {
            "avatar_hash": "3b5718eb9f45",
            "image_72": "https:\/\/avatars.slack-edge.com\/2023-07-16\/5599264436273_3b5718eb9f45b3c2a13a_72.jpg",
            "first_name": "dodyg",
            "real_name": "dodyg",
            "display_name": "",
            "team": "T03FVM0K8",
            "name": "dodyg",
            "is_restricted": false,
            "is_ultra_restricted": false
        },
        "thread_ts": "1690351763.674189",
        "parent_user_id": "U048P9RUFHD"
    },
    {
        "client_msg_id": "19580368-3ded-4e05-a625-cf812071dd1c",
        "type": "message",
        "text": "All Orchard Core packages are updated and this problem still appearing",
        "user": "U048P9RUFHD",
        "ts": "1690375624.335829",
        "blocks": [
            {
                "type": "rich_text",
                "block_id": "SIo",
                "elements": [
                    {
                        "type": "rich_text_section",
                        "elements": [
                            {
                                "type": "text",
                                "text": "All Orchard Core packages are updated and this problem still appearing"
                            }
                        ]
                    }
                ]
            }
        ],
        "team": "T03FVM0K8",
        "user_team": "T03FVM0K8",
        "source_team": "T03FVM0K8",
        "user_profile": {
            "avatar_hash": "g90c46eaffcc",
            "image_72": "https:\/\/secure.gravatar.com\/avatar\/90c46eaffcc17e9efc53454985175853.jpg?s=72&d=https%3A%2F%2Fa.slack-edge.com%2Fdf10d%2Fimg%2Favatars%2Fava_0019-72.png",
            "first_name": "Dina",
            "real_name": "Dina Maged",
            "display_name": "Dina Maged",
            "team": "T03FVM0K8",
            "name": "dinam",
            "is_restricted": false,
            "is_ultra_restricted": false
        },
        "thread_ts": "1690351763.674189",
        "parent_user_id": "U048P9RUFHD"
    },
    {
        "client_msg_id": "dc56e86a-836c-474a-8dc9-1638cc58bc69",
        "type": "message",
        "text": "Clean your project",
        "user": "U03FVM0KA",
        "ts": "1690375983.617109",
        "blocks": [
            {
                "type": "rich_text",
                "block_id": "Pa5hV",
                "elements": [
                    {
                        "type": "rich_text_section",
                        "elements": [
                            {
                                "type": "text",
                                "text": "Clean your project"
                            }
                        ]
                    }
                ]
            }
        ],
        "team": "T03FVM0K8",
        "user_team": "T03FVM0K8",
        "source_team": "T03FVM0K8",
        "user_profile": {
            "avatar_hash": "3b5718eb9f45",
            "image_72": "https:\/\/avatars.slack-edge.com\/2023-07-16\/5599264436273_3b5718eb9f45b3c2a13a_72.jpg",
            "first_name": "dodyg",
            "real_name": "dodyg",
            "display_name": "",
            "team": "T03FVM0K8",
            "name": "dodyg",
            "is_restricted": false,
            "is_ultra_restricted": false
        },
        "thread_ts": "1690351763.674189",
        "parent_user_id": "U048P9RUFHD"
    },
    {
        "client_msg_id": "3bc1a6e2-893f-4e2a-a25e-ffefa944f9a2",
        "type": "message",
        "text": "this looks like old assemblies",
        "user": "U03FVM0KA",
        "ts": "1690376002.405549",
        "blocks": [
            {
                "type": "rich_text",
                "block_id": "Dgp",
                "elements": [
                    {
                        "type": "rich_text_section",
                        "elements": [
                            {
                                "type": "text",
                                "text": "this looks like old assemblies"
                            }
                        ]
                    }
                ]
            }
        ],
        "team": "T03FVM0K8",
        "user_team": "T03FVM0K8",
        "source_team": "T03FVM0K8",
        "user_profile": {
            "avatar_hash": "3b5718eb9f45",
            "image_72": "https:\/\/avatars.slack-edge.com\/2023-07-16\/5599264436273_3b5718eb9f45b3c2a13a_72.jpg",
            "first_name": "dodyg",
            "real_name": "dodyg",
            "display_name": "",
            "team": "T03FVM0K8",
            "name": "dodyg",
            "is_restricted": false,
            "is_ultra_restricted": false
        },
        "thread_ts": "1690351763.674189",
        "parent_user_id": "U048P9RUFHD"
    },
    {
        "client_msg_id": "1a0dcf0d-678f-4d36-8aca-86fa13bb885e",
        "type": "message",
        "text": "weren't updated",
        "user": "U03FVM0KA",
        "ts": "1690376004.361849",
        "blocks": [
            {
                "type": "rich_text",
                "block_id": "92qvT",
                "elements": [
                    {
                        "type": "rich_text_section",
                        "elements": [
                            {
                                "type": "text",
                                "text": "weren't updated"
                            }
                        ]
                    }
                ]
            }
        ],
        "team": "T03FVM0K8",
        "user_team": "T03FVM0K8",
        "source_team": "T03FVM0K8",
        "user_profile": {
            "avatar_hash": "3b5718eb9f45",
            "image_72": "https:\/\/avatars.slack-edge.com\/2023-07-16\/5599264436273_3b5718eb9f45b3c2a13a_72.jpg",
            "first_name": "dodyg",
            "real_name": "dodyg",
            "display_name": "",
            "team": "T03FVM0K8",
            "name": "dodyg",
            "is_restricted": false,
            "is_ultra_restricted": false
        },
        "thread_ts": "1690351763.674189",
        "parent_user_id": "U048P9RUFHD"
    },
    {
        "client_msg_id": "0c359d36-edcb-4123-b73b-c8ed49d85bd6",
        "type": "message",
        "text": "or supposed to be not used again but exists in the folder",
        "user": "U03FVM0KA",
        "ts": "1690376014.914349",
        "blocks": [
            {
                "type": "rich_text",
                "block_id": "oKP",
                "elements": [
                    {
                        "type": "rich_text_section",
                        "elements": [
                            {
                                "type": "text",
                                "text": "or supposed to be not used again but exists in the folder"
                            }
                        ]
                    }
                ]
            }
        ],
        "team": "T03FVM0K8",
        "user_team": "T03FVM0K8",
        "source_team": "T03FVM0K8",
        "user_profile": {
            "avatar_hash": "3b5718eb9f45",
            "image_72": "https:\/\/avatars.slack-edge.com\/2023-07-16\/5599264436273_3b5718eb9f45b3c2a13a_72.jpg",
            "first_name": "dodyg",
            "real_name": "dodyg",
            "display_name": "",
            "team": "T03FVM0K8",
            "name": "dodyg",
            "is_restricted": false,
            "is_ultra_restricted": false
        },
        "thread_ts": "1690351763.674189",
        "parent_user_id": "U048P9RUFHD"
    },
    {
        "client_msg_id": "c71c7f5e-b6ff-47f4-8a1d-8f7492215eea",
        "type": "message",
        "text": "Also commit it to github so I can take a look",
        "user": "U03FVM0KA",
        "ts": "1690376118.534399",
        "blocks": [
            {
                "type": "rich_text",
                "block_id": "4Elp",
                "elements": [
                    {
                        "type": "rich_text_section",
                        "elements": [
                            {
                                "type": "text",
                                "text": "Also commit it to github so I can take a look"
                            }
                        ]
                    }
                ]
            }
        ],
        "team": "T03FVM0K8",
        "user_team": "T03FVM0K8",
        "source_team": "T03FVM0K8",
        "user_profile": {
            "avatar_hash": "3b5718eb9f45",
            "image_72": "https:\/\/avatars.slack-edge.com\/2023-07-16\/5599264436273_3b5718eb9f45b3c2a13a_72.jpg",
            "first_name": "dodyg",
            "real_name": "dodyg",
            "display_name": "",
            "team": "T03FVM0K8",
            "name": "dodyg",
            "is_restricted": false,
            "is_ultra_restricted": false
        },
        "thread_ts": "1690351763.674189",
        "parent_user_id": "U048P9RUFHD"
    },
    {
        "client_msg_id": "914ce859-68c3-471a-8678-0bb0aaac0142",
        "type": "message",
        "text": "make sure to setup your .gitignore so the binaries aren't committed",
        "user": "U03FVM0KA",
        "ts": "1690376136.953149",
        "blocks": [
            {
                "type": "rich_text",
                "block_id": "rH8C",
                "elements": [
                    {
                        "type": "rich_text_section",
                        "elements": [
                            {
                                "type": "text",
                                "text": "make sure to setup your .gitignore so the binaries aren't committed"
                            }
                        ]
                    }
                ]
            }
        ],
        "team": "T03FVM0K8",
        "user_team": "T03FVM0K8",
        "source_team": "T03FVM0K8",
        "user_profile": {
            "avatar_hash": "3b5718eb9f45",
            "image_72": "https:\/\/avatars.slack-edge.com\/2023-07-16\/5599264436273_3b5718eb9f45b3c2a13a_72.jpg",
            "first_name": "dodyg",
            "real_name": "dodyg",
            "display_name": "",
            "team": "T03FVM0K8",
            "name": "dodyg",
            "is_restricted": false,
            "is_ultra_restricted": false
        },
        "thread_ts": "1690351763.674189",
        "parent_user_id": "U048P9RUFHD"
    },
    {
        "client_msg_id": "91e581f8-680a-4d90-ad4d-692a5020e686",
        "type": "message",
        "text": "okay",
        "user": "U048P9RUFHD",
        "ts": "1690376227.333269",
        "blocks": [
            {
                "type": "rich_text",
                "block_id": "aGp",
                "elements": [
                    {
                        "type": "rich_text_section",
                        "elements": [
                            {
                                "type": "text",
                                "text": "okay"
                            }
                        ]
                    }
                ]
            }
        ],
        "team": "T03FVM0K8",
        "user_team": "T03FVM0K8",
        "source_team": "T03FVM0K8",
        "user_profile": {
            "avatar_hash": "g90c46eaffcc",
            "image_72": "https:\/\/secure.gravatar.com\/avatar\/90c46eaffcc17e9efc53454985175853.jpg?s=72&d=https%3A%2F%2Fa.slack-edge.com%2Fdf10d%2Fimg%2Favatars%2Fava_0019-72.png",
            "first_name": "Dina",
            "real_name": "Dina Maged",
            "display_name": "Dina Maged",
            "team": "T03FVM0K8",
            "name": "dinam",
            "is_restricted": false,
            "is_ultra_restricted": false
        },
        "thread_ts": "1690351763.674189",
        "parent_user_id": "U048P9RUFHD"
    },
    {
        "client_msg_id": "b8d74697-b8cb-4d78-8945-688bdd5a7ed2",
        "type": "message",
        "text": "Do you have a problem with svn?\nupdate or commit",
        "user": "U03FWLKUN",
        "ts": "1690413343.827859",
        "blocks": [
            {
                "type": "rich_text",
                "block_id": "LLT",
                "elements": [
                    {
                        "type": "rich_text_section",
                        "elements": [
                            {
                                "type": "text",
                                "text": "Do you have a problem with svn?\nupdate or commit"
                            }
                        ]
                    }
                ]
            }
        ],
        "team": "T03FVM0K8",
        "user_team": "T03FVM0K8",
        "source_team": "T03FVM0K8",
        "user_profile": {
            "avatar_hash": "ecda461ff360",
            "image_72": "https:\/\/avatars.slack-edge.com\/2023-07-17\/5583160815062_ecda461ff3606aef5048_72.jpg",
            "first_name": "Amr",
            "real_name": "Amr Ali",
            "display_name": "Amr Ali",
            "team": "T03FVM0K8",
            "name": "amrali",
            "is_restricted": false,
            "is_ultra_restricted": false
        },
        "thread_ts": "1690413343.827859",
        "reply_count": 4,
        "reply_users_count": 3,
        "latest_reply": "1690470151.230849",
        "reply_users": [
            "UD7FEGEF8",
            "U03FVM0KA",
            "U03FWLKUN"
        ],
        "replies": [
            {
                "user": "UD7FEGEF8",
                "ts": "1690413895.423289"
            },
            {
                "user": "U03FVM0KA",
                "ts": "1690470086.373229"
            },
            {
                "user": "U03FVM0KA",
                "ts": "1690470090.704759"
            },
            {
                "user": "U03FWLKUN",
                "ts": "1690470151.230849"
            }
        ],
        "is_locked": false,
        "subscribed": true,
        "last_read": "1690470151.230849"
    },
    {
        "client_msg_id": "695564ee-64ad-4ec5-a219-2182437f84b2",
        "type": "message",
        "text": "not a problem for me",
        "user": "UD7FEGEF8",
        "ts": "1690413895.423289",
        "blocks": [
            {
                "type": "rich_text",
                "block_id": "CxD",
                "elements": [
                    {
                        "type": "rich_text_section",
                        "elements": [
                            {
                                "type": "text",
                                "text": "not a problem for me"
                            }
                        ]
                    }
                ]
            }
        ],
        "team": "T03FVM0K8",
        "user_team": "T03FVM0K8",
        "source_team": "T03FVM0K8",
        "user_profile": {
            "avatar_hash": "g083a5c40ff6",
            "image_72": "https:\/\/secure.gravatar.com\/avatar\/5083a5c40ff6db7ba5ab35355b7b2066.jpg?s=72&d=https%3A%2F%2Fa.slack-edge.com%2Fdf10d%2Fimg%2Favatars%2Fava_0023-72.png",
            "first_name": "",
            "real_name": "Reham Abdelraheem",
            "display_name": "",
            "team": "T03FVM0K8",
            "name": "rehama",
            "is_restricted": false,
            "is_ultra_restricted": false
        },
        "thread_ts": "1690413343.827859",
        "parent_user_id": "U03FWLKUN"
    }
]