[
    {
        "type": "message",
        "text": "I am currently working on a project that involves using EdgeDB. I recently made a change in my schema where I switched the type of date_of_birth from datetime to cal::local_date.\nWhen I execute the query independently via the command line, the data is inserted without any issues. However, when I attempt to execute the same query within my application, I encounter the following error: 'MissingCodecException: Cannot find valid codec for System.DateTime'.\nI have been searching for a solution to this problem online, but so far, I have not found any resources that address this specific issue.\nI would greatly appreciate any guidance or suggestions on how to resolve this error.",
        "files": [
            {
                "id": "F05KR36TWT1",
                "created": 1691071092,
                "timestamp": 1691071092,
                "name": "image.png",
                "title": "image.png",
                "mimetype": "image\/png",
                "filetype": "png",
                "pretty_type": "PNG",
                "user": "U05E2BDNG1G",
                "user_team": "T03FVM0K8",
                "editable": false,
                "size": 112549,
                "mode": "hosted",
                "is_external": false,
                "external_type": "",
                "is_public": true,
                "public_url_shared": false,
                "display_as_bot": false,
                "username": "",
                "url_private": "https:\/\/files.slack.com\/files-pri\/T03FVM0K8-F05KR36TWT1\/image.png?t=xoxe-3539714654-5811278554788-5832538929008-03dc07771412e207820c9f7ae6fe1988",
                "url_private_download": "https:\/\/files.slack.com\/files-pri\/T03FVM0K8-F05KR36TWT1\/download\/image.png?t=xoxe-3539714654-5811278554788-5832538929008-03dc07771412e207820c9f7ae6fe1988",
                "media_display_type": "unknown",
                "thumb_64": "https:\/\/files.slack.com\/files-tmb\/T03FVM0K8-F05KR36TWT1-9f519fb030\/image_64.png?t=xoxe-3539714654-5811278554788-5832538929008-03dc07771412e207820c9f7ae6fe1988",
                "thumb_80": "https:\/\/files.slack.com\/files-tmb\/T03FVM0K8-F05KR36TWT1-9f519fb030\/image_80.png?t=xoxe-3539714654-5811278554788-5832538929008-03dc07771412e207820c9f7ae6fe1988",
                "thumb_360": "https:\/\/files.slack.com\/files-tmb\/T03FVM0K8-F05KR36TWT1-9f519fb030\/image_360.png?t=xoxe-3539714654-5811278554788-5832538929008-03dc07771412e207820c9f7ae6fe1988",
                "thumb_360_w": 360,
                "thumb_360_h": 149,
                "thumb_480": "https:\/\/files.slack.com\/files-tmb\/T03FVM0K8-F05KR36TWT1-9f519fb030\/image_480.png?t=xoxe-3539714654-5811278554788-5832538929008-03dc07771412e207820c9f7ae6fe1988",
                "thumb_480_w": 480,
                "thumb_480_h": 198,
                "thumb_160": "https:\/\/files.slack.com\/files-tmb\/T03FVM0K8-F05KR36TWT1-9f519fb030\/image_160.png?t=xoxe-3539714654-5811278554788-5832538929008-03dc07771412e207820c9f7ae6fe1988",
                "thumb_720": "https:\/\/files.slack.com\/files-tmb\/T03FVM0K8-F05KR36TWT1-9f519fb030\/image_720.png?t=xoxe-3539714654-5811278554788-5832538929008-03dc07771412e207820c9f7ae6fe1988",
                "thumb_720_w": 720,
                "thumb_720_h": 298,
                "thumb_800": "https:\/\/files.slack.com\/files-tmb\/T03FVM0K8-F05KR36TWT1-9f519fb030\/image_800.png?t=xoxe-3539714654-5811278554788-5832538929008-03dc07771412e207820c9f7ae6fe1988",
                "thumb_800_w": 800,
                "thumb_800_h": 331,
                "thumb_960": "https:\/\/files.slack.com\/files-tmb\/T03FVM0K8-F05KR36TWT1-9f519fb030\/image_960.png?t=xoxe-3539714654-5811278554788-5832538929008-03dc07771412e207820c9f7ae6fe1988",
                "thumb_960_w": 960,
                "thumb_960_h": 397,
                "thumb_1024": "https:\/\/files.slack.com\/files-tmb\/T03FVM0K8-F05KR36TWT1-9f519fb030\/image_1024.png?t=xoxe-3539714654-5811278554788-5832538929008-03dc07771412e207820c9f7ae6fe1988",
                "thumb_1024_w": 1024,
                "thumb_1024_h": 423,
                "original_w": 1546,
                "original_h": 639,
                "thumb_tiny": "AwATADDQGD7fWl49qTjPWlHsaAFHtS0n40Z9xQAtFGaKAGHrQKDQtAC4p1JS0AFFFFAH\/9k=",
                "permalink": "https:\/\/silverkey.slack.com\/files\/U05E2BDNG1G\/F05KR36TWT1\/image.png",
                "permalink_public": "https:\/\/slack-files.com\/T03FVM0K8-F05KR36TWT1-efee100979",
                "is_starred": false,
                "has_rich_preview": false,
                "file_access": "visible"
            },
            {
                "id": "F05L5KJ1HMY",
                "created": 1691071112,
                "timestamp": 1691071112,
                "name": "image.png",
                "title": "image.png",
                "mimetype": "image\/png",
                "filetype": "png",
                "pretty_type": "PNG",
                "user": "U05E2BDNG1G",
                "user_team": "T03FVM0K8",
                "editable": false,
                "size": 3134,
                "mode": "hosted",
                "is_external": false,
                "external_type": "",
                "is_public": true,
                "public_url_shared": false,
                "display_as_bot": false,
                "username": "",
                "url_private": "https:\/\/files.slack.com\/files-pri\/T03FVM0K8-F05L5KJ1HMY\/image.png?t=xoxe-3539714654-5811278554788-5832538929008-03dc07771412e207820c9f7ae6fe1988",
                "url_private_download": "https:\/\/files.slack.com\/files-pri\/T03FVM0K8-F05L5KJ1HMY\/download\/image.png?t=xoxe-3539714654-5811278554788-5832538929008-03dc07771412e207820c9f7ae6fe1988",
                "media_display_type": "unknown",
                "thumb_64": "https:\/\/files.slack.com\/files-tmb\/T03FVM0K8-F05L5KJ1HMY-12c73531eb\/image_64.png?t=xoxe-3539714654-5811278554788-5832538929008-03dc07771412e207820c9f7ae6fe1988",
                "thumb_80": "https:\/\/files.slack.com\/files-tmb\/T03FVM0K8-F05L5KJ1HMY-12c73531eb\/image_80.png?t=xoxe-3539714654-5811278554788-5832538929008-03dc07771412e207820c9f7ae6fe1988",
                "thumb_360": "https:\/\/files.slack.com\/files-tmb\/T03FVM0K8-F05L5KJ1HMY-12c73531eb\/image_360.png?t=xoxe-3539714654-5811278554788-5832538929008-03dc07771412e207820c9f7ae6fe1988",
                "thumb_360_w": 260,
                "thumb_360_h": 24,
                "thumb_160": "https:\/\/files.slack.com\/files-tmb\/T03FVM0K8-F05L5KJ1HMY-12c73531eb\/image_160.png?t=xoxe-3539714654-5811278554788-5832538929008-03dc07771412e207820c9f7ae6fe1988",
                "original_w": 260,
                "original_h": 24,
                "thumb_tiny": "AwAEADCmrEDFG4\/nTRS0ALuPSkznrR3oHWgBN3+yKSiigD\/\/2Q==",
                "permalink": "https:\/\/silverkey.slack.com\/files\/U05E2BDNG1G\/F05L5KJ1HMY\/image.png",
                "permalink_public": "https:\/\/slack-files.com\/T03FVM0K8-F05L5KJ1HMY-a747f54ab8",
                "is_starred": false,
                "has_rich_preview": false,
                "file_access": "visible"
            }
        ],
        "upload": false,
        "user": "U05E2BDNG1G",
        "ts": "1691071325.373599",
        "blocks": [
            {
                "type": "rich_text",
                "block_id": "y0iL",
                "elements": [
                    {
                        "type": "rich_text_section",
                        "elements": [
                            {
                                "type": "text",
                                "text": "I am currently working on a project that involves using EdgeDB. I recently made a change in my schema where I switched the type of date_of_birth from datetime to cal::local_date.\nWhen I execute the query independently via the command line, the data is inserted without any issues. However, when I attempt to execute the same query within my application, I encounter the following error: 'MissingCodecException: Cannot find valid codec for System.DateTime'.\nI have been searching for a solution to this problem online, but so far, I have not found any resources that address this specific issue.\nI would greatly appreciate any guidance or suggestions on how to resolve this error."
                            }
                        ]
                    }
                ]
            }
        ],
        "client_msg_id": "7d12c1f2-d705-4c9d-b1ff-7d7b50768c58",
        "thread_ts": "1691071325.373599",
        "reply_count": 4,
        "reply_users_count": 3,
        "latest_reply": "1691313179.063009",
        "reply_users": [
            "U027C3PDVQC",
            "U05E2BDNG1G",
            "U03FVM0KA"
        ],
        "replies": [
            {
                "user": "U027C3PDVQC",
                "ts": "1691133671.833969"
            },
            {
                "user": "U027C3PDVQC",
                "ts": "1691133725.871679"
            },
            {
                "user": "U05E2BDNG1G",
                "ts": "1691146789.687459"
            },
            {
                "user": "U03FVM0KA",
                "ts": "1691313179.063009"
            }
        ],
        "is_locked": false,
        "subscribed": true,
        "last_read": "1691313179.063009"
    }
]