[
    {
        "client_msg_id": "f2cbb794-4fea-42e0-8490-9cd5e44e4ce8",
        "type": "message",
        "text": "<@U05E2BDNG1G>\n\nJust a note here that <@U027C3PDVQC> never worked on EdgeDB. He is our Chat GPT and not a real person - he just give answers to problems.",
        "user": "U03FVM0KA",
        "ts": "1691313179.063009",
        "blocks": [
            {
                "type": "rich_text",
                "block_id": "GZM",
                "elements": [
                    {
                        "type": "rich_text_section",
                        "elements": [
                            {
                                "type": "user",
                                "user_id": "U05E2BDNG1G"
                            },
                            {
                                "type": "text",
                                "text": "\n\nJust a note here that "
                            },
                            {
                                "type": "user",
                                "user_id": "U027C3PDVQC"
                            },
                            {
                                "type": "text",
                                "text": " never worked on EdgeDB. He is our Chat GPT and not a real person - he just give answers to problems."
                            }
                        ]
                    }
                ]
            }
        ],
        "team": "T03FVM0K8",
        "user_team": "T03FVM0K8",
        "source_team": "T03FVM0K8",
        "user_profile": {
            "avatar_hash": "3b5718eb9f45",
            "image_72": "https:\/\/avatars.slack-edge.com\/2023-07-16\/5599264436273_3b5718eb9f45b3c2a13a_72.jpg",
            "first_name": "dodyg",
            "real_name": "dodyg",
            "display_name": "",
            "team": "T03FVM0K8",
            "name": "dodyg",
            "is_restricted": false,
            "is_ultra_restricted": false
        },
        "thread_ts": "1691071325.373599",
        "parent_user_id": "U05E2BDNG1G",
        "reactions": [
            {
                "name": "joy",
                "users": [
                    "U027C3PDVQC",
                    "U01JHGNLXTP",
                    "U05E2BDNG1G"
                ],
                "count": 3
            }
        ]
    }
]