[
    {
        "type": "message",
        "text": "any idea how to fix this",
        "files": [
            {
                "id": "F05JVAZ1QR2",
                "created": 1690351729,
                "timestamp": 1690351729,
                "name": "image.png",
                "title": "image.png",
                "mimetype": "image\/png",
                "filetype": "png",
                "pretty_type": "PNG",
                "user": "U048P9RUFHD",
                "user_team": "T03FVM0K8",
                "editable": false,
                "size": 176403,
                "mode": "hosted",
                "is_external": false,
                "external_type": "",
                "is_public": true,
                "public_url_shared": false,
                "display_as_bot": false,
                "username": "",
                "url_private": "https:\/\/files.slack.com\/files-pri\/T03FVM0K8-F05JVAZ1QR2\/image.png?t=xoxe-3539714654-5811278554788-5832538929008-03dc07771412e207820c9f7ae6fe1988",
                "url_private_download": "https:\/\/files.slack.com\/files-pri\/T03FVM0K8-F05JVAZ1QR2\/download\/image.png?t=xoxe-3539714654-5811278554788-5832538929008-03dc07771412e207820c9f7ae6fe1988",
                "media_display_type": "unknown",
                "thumb_64": "https:\/\/files.slack.com\/files-tmb\/T03FVM0K8-F05JVAZ1QR2-6ea81a5fa9\/image_64.png?t=xoxe-3539714654-5811278554788-5832538929008-03dc07771412e207820c9f7ae6fe1988",
                "thumb_80": "https:\/\/files.slack.com\/files-tmb\/T03FVM0K8-F05JVAZ1QR2-6ea81a5fa9\/image_80.png?t=xoxe-3539714654-5811278554788-5832538929008-03dc07771412e207820c9f7ae6fe1988",
                "thumb_360": "https:\/\/files.slack.com\/files-tmb\/T03FVM0K8-F05JVAZ1QR2-6ea81a5fa9\/image_360.png?t=xoxe-3539714654-5811278554788-5832538929008-03dc07771412e207820c9f7ae6fe1988",
                "thumb_360_w": 360,
                "thumb_360_h": 187,
                "thumb_480": "https:\/\/files.slack.com\/files-tmb\/T03FVM0K8-F05JVAZ1QR2-6ea81a5fa9\/image_480.png?t=xoxe-3539714654-5811278554788-5832538929008-03dc07771412e207820c9f7ae6fe1988",
                "thumb_480_w": 480,
                "thumb_480_h": 249,
                "thumb_160": "https:\/\/files.slack.com\/files-tmb\/T03FVM0K8-F05JVAZ1QR2-6ea81a5fa9\/image_160.png?t=xoxe-3539714654-5811278554788-5832538929008-03dc07771412e207820c9f7ae6fe1988",
                "thumb_720": "https:\/\/files.slack.com\/files-tmb\/T03FVM0K8-F05JVAZ1QR2-6ea81a5fa9\/image_720.png?t=xoxe-3539714654-5811278554788-5832538929008-03dc07771412e207820c9f7ae6fe1988",
                "thumb_720_w": 720,
                "thumb_720_h": 374,
                "thumb_800": "https:\/\/files.slack.com\/files-tmb\/T03FVM0K8-F05JVAZ1QR2-6ea81a5fa9\/image_800.png?t=xoxe-3539714654-5811278554788-5832538929008-03dc07771412e207820c9f7ae6fe1988",
                "thumb_800_w": 800,
                "thumb_800_h": 415,
                "thumb_960": "https:\/\/files.slack.com\/files-tmb\/T03FVM0K8-F05JVAZ1QR2-6ea81a5fa9\/image_960.png?t=xoxe-3539714654-5811278554788-5832538929008-03dc07771412e207820c9f7ae6fe1988",
                "thumb_960_w": 960,
                "thumb_960_h": 498,
                "thumb_1024": "https:\/\/files.slack.com\/files-tmb\/T03FVM0K8-F05JVAZ1QR2-6ea81a5fa9\/image_1024.png?t=xoxe-3539714654-5811278554788-5832538929008-03dc07771412e207820c9f7ae6fe1988",
                "thumb_1024_w": 1024,
                "thumb_1024_h": 531,
                "original_w": 1920,
                "original_h": 996,
                "thumb_tiny": "AwAYADCoeODTcinAnFGTTuA3PtSZpxY+9Jk+ppXATNLuPqaTJ9aMn1ouAuTRk0lFABk0UUUAFFFFAH\/\/2Q==",
                "permalink": "https:\/\/silverkey.slack.com\/files\/U048P9RUFHD\/F05JVAZ1QR2\/image.png",
                "permalink_public": "https:\/\/slack-files.com\/T03FVM0K8-F05JVAZ1QR2-016797ec85",
                "is_starred": false,
                "has_rich_preview": false,
                "file_access": "visible"
            }
        ],
        "upload": false,
        "user": "U048P9RUFHD",
        "display_as_bot": false,
        "ts": "1690351763.674189",
        "blocks": [
            {
                "type": "rich_text",
                "block_id": "ET9U",
                "elements": [
                    {
                        "type": "rich_text_section",
                        "elements": [
                            {
                                "type": "text",
                                "text": "any idea how to fix this"
                            }
                        ]
                    }
                ]
            }
        ],
        "client_msg_id": "613d9e0f-f10b-4b51-aaf1-e9dca5099585",
        "thread_ts": "1690351763.674189",
        "reply_count": 9,
        "reply_users_count": 2,
        "latest_reply": "1690376227.333269",
        "reply_users": [
            "U03FVM0KA",
            "U048P9RUFHD"
        ],
        "replies": [
            {
                "user": "U03FVM0KA",
                "ts": "1690366942.652499"
            },
            {
                "user": "U048P9RUFHD",
                "ts": "1690375624.335829"
            },
            {
                "user": "U03FVM0KA",
                "ts": "1690375983.617109"
            },
            {
                "user": "U03FVM0KA",
                "ts": "1690376002.405549"
            },
            {
                "user": "U03FVM0KA",
                "ts": "1690376004.361849"
            },
            {
                "user": "U03FVM0KA",
                "ts": "1690376014.914349"
            },
            {
                "user": "U03FVM0KA",
                "ts": "1690376118.534399"
            },
            {
                "user": "U03FVM0KA",
                "ts": "1690376136.953149"
            },
            {
                "user": "U048P9RUFHD",
                "ts": "1690376227.333269"
            }
        ],
        "is_locked": false,
        "subscribed": true,
        "last_read": "1690376227.333269"
    }
]