[
    {
        "client_msg_id": "ea749170-fd1c-49d3-aa16-83027ae1022f",
        "type": "message",
        "text": "<@U05E2BDNG1G>\ncal::local_date type is matching System.DateOnly not System.DateTime\n\nyou have two solutions\n• just change the datatime instead of <https:\/\/www.edgedb.com\/docs\/stdlib\/datetime#type::cal::local_date|cal::local_date> to <https:\/\/www.edgedb.com\/docs\/stdlib\/datetime#type::cal::local_datetime|cal::local_datetime>\n• manually cast the datatype when inserting to the app by using `date_of_birth := cal::to_local_date(&lt;str&gt;$date_of_birth)`",
        "user": "U027C3PDVQC",
        "ts": "1691133671.833969",
        "blocks": [
            {
                "type": "rich_text",
                "block_id": "+9t",
                "elements": [
                    {
                        "type": "rich_text_section",
                        "elements": [
                            {
                                "type": "user",
                                "user_id": "U05E2BDNG1G"
                            },
                            {
                                "type": "text",
                                "text": "\ncal::local_date type is matching System.DateOnly not System.DateTime\n\nyou have two solutions\n"
                            }
                        ]
                    },
                    {
                        "type": "rich_text_list",
                        "elements": [
                            {
                                "type": "rich_text_section",
                                "elements": [
                                    {
                                        "type": "text",
                                        "text": "just change the datatime instead of "
                                    },
                                    {
                                        "type": "link",
                                        "url": "https:\/\/www.edgedb.com\/docs\/stdlib\/datetime#type::cal::local_date",
                                        "text": "cal::local_date"
                                    },
                                    {
                                        "type": "text",
                                        "text": " to "
                                    },
                                    {
                                        "type": "link",
                                        "url": "https:\/\/www.edgedb.com\/docs\/stdlib\/datetime#type::cal::local_datetime",
                                        "text": "cal::local_datetime"
                                    }
                                ]
                            },
                            {
                                "type": "rich_text_section",
                                "elements": [
                                    {
                                        "type": "text",
                                        "text": "manually cast the datatype when inserting to the app by using "
                                    },
                                    {
                                        "type": "text",
                                        "text": "date_of_birth := cal::to_local_date(<str>$date_of_birth)",
                                        "style": {
                                            "code": true
                                        }
                                    }
                                ]
                            }
                        ],
                        "style": "bullet",
                        "indent": 0,
                        "border": 0
                    }
                ]
            }
        ],
        "team": "T03FVM0K8",
        "user_team": "T03FVM0K8",
        "source_team": "T03FVM0K8",
        "user_profile": {
            "avatar_hash": "b2432500ca87",
            "image_72": "https:\/\/avatars.slack-edge.com\/2022-01-23\/2978662366199_b2432500ca87d891ba17_72.jpg",
            "first_name": "Mohamed",
            "real_name": "Mohamed Abdelrahman",
            "display_name": "",
            "team": "T03FVM0K8",
            "name": "maboelkassem",
            "is_restricted": false,
            "is_ultra_restricted": false
        },
        "thread_ts": "1691071325.373599",
        "parent_user_id": "U05E2BDNG1G",
        "reactions": [
            {
                "name": "rocket",
                "users": [
                    "U04509JHX54"
                ],
                "count": 1
            }
        ]
    },
    {
        "client_msg_id": "5e1e3d06-c16b-4a55-8b25-1a33af1debfb",
        "type": "message",
        "text": "when retrieving the data make sure that mapping EdgeDB.DataTypes.LocalDate",
        "user": "U027C3PDVQC",
        "ts": "1691133725.871679",
        "blocks": [
            {
                "type": "rich_text",
                "block_id": "JsMq",
                "elements": [
                    {
                        "type": "rich_text_section",
                        "elements": [
                            {
                                "type": "text",
                                "text": "when retrieving the data make sure that mapping EdgeDB.DataTypes.LocalDate"
                            }
                        ]
                    }
                ]
            }
        ],
        "team": "T03FVM0K8",
        "user_team": "T03FVM0K8",
        "source_team": "T03FVM0K8",
        "user_profile": {
            "avatar_hash": "b2432500ca87",
            "image_72": "https:\/\/avatars.slack-edge.com\/2022-01-23\/2978662366199_b2432500ca87d891ba17_72.jpg",
            "first_name": "Mohamed",
            "real_name": "Mohamed Abdelrahman",
            "display_name": "",
            "team": "T03FVM0K8",
            "name": "maboelkassem",
            "is_restricted": false,
            "is_ultra_restricted": false
        },
        "thread_ts": "1691071325.373599",
        "parent_user_id": "U05E2BDNG1G"
    },
    {
        "client_msg_id": "fa77b9c5-8a88-492c-b7de-a70ce5a187fe",
        "type": "message",
        "text": "This worked. Thank you so much!",
        "user": "U05E2BDNG1G",
        "ts": "1691146789.687459",
        "blocks": [
            {
                "type": "rich_text",
                "block_id": "nl=",
                "elements": [
                    {
                        "type": "rich_text_section",
                        "elements": [
                            {
                                "type": "text",
                                "text": "This worked. Thank you so much!"
                            }
                        ]
                    }
                ]
            }
        ],
        "team": "T03FVM0K8",
        "user_team": "T03FVM0K8",
        "source_team": "T03FVM0K8",
        "user_profile": {
            "avatar_hash": "g6f035765112",
            "image_72": "https:\/\/secure.gravatar.com\/avatar\/6f0357651124f1d6b44fa5a6ee8be543.jpg?s=72&d=https%3A%2F%2Fa.slack-edge.com%2Fdf10d%2Fimg%2Favatars%2Fava_0004-72.png",
            "first_name": "Youssef",
            "real_name": "Youssef Hassan Darwish",
            "display_name": "Youssef Hassan Darwish",
            "team": "T03FVM0K8",
            "name": "youssef.darwish03",
            "is_restricted": false,
            "is_ultra_restricted": false
        },
        "thread_ts": "1691071325.373599",
        "parent_user_id": "U05E2BDNG1G"
    }
]