[
    {
        "type": "message",
        "text": "anyone knows the cause of this when i run a blazor wasm project ?",
        "files": [
            {
                "id": "F05M57EB40L",
                "created": 1691599598,
                "timestamp": 1691599598,
                "name": "Screenshot (1043).png",
                "title": "Screenshot (1043).png",
                "mimetype": "image\/png",
                "filetype": "png",
                "pretty_type": "PNG",
                "user": "U05DMR1NYH5",
                "user_team": "T03FVM0K8",
                "editable": false,
                "size": 145656,
                "mode": "hosted",
                "is_external": false,
                "external_type": "",
                "is_public": true,
                "public_url_shared": false,
                "display_as_bot": false,
                "username": "",
                "url_private": "https:\/\/files.slack.com\/files-pri\/T03FVM0K8-F05M57EB40L\/screenshot__1043_.png?t=xoxe-3539714654-5811278554788-5832538929008-03dc07771412e207820c9f7ae6fe1988",
                "url_private_download": "https:\/\/files.slack.com\/files-pri\/T03FVM0K8-F05M57EB40L\/download\/screenshot__1043_.png?t=xoxe-3539714654-5811278554788-5832538929008-03dc07771412e207820c9f7ae6fe1988",
                "media_display_type": "unknown",
                "thumb_64": "https:\/\/files.slack.com\/files-tmb\/T03FVM0K8-F05M57EB40L-054f8009a2\/screenshot__1043__64.png?t=xoxe-3539714654-5811278554788-5832538929008-03dc07771412e207820c9f7ae6fe1988",
                "thumb_80": "https:\/\/files.slack.com\/files-tmb\/T03FVM0K8-F05M57EB40L-054f8009a2\/screenshot__1043__80.png?t=xoxe-3539714654-5811278554788-5832538929008-03dc07771412e207820c9f7ae6fe1988",
                "thumb_360": "https:\/\/files.slack.com\/files-tmb\/T03FVM0K8-F05M57EB40L-054f8009a2\/screenshot__1043__360.png?t=xoxe-3539714654-5811278554788-5832538929008-03dc07771412e207820c9f7ae6fe1988",
                "thumb_360_w": 360,
                "thumb_360_h": 203,
                "thumb_480": "https:\/\/files.slack.com\/files-tmb\/T03FVM0K8-F05M57EB40L-054f8009a2\/screenshot__1043__480.png?t=xoxe-3539714654-5811278554788-5832538929008-03dc07771412e207820c9f7ae6fe1988",
                "thumb_480_w": 480,
                "thumb_480_h": 270,
                "thumb_160": "https:\/\/files.slack.com\/files-tmb\/T03FVM0K8-F05M57EB40L-054f8009a2\/screenshot__1043__160.png?t=xoxe-3539714654-5811278554788-5832538929008-03dc07771412e207820c9f7ae6fe1988",
                "thumb_720": "https:\/\/files.slack.com\/files-tmb\/T03FVM0K8-F05M57EB40L-054f8009a2\/screenshot__1043__720.png?t=xoxe-3539714654-5811278554788-5832538929008-03dc07771412e207820c9f7ae6fe1988",
                "thumb_720_w": 720,
                "thumb_720_h": 405,
                "thumb_800": "https:\/\/files.slack.com\/files-tmb\/T03FVM0K8-F05M57EB40L-054f8009a2\/screenshot__1043__800.png?t=xoxe-3539714654-5811278554788-5832538929008-03dc07771412e207820c9f7ae6fe1988",
                "thumb_800_w": 800,
                "thumb_800_h": 450,
                "thumb_960": "https:\/\/files.slack.com\/files-tmb\/T03FVM0K8-F05M57EB40L-054f8009a2\/screenshot__1043__960.png?t=xoxe-3539714654-5811278554788-5832538929008-03dc07771412e207820c9f7ae6fe1988",
                "thumb_960_w": 960,
                "thumb_960_h": 540,
                "thumb_1024": "https:\/\/files.slack.com\/files-tmb\/T03FVM0K8-F05M57EB40L-054f8009a2\/screenshot__1043__1024.png?t=xoxe-3539714654-5811278554788-5832538929008-03dc07771412e207820c9f7ae6fe1988",
                "thumb_1024_w": 1024,
                "thumb_1024_h": 576,
                "original_w": 1920,
                "original_h": 1080,
                "thumb_tiny": "AwAbADDTxSbR6UtFACYHpRgelLRQAmB6UbR6UtFABRWG13cA\/wCtapbW5meUBpGIoHY16Kz7qaRFXa5Gaqm6nyP3rUCNqisRrufj961L9qnx\/rWoA\/\/Z",
                "permalink": "https:\/\/silverkey.slack.com\/files\/U05DMR1NYH5\/F05M57EB40L\/screenshot__1043_.png",
                "permalink_public": "https:\/\/slack-files.com\/T03FVM0K8-F05M57EB40L-8621fabf13",
                "is_starred": false,
                "has_rich_preview": false,
                "file_access": "visible"
            }
        ],
        "upload": false,
        "user": "U05DMR1NYH5",
        "display_as_bot": false,
        "ts": "1691599617.895509",
        "blocks": [
            {
                "type": "rich_text",
                "block_id": "otl",
                "elements": [
                    {
                        "type": "rich_text_section",
                        "elements": [
                            {
                                "type": "text",
                                "text": "anyone knows the cause of this when i run a blazor wasm project ?"
                            }
                        ]
                    }
                ]
            }
        ],
        "client_msg_id": "eac5b84f-aa6d-4beb-bf9a-21679d9c2ac3",
        "thread_ts": "1691599617.895509",
        "reply_count": 2,
        "reply_users_count": 2,
        "latest_reply": "1691622860.342529",
        "reply_users": [
            "U027PSQ8ZUK",
            "U05DMR1NYH5"
        ],
        "replies": [
            {
                "user": "U027PSQ8ZUK",
                "ts": "1691603584.544799"
            },
            {
                "user": "U05DMR1NYH5",
                "ts": "1691622860.342529"
            }
        ],
        "is_locked": false,
        "subscribed": false
    },
    {
        "client_msg_id": "6F0907BD-559D-4BD7-A62D-8F2C05FBAEF7",
        "type": "message",
        "text": "You can check the console tab of the browser ",
        "user": "U027PSQ8ZUK",
        "ts": "1691603584.544799",
        "blocks": [
            {
                "type": "rich_text",
                "block_id": "KlsIw",
                "elements": [
                    {
                        "type": "rich_text_section",
                        "elements": [
                            {
                                "type": "text",
                                "text": "You can check the console tab of the browser "
                            }
                        ]
                    }
                ]
            }
        ],
        "team": "T03FVM0K8",
        "user_team": "T03FVM0K8",
        "source_team": "T03FVM0K8",
        "user_profile": {
            "avatar_hash": "9c0b97dae87e",
            "image_72": "https:\/\/avatars.slack-edge.com\/2021-07-11\/2285724744848_9c0b97dae87ec533fb16_72.jpg",
            "first_name": "Ahmad",
            "real_name": "Ahmad Gadallah",
            "display_name": "Ahmad Gadallah",
            "team": "T03FVM0K8",
            "name": "ahmadg",
            "is_restricted": false,
            "is_ultra_restricted": false
        },
        "thread_ts": "1691599617.895509",
        "parent_user_id": "U05DMR1NYH5"
    },
    {
        "client_msg_id": "bc25a72f-5603-4b85-a8d4-9b363a8261ca",
        "type": "message",
        "text": "okaaay understood thank you",
        "user": "U05DMR1NYH5",
        "ts": "1691622860.342529",
        "blocks": [
            {
                "type": "rich_text",
                "block_id": "Q1r",
                "elements": [
                    {
                        "type": "rich_text_section",
                        "elements": [
                            {
                                "type": "text",
                                "text": "okaaay understood thank you"
                            }
                        ]
                    }
                ]
            }
        ],
        "team": "T03FVM0K8",
        "user_team": "T03FVM0K8",
        "source_team": "T03FVM0K8",
        "user_profile": {
            "avatar_hash": "6bfa095fb4bb",
            "image_72": "https:\/\/avatars.slack-edge.com\/2023-06-26\/5476969791174_6bfa095fb4bb191e8001_72.jpg",
            "first_name": "yasmin",
            "real_name": "yasmin hashem",
            "display_name": "yasmin hashem",
            "team": "T03FVM0K8",
            "name": "yasmin.hashem201",
            "is_restricted": false,
            "is_ultra_restricted": false
        },
        "thread_ts": "1691599617.895509",
        "parent_user_id": "U05DMR1NYH5"
    }
]