[
    {
        "client_msg_id": "126bf6b3-a253-45d2-9056-c81c18607347",
        "type": "message",
        "text": "<@U03FWLKUN> did you solve your problem?",
        "user": "U03FVM0KA",
        "ts": "1690470086.373229",
        "blocks": [
            {
                "type": "rich_text",
                "block_id": "ofM",
                "elements": [
                    {
                        "type": "rich_text_section",
                        "elements": [
                            {
                                "type": "user",
                                "user_id": "U03FWLKUN"
                            },
                            {
                                "type": "text",
                                "text": " did you solve your problem?"
                            }
                        ]
                    }
                ]
            }
        ],
        "team": "T03FVM0K8",
        "user_team": "T03FVM0K8",
        "source_team": "T03FVM0K8",
        "user_profile": {
            "avatar_hash": "3b5718eb9f45",
            "image_72": "https:\/\/avatars.slack-edge.com\/2023-07-16\/5599264436273_3b5718eb9f45b3c2a13a_72.jpg",
            "first_name": "dodyg",
            "real_name": "dodyg",
            "display_name": "",
            "team": "T03FVM0K8",
            "name": "dodyg",
            "is_restricted": false,
            "is_ultra_restricted": false
        },
        "thread_ts": "1690413343.827859",
        "parent_user_id": "U03FWLKUN"
    },
    {
        "client_msg_id": "cb78cbfc-1dff-44d5-9b83-a07633f75726",
        "type": "message",
        "text": "<https:\/\/silverkey.repositoryhosting.com\/> i cannot open this either",
        "user": "U03FVM0KA",
        "ts": "1690470090.704759",
        "blocks": [
            {
                "type": "rich_text",
                "block_id": "2+MQP",
                "elements": [
                    {
                        "type": "rich_text_section",
                        "elements": [
                            {
                                "type": "link",
                                "url": "https:\/\/silverkey.repositoryhosting.com\/"
                            },
                            {
                                "type": "text",
                                "text": " i cannot open this either"
                            }
                        ]
                    }
                ]
            }
        ],
        "team": "T03FVM0K8",
        "user_team": "T03FVM0K8",
        "source_team": "T03FVM0K8",
        "user_profile": {
            "avatar_hash": "3b5718eb9f45",
            "image_72": "https:\/\/avatars.slack-edge.com\/2023-07-16\/5599264436273_3b5718eb9f45b3c2a13a_72.jpg",
            "first_name": "dodyg",
            "real_name": "dodyg",
            "display_name": "",
            "team": "T03FVM0K8",
            "name": "dodyg",
            "is_restricted": false,
            "is_ultra_restricted": false
        },
        "attachments": [
            {
                "from_url": "https:\/\/silverkey.repositoryhosting.com\/",
                "service_icon": "https:\/\/d2f2vj6i7hhqf6.cloudfront.net\/favicon.ico?1687820988",
                "id": 1,
                "original_url": "https:\/\/silverkey.repositoryhosting.com\/",
                "fallback": "Repository Hosting",
                "text": "Unlimited Subversion, Git, and Mercurial repositories and unlimited Trac instances all for $6 per month. Repository Hosting: One Plan, One Price.",
                "title": "Repository Hosting",
                "title_link": "https:\/\/silverkey.repositoryhosting.com\/",
                "service_name": "silverkey.repositoryhosting.com"
            }
        ],
        "thread_ts": "1690413343.827859",
        "parent_user_id": "U03FWLKUN"
    },
    {
        "client_msg_id": "a4ddd07b-0d9e-41b4-8bc3-d121db1ec1fa",
        "type": "message",
        "text": "yes its solved but i don't know what was the reason\ni restarted computer and restarted router then it worked",
        "user": "U03FWLKUN",
        "ts": "1690470151.230849",
        "blocks": [
            {
                "type": "rich_text",
                "block_id": "vdq2",
                "elements": [
                    {
                        "type": "rich_text_section",
                        "elements": [
                            {
                                "type": "text",
                                "text": "yes its solved but i don't know what was the reason\ni restarted computer and restarted router then it worked"
                            }
                        ]
                    }
                ]
            }
        ],
        "team": "T03FVM0K8",
        "user_team": "T03FVM0K8",
        "source_team": "T03FVM0K8",
        "user_profile": {
            "avatar_hash": "ecda461ff360",
            "image_72": "https:\/\/avatars.slack-edge.com\/2023-07-17\/5583160815062_ecda461ff3606aef5048_72.jpg",
            "first_name": "Amr",
            "real_name": "Amr Ali",
            "display_name": "Amr Ali",
            "team": "T03FVM0K8",
            "name": "amrali",
            "is_restricted": false,
            "is_ultra_restricted": false
        },
        "thread_ts": "1690413343.827859",
        "parent_user_id": "U03FWLKUN",
        "reactions": [
            {
                "name": "joy",
                "users": [
                    "U03FVM0KA",
                    "U02P5PUDENL",
                    "U01JHGNLXTP"
                ],
                "count": 3
            }
        ]
    }
]