[
    {
        "type": "message",
        "subtype": "bot_message",
        "text": "Nada is back.",
        "ts": "1689714409.842809",
        "bot_id": "B048YNXU9HC",
        "blocks": [
            {
                "type": "rich_text",
                "block_id": "byt+0",
                "elements": [
                    {
                        "type": "rich_text_section",
                        "elements": [
                            {
                                "type": "text",
                                "text": "Nada is back."
                            }
                        ]
                    }
                ]
            }
        ]
    },
    {
        "client_msg_id": "CB1F832C-2B99-4D01-A471-508C77233845",
        "type": "message",
        "text": "Working",
        "user": "U05ES2TQ40Y",
        "ts": "1689714608.846069",
        "blocks": [
            {
                "type": "rich_text",
                "block_id": "B5C",
                "elements": [
                    {
                        "type": "rich_text_section",
                        "elements": [
                            {
                                "type": "text",
                                "text": "Working"
                            }
                        ]
                    }
                ]
            }
        ],
        "team": "T03FVM0K8",
        "user_team": "T03FVM0K8",
        "source_team": "T03FVM0K8",
        "user_profile": {
            "avatar_hash": "g69a2f5d674e",
            "image_72": "https:\/\/secure.gravatar.com\/avatar\/69a2f5d674ec67dcbe6e2b04d96b32e9.jpg?s=72&d=https%3A%2F%2Fa.slack-edge.com%2Fdf10d%2Fimg%2Favatars%2Fava_0015-72.png",
            "first_name": "Merhan",
            "real_name": "Merhan Hesham Ahmed",
            "display_name": "Merhan Hesham Ahmed",
            "team": "T03FVM0K8",
            "name": "merhan100.hesham",
            "is_restricted": false,
            "is_ultra_restricted": false
        }
    },
    {
        "type": "message",
        "subtype": "bot_message",
        "text": "BelalAbdelbasetHassan is finished for today. Away.",
        "ts": "1689714666.554729",
        "bot_id": "B048YNXU9HC",
        "blocks": [
            {
                "type": "rich_text",
                "block_id": "=Ei",
                "elements": [
                    {
                        "type": "rich_text_section",
                        "elements": [
                            {
                                "type": "text",
                                "text": "BelalAbdelbasetHassan is finished for today. Away."
                            }
                        ]
                    }
                ]
            }
        ]
    },
    {
        "type": "message",
        "subtype": "bot_message",
        "text": "Nouran M Started to work now.",
        "ts": "1689714985.693469",
        "bot_id": "B048YNXU9HC",
        "blocks": [
            {
                "type": "rich_text",
                "block_id": "nDR1",
                "elements": [
                    {
                        "type": "rich_text_section",
                        "elements": [
                            {
                                "type": "text",
                                "text": "Nouran M Started to work now."
                            }
                        ]
                    }
                ]
            }
        ]
    },
    {
        "type": "message",
        "subtype": "bot_message",
        "text": "Amr Tealeb is finished for today. Away.",
        "ts": "1689716038.045919",
        "bot_id": "B048YNXU9HC",
        "blocks": [
            {
                "type": "rich_text",
                "block_id": "fDH",
                "elements": [
                    {
                        "type": "rich_text_section",
                        "elements": [
                            {
                                "type": "text",
                                "text": "Amr Tealeb is finished for today. Away."
                            }
                        ]
                    }
                ]
            }
        ]
    },
    {
        "client_msg_id": "112c177a-7e94-431b-bce8-1e763464886c",
        "type": "message",
        "text": "done for today",
        "user": "U05E2BBUNCA",
        "ts": "1689716220.163339",
        "blocks": [
            {
                "type": "rich_text",
                "block_id": "LEW7",
                "elements": [
                    {
                        "type": "rich_text_section",
                        "elements": [
                            {
                                "type": "text",
                                "text": "done for today"
                            }
                        ]
                    }
                ]
            }
        ],
        "team": "T03FVM0K8",
        "user_team": "T03FVM0K8",
        "source_team": "T03FVM0K8",
        "user_profile": {
            "avatar_hash": "9075ede78b6a",
            "image_72": "https:\/\/avatars.slack-edge.com\/2023-07-01\/5528093763153_9075ede78b6a21c273af_72.jpg",
            "first_name": "Mariam",
            "real_name": "Mariam Essam Ghanem",
            "display_name": "Mariam Ghanem",
            "team": "T03FVM0K8",
            "name": "ghanemmariam26",
            "is_restricted": false,
            "is_ultra_restricted": false
        },
        "thread_ts": "1689677421.544349"
    },
    {
        "type": "message",
        "subtype": "bot_message",
        "text": "Mariam Essam Ghanem is finished for today. Away.",
        "ts": "1689716228.233349",
        "bot_id": "B048YNXU9HC",
        "blocks": [
            {
                "type": "rich_text",
                "block_id": "0ydXF",
                "elements": [
                    {
                        "type": "rich_text_section",
                        "elements": [
                            {
                                "type": "text",
                                "text": "Mariam Essam Ghanem is finished for today. Away."
                            }
                        ]
                    }
                ]
            }
        ]
    },
    {
        "type": "message",
        "subtype": "bot_message",
        "text": "manarrn is finished for today. Away.",
        "ts": "1689716859.463669",
        "bot_id": "B048YNXU9HC",
        "blocks": [
            {
                "type": "rich_text",
                "block_id": "rgzPi",
                "elements": [
                    {
                        "type": "rich_text_section",
                        "elements": [
                            {
                                "type": "text",
                                "text": "manarrn is finished for today. Away."
                            }
                        ]
                    }
                ]
            }
        ]
    },
    {
        "type": "message",
        "subtype": "bot_message",
        "text": "yasminazcodes is finished for today. Away.",
        "ts": "1689716896.386089",
        "bot_id": "B048YNXU9HC",
        "blocks": [
            {
                "type": "rich_text",
                "block_id": "KkWZ",
                "elements": [
                    {
                        "type": "rich_text_section",
                        "elements": [
                            {
                                "type": "text",
                                "text": "yasminazcodes is finished for today. Away."
                            }
                        ]
                    }
                ]
            }
        ]
    },
    {
        "type": "message",
        "subtype": "bot_message",
        "text": "Reham Abdelraheem is finished for today. Away.",
        "ts": "1689716910.493719",
        "bot_id": "B048YNXU9HC",
        "blocks": [
            {
                "type": "rich_text",
                "block_id": "6+cO",
                "elements": [
                    {
                        "type": "rich_text_section",
                        "elements": [
                            {
                                "type": "text",
                                "text": "Reham Abdelraheem is finished for today. Away."
                            }
                        ]
                    }
                ]
            }
        ]
    },
    {
        "client_msg_id": "166bec47-2fc8-46b7-a31b-38f45db57119",
        "type": "message",
        "text": "Was away form 8:45 electricity was down",
        "user": "UA6R38XA8",
        "ts": "1689716958.397629",
        "blocks": [
            {
                "type": "rich_text",
                "block_id": "N\/be",
                "elements": [
                    {
                        "type": "rich_text_section",
                        "elements": [
                            {
                                "type": "text",
                                "text": "Was away form 8:45 electricity was down"
                            }
                        ]
                    }
                ]
            }
        ],
        "team": "T03FVM0K8",
        "user_team": "T03FVM0K8",
        "source_team": "T03FVM0K8",
        "user_profile": {
            "avatar_hash": "a3c1d7f64445",
            "image_72": "https:\/\/avatars.slack-edge.com\/2023-05-21\/5321281437360_a3c1d7f64445d4d77468_72.jpg",
            "first_name": "Abdallah",
            "real_name": "Abdallah Nasser",
            "display_name": "",
            "team": "T03FVM0K8",
            "name": "abdallahn",
            "is_restricted": false,
            "is_ultra_restricted": false
        }
    },
    {
        "type": "message",
        "subtype": "bot_message",
        "text": "Bassem-Adel-Eg is finished for today. Away.",
        "ts": "1689717132.297269",
        "bot_id": "B048YNXU9HC",
        "blocks": [
            {
                "type": "rich_text",
                "block_id": "=+GQV",
                "elements": [
                    {
                        "type": "rich_text_section",
                        "elements": [
                            {
                                "type": "text",
                                "text": "Bassem-Adel-Eg is finished for today. Away."
                            }
                        ]
                    }
                ]
            }
        ]
    },
    {
        "client_msg_id": "8053d975-bf39-4ab0-ae6f-3e2dedc9ae4c",
        "type": "message",
        "text": "Was away form 7:00",
        "user": "UGUP6SQUT",
        "ts": "1689717142.257419",
        "blocks": [
            {
                "type": "rich_text",
                "block_id": "GPiG+",
                "elements": [
                    {
                        "type": "rich_text_section",
                        "elements": [
                            {
                                "type": "text",
                                "text": "Was away form 7:00"
                            }
                        ]
                    }
                ]
            }
        ],
        "team": "T03FVM0K8",
        "user_team": "T03FVM0K8",
        "source_team": "T03FVM0K8",
        "user_profile": {
            "avatar_hash": "g9c020706235",
            "image_72": "https:\/\/secure.gravatar.com\/avatar\/69c02070623529edb9971347f9a4519d.jpg?s=72&d=https%3A%2F%2Fa.slack-edge.com%2Fdf10d%2Fimg%2Favatars%2Fava_0024-72.png",
            "first_name": "",
            "real_name": "Bassem Adel",
            "display_name": "Bassem Adel",
            "team": "T03FVM0K8",
            "name": "bassema",
            "is_restricted": false,
            "is_ultra_restricted": false
        }
    },
    {
        "type": "message",
        "subtype": "bot_message",
        "text": "Abdallah Nasser is finished for today. Away.",
        "ts": "1689717398.787699",
        "bot_id": "B048YNXU9HC",
        "blocks": [
            {
                "type": "rich_text",
                "block_id": "Wwh",
                "elements": [
                    {
                        "type": "rich_text_section",
                        "elements": [
                            {
                                "type": "text",
                                "text": "Abdallah Nasser is finished for today. Away."
                            }
                        ]
                    }
                ]
            }
        ]
    },
    {
        "type": "message",
        "subtype": "bot_message",
        "text": "Abdallah Nasser is off today.",
        "ts": "1689717508.675839",
        "bot_id": "B048YNXU9HC",
        "blocks": [
            {
                "type": "rich_text",
                "block_id": "20c",
                "elements": [
                    {
                        "type": "rich_text_section",
                        "elements": [
                            {
                                "type": "text",
                                "text": "Abdallah Nasser is off today."
                            }
                        ]
                    }
                ]
            }
        ]
    },
    {
        "type": "message",
        "subtype": "bot_message",
        "text": "Yomna Ragab is finished for today. Away.",
        "ts": "1689719384.471249",
        "bot_id": "B048YNXU9HC",
        "blocks": [
            {
                "type": "rich_text",
                "block_id": "Aje",
                "elements": [
                    {
                        "type": "rich_text_section",
                        "elements": [
                            {
                                "type": "text",
                                "text": "Yomna Ragab is finished for today. Away."
                            }
                        ]
                    }
                ]
            }
        ]
    },
    {
        "type": "message",
        "subtype": "bot_message",
        "text": "Alaa Elsanteel is finished for today. Away.",
        "ts": "1689720549.776269",
        "bot_id": "B048YNXU9HC",
        "blocks": [
            {
                "type": "rich_text",
                "block_id": "pSK",
                "elements": [
                    {
                        "type": "rich_text_section",
                        "elements": [
                            {
                                "type": "text",
                                "text": "Alaa Elsanteel is finished for today. Away."
                            }
                        ]
                    }
                ]
            }
        ]
    },
    {
        "type": "message",
        "subtype": "bot_message",
        "text": "Nada is finished for today. Away.",
        "ts": "1689720727.191869",
        "bot_id": "B048YNXU9HC",
        "blocks": [
            {
                "type": "rich_text",
                "block_id": "st2sC",
                "elements": [
                    {
                        "type": "rich_text_section",
                        "elements": [
                            {
                                "type": "text",
                                "text": "Nada is finished for today. Away."
                            }
                        ]
                    }
                ]
            }
        ]
    },
    {
        "client_msg_id": "e14afec5-fc8c-4141-b83c-9b91e54ac9b7",
        "type": "message",
        "text": "Done",
        "user": "U050Z8GF28P",
        "ts": "1689721863.204049",
        "blocks": [
            {
                "type": "rich_text",
                "block_id": "O3XjZ",
                "elements": [
                    {
                        "type": "rich_text_section",
                        "elements": [
                            {
                                "type": "text",
                                "text": "Done"
                            }
                        ]
                    }
                ]
            }
        ],
        "team": "T03FVM0K8",
        "user_team": "T03FVM0K8",
        "source_team": "T03FVM0K8",
        "user_profile": {
            "avatar_hash": "e52351e69500",
            "image_72": "https:\/\/avatars.slack-edge.com\/2023-04-10\/5085307806242_e52351e69500511c21ab_72.jpg",
            "first_name": "Abdulrahman",
            "real_name": "Abdulrahman Mustafa",
            "display_name": "Abdulrahman Mustafa",
            "team": "T03FVM0K8",
            "name": "abdulrahmans",
            "is_restricted": false,
            "is_ultra_restricted": false
        },
        "thread_ts": "1689711023.852999"
    },
    {
        "type": "message",
        "subtype": "bot_message",
        "text": "Salma Ahmed Mahfouz Started to work now.",
        "ts": "1689721985.787969",
        "bot_id": "B048YNXU9HC",
        "blocks": [
            {
                "type": "rich_text",
                "block_id": "8Ax",
                "elements": [
                    {
                        "type": "rich_text_section",
                        "elements": [
                            {
                                "type": "text",
                                "text": "Salma Ahmed Mahfouz Started to work now."
                            }
                        ]
                    }
                ]
            }
        ]
    },
    {
        "type": "message",
        "subtype": "bot_message",
        "text": "Dina Maged is finished for today. Away.",
        "ts": "1689723811.978719",
        "bot_id": "B048YNXU9HC",
        "blocks": [
            {
                "type": "rich_text",
                "block_id": "BD\/k",
                "elements": [
                    {
                        "type": "rich_text_section",
                        "elements": [
                            {
                                "type": "text",
                                "text": "Dina Maged is finished for today. Away."
                            }
                        ]
                    }
                ]
            }
        ]
    },
    {
        "type": "message",
        "subtype": "bot_message",
        "text": "Salma Ahmed Mahfouz is away for sometime.",
        "ts": "1689725661.066979",
        "bot_id": "B048YNXU9HC",
        "blocks": [
            {
                "type": "rich_text",
                "block_id": "\/hc",
                "elements": [
                    {
                        "type": "rich_text_section",
                        "elements": [
                            {
                                "type": "text",
                                "text": "Salma Ahmed Mahfouz is away for sometime."
                            }
                        ]
                    }
                ]
            }
        ]
    },
    {
        "type": "message",
        "subtype": "bot_message",
        "text": "Nouran M is away for sometime.",
        "ts": "1689725894.135979",
        "bot_id": "B048YNXU9HC",
        "blocks": [
            {
                "type": "rich_text",
                "block_id": "9a+0h",
                "elements": [
                    {
                        "type": "rich_text_section",
                        "elements": [
                            {
                                "type": "text",
                                "text": "Nouran M is away for sometime."
                            }
                        ]
                    }
                ]
            }
        ]
    },
    {
        "client_msg_id": "8D6625C0-2672-4B96-B490-1776909ED5E7",
        "type": "message",
        "text": "Away ",
        "user": "U02P5PUDENL",
        "ts": "1689726756.909639",
        "blocks": [
            {
                "type": "rich_text",
                "block_id": "2TNuj",
                "elements": [
                    {
                        "type": "rich_text_section",
                        "elements": [
                            {
                                "type": "text",
                                "text": "Away "
                            }
                        ]
                    }
                ]
            }
        ],
        "team": "T03FVM0K8",
        "user_team": "T03FVM0K8",
        "source_team": "T03FVM0K8",
        "user_profile": {
            "avatar_hash": "d70abf884c2f",
            "image_72": "https:\/\/avatars.slack-edge.com\/2021-11-30\/2774693826662_d70abf884c2f70031520_72.jpg",
            "first_name": "Fares",
            "real_name": "Fares",
            "display_name": "Fares",
            "team": "T03FVM0K8",
            "name": "fares",
            "is_restricted": false,
            "is_ultra_restricted": false
        }
    },
    {
        "type": "message",
        "subtype": "bot_message",
        "text": "Mazen Amr is finished for today. Away.",
        "ts": "1689733252.217529",
        "bot_id": "B048YNXU9HC",
        "blocks": [
            {
                "type": "rich_text",
                "block_id": "ai\/y",
                "elements": [
                    {
                        "type": "rich_text_section",
                        "elements": [
                            {
                                "type": "text",
                                "text": "Mazen Amr is finished for today. Away."
                            }
                        ]
                    }
                ]
            }
        ]
    },
    {
        "type": "message",
        "subtype": "bot_message",
        "text": "Salma Ahmed Mahfouz is back.",
        "ts": "1689736249.724329",
        "bot_id": "B048YNXU9HC",
        "blocks": [
            {
                "type": "rich_text",
                "block_id": "odY",
                "elements": [
                    {
                        "type": "rich_text_section",
                        "elements": [
                            {
                                "type": "text",
                                "text": "Salma Ahmed Mahfouz is back."
                            }
                        ]
                    }
                ]
            }
        ]
    },
    {
        "type": "message",
        "subtype": "bot_message",
        "text": "YoussefDarwishh Started to work now.",
        "ts": "1689736921.457759",
        "bot_id": "B048YNXU9HC",
        "blocks": [
            {
                "type": "rich_text",
                "block_id": "C\/u",
                "elements": [
                    {
                        "type": "rich_text_section",
                        "elements": [
                            {
                                "type": "text",
                                "text": "YoussefDarwishh Started to work now."
                            }
                        ]
                    }
                ]
            }
        ]
    },
    {
        "type": "message",
        "subtype": "bot_message",
        "text": "Mohamed Magdy Started to work now.",
        "ts": "1689743075.195619",
        "bot_id": "B048YNXU9HC",
        "blocks": [
            {
                "type": "rich_text",
                "block_id": "v7\/",
                "elements": [
                    {
                        "type": "rich_text_section",
                        "elements": [
                            {
                                "type": "text",
                                "text": "Mohamed Magdy Started to work now."
                            }
                        ]
                    }
                ]
            }
        ]
    },
    {
        "client_msg_id": "DE9972BE-FEC4-489D-8B0C-6AF434E21E18",
        "type": "message",
        "text": "working (onsite meeting at Taly)",
        "user": "UASMV9W7N",
        "ts": "1689743105.146589",
        "blocks": [
            {
                "type": "rich_text",
                "block_id": "WOg4",
                "elements": [
                    {
                        "type": "rich_text_section",
                        "elements": [
                            {
                                "type": "text",
                                "text": "working (onsite meeting at Taly)"
                            }
                        ]
                    }
                ]
            }
        ],
        "team": "T03FVM0K8",
        "user_team": "T03FVM0K8",
        "source_team": "T03FVM0K8",
        "user_profile": {
            "avatar_hash": "69dcb4073f2f",
            "image_72": "https:\/\/avatars.slack-edge.com\/2023-07-08\/5560161003857_69dcb4073f2f7c5f6175_72.png",
            "first_name": "Mohamed",
            "real_name": "Mohamed Magdy",
            "display_name": "Mohamed Magdy",
            "team": "T03FVM0K8",
            "name": "mohamedm",
            "is_restricted": false,
            "is_ultra_restricted": false
        }
    },
    {
        "type": "message",
        "subtype": "bot_message",
        "text": "Mahdy96 Started to work now.",
        "ts": "1689743179.341429",
        "bot_id": "B048YNXU9HC",
        "blocks": [
            {
                "type": "rich_text",
                "block_id": "3Uq",
                "elements": [
                    {
                        "type": "rich_text_section",
                        "elements": [
                            {
                                "type": "text",
                                "text": "Mahdy96 Started to work now."
                            }
                        ]
                    }
                ]
            }
        ]
    },
    {
        "client_msg_id": "fc98dd9c-c728-4ffb-8a4b-c68c23bd6895",
        "type": "message",
        "text": "Started working (meeting at Taly's office)",
        "user": "UUB64KVPC",
        "ts": "1689743241.003229",
        "blocks": [
            {
                "type": "rich_text",
                "block_id": "cYVY",
                "elements": [
                    {
                        "type": "rich_text_section",
                        "elements": [
                            {
                                "type": "text",
                                "text": "Started working (meeting at Taly's office)"
                            }
                        ]
                    }
                ]
            }
        ],
        "team": "T03FVM0K8",
        "user_team": "T03FVM0K8",
        "source_team": "T03FVM0K8",
        "user_profile": {
            "avatar_hash": "c69af9add57e",
            "image_72": "https:\/\/avatars.slack-edge.com\/2020-03-03\/967417135602_c69af9add57ed4df0680_72.jpg",
            "first_name": "Mahdi",
            "real_name": "Mahdi Mahmoud",
            "display_name": "mahdim",
            "team": "T03FVM0K8",
            "name": "mahdim",
            "is_restricted": false,
            "is_ultra_restricted": false
        }
    },
    {
        "type": "message",
        "subtype": "bot_message",
        "text": "Salma Ahmed Mahfouz is away for sometime.",
        "ts": "1689744154.380359",
        "bot_id": "B048YNXU9HC",
        "blocks": [
            {
                "type": "rich_text",
                "block_id": "fvST",
                "elements": [
                    {
                        "type": "rich_text_section",
                        "elements": [
                            {
                                "type": "text",
                                "text": "Salma Ahmed Mahfouz is away for sometime."
                            }
                        ]
                    }
                ]
            }
        ]
    },
    {
        "type": "message",
        "subtype": "bot_message",
        "text": "Mohamed Abdelrahman is off today.",
        "ts": "1689744175.751829",
        "bot_id": "B048YNXU9HC",
        "blocks": [
            {
                "type": "rich_text",
                "block_id": "fwaC",
                "elements": [
                    {
                        "type": "rich_text_section",
                        "elements": [
                            {
                                "type": "text",
                                "text": "Mohamed Abdelrahman is off today."
                            }
                        ]
                    }
                ]
            }
        ]
    },
    {
        "type": "message",
        "subtype": "bot_message",
        "text": "Salma Ahmed Mahfouz is back.",
        "ts": "1689747030.626599",
        "bot_id": "B048YNXU9HC",
        "blocks": [
            {
                "type": "rich_text",
                "block_id": "mH3",
                "elements": [
                    {
                        "type": "rich_text_section",
                        "elements": [
                            {
                                "type": "text",
                                "text": "Salma Ahmed Mahfouz is back."
                            }
                        ]
                    }
                ]
            }
        ]
    },
    {
        "client_msg_id": "AE133136-5F8D-4665-83CF-58EDC7D9050F",
        "type": "message",
        "text": "Working ",
        "user": "U05E27TDRC3",
        "ts": "1689748066.446989",
        "blocks": [
            {
                "type": "rich_text",
                "block_id": "EJ8",
                "elements": [
                    {
                        "type": "rich_text_section",
                        "elements": [
                            {
                                "type": "text",
                                "text": "Working "
                            }
                        ]
                    }
                ]
            }
        ],
        "team": "T03FVM0K8",
        "user_team": "T03FVM0K8",
        "source_team": "T03FVM0K8",
        "user_profile": {
            "avatar_hash": "ga85c5470e69",
            "image_72": "https:\/\/secure.gravatar.com\/avatar\/a85c5470e69a020fc4a07fd59c8cbb60.jpg?s=72&d=https%3A%2F%2Fa.slack-edge.com%2Fdf10d%2Fimg%2Favatars%2Fava_0014-72.png",
            "first_name": "Millania",
            "real_name": "Millania Sameh",
            "display_name": "",
            "team": "T03FVM0K8",
            "name": "samehmillania",
            "is_restricted": false,
            "is_ultra_restricted": false
        },
        "thread_ts": "1689748066.446989",
        "reply_count": 1,
        "reply_users_count": 1,
        "latest_reply": "1689768487.296179",
        "reply_users": [
            "U05E27TDRC3"
        ],
        "replies": [
            {
                "user": "U05E27TDRC3",
                "ts": "1689768487.296179"
            }
        ],
        "is_locked": false,
        "subscribed": false
    },
    {
        "client_msg_id": "fabebd43-46de-46ea-96c1-4516c706bbbd",
        "type": "message",
        "text": "working",
        "user": "U05E4Q5CJJY",
        "ts": "1689748100.207039",
        "blocks": [
            {
                "type": "rich_text",
                "block_id": "B370K",
                "elements": [
                    {
                        "type": "rich_text_section",
                        "elements": [
                            {
                                "type": "text",
                                "text": "working"
                            }
                        ]
                    }
                ]
            }
        ],
        "team": "T03FVM0K8",
        "user_team": "T03FVM0K8",
        "source_team": "T03FVM0K8",
        "user_profile": {
            "avatar_hash": "2f63d926ae2e",
            "image_72": "https:\/\/avatars.slack-edge.com\/2023-07-01\/5539325828064_2f63d926ae2e1d41064c_72.png",
            "first_name": "Omnya",
            "real_name": "Omnya Ellethy",
            "display_name": "Omnya Ellethy",
            "team": "T03FVM0K8",
            "name": "omnya.ellethy2000",
            "is_restricted": false,
            "is_ultra_restricted": false
        },
        "thread_ts": "1689748100.207039",
        "reply_count": 1,
        "reply_users_count": 1,
        "latest_reply": "1689777871.532289",
        "reply_users": [
            "U05E4Q5CJJY"
        ],
        "replies": [
            {
                "user": "U05E4Q5CJJY",
                "ts": "1689777871.532289"
            }
        ],
        "is_locked": false,
        "subscribed": false
    },
    {
        "type": "message",
        "subtype": "bot_message",
        "text": "Bassem-Adel-Eg Started to work now.",
        "ts": "1689748596.747399",
        "bot_id": "B048YNXU9HC",
        "blocks": [
            {
                "type": "rich_text",
                "block_id": "o\/e",
                "elements": [
                    {
                        "type": "rich_text_section",
                        "elements": [
                            {
                                "type": "text",
                                "text": "Bassem-Adel-Eg Started to work now."
                            }
                        ]
                    }
                ]
            }
        ]
    },
    {
        "type": "message",
        "subtype": "bot_message",
        "text": "Omnya_Ellethy Started to work now.",
        "ts": "1689748740.513309",
        "bot_id": "B048YNXU9HC",
        "blocks": [
            {
                "type": "rich_text",
                "block_id": "kRm",
                "elements": [
                    {
                        "type": "rich_text_section",
                        "elements": [
                            {
                                "type": "text",
                                "text": "Omnya_Ellethy Started to work now."
                            }
                        ]
                    }
                ]
            }
        ]
    }
]