[
    {
        "client_msg_id": "e10ed5ec-4019-4176-ab34-7a1214792e75",
        "type": "message",
        "text": "working since 2 pm",
        "user": "U05EF0GJ1L1",
        "ts": "1690375259.698359",
        "blocks": [
            {
                "type": "rich_text",
                "block_id": "hYZb2",
                "elements": [
                    {
                        "type": "rich_text_section",
                        "elements": [
                            {
                                "type": "text",
                                "text": "working since 2 pm"
                            }
                        ]
                    }
                ]
            }
        ],
        "team": "T03FVM0K8",
        "user_team": "T03FVM0K8",
        "source_team": "T03FVM0K8",
        "user_profile": {
            "avatar_hash": "a35e8d11ef4e",
            "image_72": "https:\/\/avatars.slack-edge.com\/2023-07-03\/5543224487760_a35e8d11ef4ea78eb113_72.jpg",
            "first_name": "Taher",
            "real_name": "Taher Matar",
            "display_name": "Taher Matar",
            "team": "T03FVM0K8",
            "name": "tahrmtr45",
            "is_restricted": false,
            "is_ultra_restricted": false
        }
    },
    {
        "client_msg_id": "8ba3a4d9-de8a-45d7-b668-8edf965542f3",
        "type": "message",
        "text": "working",
        "user": "U05DVMHBGF8",
        "ts": "1690375457.625509",
        "blocks": [
            {
                "type": "rich_text",
                "block_id": "2\/I5w",
                "elements": [
                    {
                        "type": "rich_text_section",
                        "elements": [
                            {
                                "type": "text",
                                "text": "working"
                            }
                        ]
                    }
                ]
            }
        ],
        "team": "T03FVM0K8",
        "user_team": "T03FVM0K8",
        "source_team": "T03FVM0K8",
        "user_profile": {
            "avatar_hash": "2e9a0e8d7894",
            "image_72": "https:\/\/avatars.slack-edge.com\/2023-07-17\/5589280126579_2e9a0e8d789482aacf2a_72.jpg",
            "first_name": "Salma",
            "real_name": "Salma Ahmed",
            "display_name": "Salma Ahmed",
            "team": "T03FVM0K8",
            "name": "salma.ahmed01",
            "is_restricted": false,
            "is_ultra_restricted": false
        }
    },
    {
        "client_msg_id": "0220C029-B35D-406A-A827-554E87AC7082",
        "type": "message",
        "text": "working late today ",
        "user": "U0273QC9Q13",
        "ts": "1690379941.624449",
        "blocks": [
            {
                "type": "rich_text",
                "block_id": "dC43\/",
                "elements": [
                    {
                        "type": "rich_text_section",
                        "elements": [
                            {
                                "type": "text",
                                "text": "working late today "
                            }
                        ]
                    }
                ]
            }
        ],
        "team": "T03FVM0K8",
        "user_team": "T03FVM0K8",
        "source_team": "T03FVM0K8",
        "user_profile": {
            "avatar_hash": "738440840cd8",
            "image_72": "https:\/\/avatars.slack-edge.com\/2021-07-06\/2230136035911_738440840cd86179e442_72.png",
            "first_name": "",
            "real_name": "Manar Nassef",
            "display_name": "Manar Nassef",
            "team": "T03FVM0K8",
            "name": "manarn",
            "is_restricted": false,
            "is_ultra_restricted": false
        }
    },
    {
        "client_msg_id": "c8020fc5-afef-4a4b-82ce-5118ae80addc",
        "type": "message",
        "text": "working",
        "user": "U05DVMHBGF8",
        "ts": "1690409818.793109",
        "blocks": [
            {
                "type": "rich_text",
                "block_id": "+yU\/Z",
                "elements": [
                    {
                        "type": "rich_text_section",
                        "elements": [
                            {
                                "type": "text",
                                "text": "working"
                            }
                        ]
                    }
                ]
            }
        ],
        "team": "T03FVM0K8",
        "user_team": "T03FVM0K8",
        "source_team": "T03FVM0K8",
        "user_profile": {
            "avatar_hash": "2e9a0e8d7894",
            "image_72": "https:\/\/avatars.slack-edge.com\/2023-07-17\/5589280126579_2e9a0e8d789482aacf2a_72.jpg",
            "first_name": "Salma",
            "real_name": "Salma Ahmed",
            "display_name": "Salma Ahmed",
            "team": "T03FVM0K8",
            "name": "salma.ahmed01",
            "is_restricted": false,
            "is_ultra_restricted": false
        }
    }
]