[
    {
        "client_msg_id": "7a4297b6-4f3f-49a6-a58a-9e3942f1018e",
        "type": "message",
        "text": "I got a new baby named Yasin",
        "user": "UA6R38XA8",
        "ts": "1692091453.588649",
        "blocks": [
            {
                "type": "rich_text",
                "block_id": "ry3S",
                "elements": [
                    {
                        "type": "rich_text_section",
                        "elements": [
                            {
                                "type": "text",
                                "text": "I got a new baby named Yasin"
                            }
                        ]
                    }
                ]
            }
        ],
        "team": "T03FVM0K8",
        "user_team": "T03FVM0K8",
        "source_team": "T03FVM0K8",
        "user_profile": {
            "avatar_hash": "a3c1d7f64445",
            "image_72": "https:\/\/avatars.slack-edge.com\/2023-05-21\/5321281437360_a3c1d7f64445d4d77468_72.jpg",
            "first_name": "Abdallah",
            "real_name": "Abdallah Nasser",
            "display_name": "",
            "team": "T03FVM0K8",
            "name": "abdallahn",
            "is_restricted": false,
            "is_ultra_restricted": false
        },
        "thread_ts": "1692091453.588649",
        "reply_count": 15,
        "reply_users_count": 15,
        "latest_reply": "1692180018.371479",
        "reply_users": [
            "U02P5PUDENL",
            "U027V0C9KEY",
            "U01JHGNLXTP",
            "UDDJGP5CL",
            "U027PSQ8ZUK",
            "U027C3PDVQC",
            "U0436S8PYJH",
            "U01J6S6PP8E",
            "UASMV9W7N",
            "UUB64KVPC",
            "U03FWLKUN",
            "U034X8927KL",
            "UD7FEGEF8",
            "UA6R38XA8",
            "U03FVBQTR"
        ],
        "replies": [
            {
                "user": "U02P5PUDENL",
                "ts": "1692091541.467259"
            },
            {
                "user": "U027V0C9KEY",
                "ts": "1692091615.647349"
            },
            {
                "user": "U01JHGNLXTP",
                "ts": "1692092006.072629"
            },
            {
                "user": "UDDJGP5CL",
                "ts": "1692092651.377039"
            },
            {
                "user": "U027PSQ8ZUK",
                "ts": "1692093084.104429"
            },
            {
                "user": "U027C3PDVQC",
                "ts": "1692093977.069929"
            },
            {
                "user": "U0436S8PYJH",
                "ts": "1692094239.902199"
            },
            {
                "user": "U01J6S6PP8E",
                "ts": "1692096290.105749"
            },
            {
                "user": "UASMV9W7N",
                "ts": "1692097026.432789"
            },
            {
                "user": "UUB64KVPC",
                "ts": "1692097043.158619"
            },
            {
                "user": "U03FWLKUN",
                "ts": "1692098461.643549"
            },
            {
                "user": "U034X8927KL",
                "ts": "1692104564.107429"
            },
            {
                "user": "UD7FEGEF8",
                "ts": "1692120723.264489"
            },
            {
                "user": "UA6R38XA8",
                "ts": "1692124510.614969"
            },
            {
                "user": "U03FVBQTR",
                "ts": "1692180018.371479"
            }
        ],
        "is_locked": false,
        "subscribed": false,
        "reactions": [
            {
                "name": "heart",
                "users": [
                    "U027V0C9KEY",
                    "U02P5PUDENL",
                    "U027PSQ8ZUK",
                    "U01JHGNLXTP",
                    "UDDJGP5CL",
                    "U03FVM0KA",
                    "U050Z8GF28P",
                    "U027C3PDVQC",
                    "U0436S8PYJH",
                    "U01J6S6PP8E",
                    "UUB64KVPC",
                    "U048RH7A2BY",
                    "U03FWLKUN",
                    "U01A2EPV0BA",
                    "U034X8927KL",
                    "U04509JHX54",
                    "U02767Y6QHY",
                    "U05E4Q5CJJY",
                    "U048P9RUFHD",
                    "U05ES2TQ40Y",
                    "U1LF0P0LB"
                ],
                "count": 21
            },
            {
                "name": "confetti_ball",
                "users": [
                    "U027V0C9KEY",
                    "U02P5PUDENL",
                    "U01JHGNLXTP",
                    "UDDJGP5CL",
                    "U027C3PDVQC",
                    "UUB64KVPC",
                    "U04509JHX54",
                    "U02767Y6QHY",
                    "UD7FEGEF8",
                    "U048P9RUFHD"
                ],
                "count": 10
            },
            {
                "name": "baby",
                "users": [
                    "U027V0C9KEY",
                    "U02P5PUDENL",
                    "U01JHGNLXTP",
                    "UDDJGP5CL",
                    "U027C3PDVQC"
                ],
                "count": 5
            },
            {
                "name": "baby::skin-tone-5",
                "users": [
                    "U04509JHX54"
                ],
                "count": 1
            },
            {
                "name": "baby::skin-tone-2",
                "users": [
                    "U1LF0P0LB"
                ],
                "count": 1
            }
        ]
    },
    {
        "client_msg_id": "ce91dc24-9954-4c1f-8913-531921f65889",
        "type": "message",
        "text": "الف مليون مبروك ربنا يجعلة زرية صالحة",
        "user": "U02P5PUDENL",
        "ts": "1692091541.467259",
        "blocks": [
            {
                "type": "rich_text",
                "block_id": "rAIUv",
                "elements": [
                    {
                        "type": "rich_text_section",
                        "elements": [
                            {
                                "type": "text",
                                "text": "الف مليون مبروك ربنا يجعلة زرية صالحة"
                            }
                        ]
                    }
                ]
            }
        ],
        "team": "T03FVM0K8",
        "user_team": "T03FVM0K8",
        "source_team": "T03FVM0K8",
        "user_profile": {
            "avatar_hash": "d70abf884c2f",
            "image_72": "https:\/\/avatars.slack-edge.com\/2021-11-30\/2774693826662_d70abf884c2f70031520_72.jpg",
            "first_name": "Fares",
            "real_name": "Fares",
            "display_name": "Fares",
            "team": "T03FVM0K8",
            "name": "fares",
            "is_restricted": false,
            "is_ultra_restricted": false
        },
        "thread_ts": "1692091453.588649",
        "parent_user_id": "UA6R38XA8"
    },
    {
        "client_msg_id": "ed6fe0d2-8d74-4b9c-a1f2-ebee80376dcf",
        "type": "message",
        "text": "الف الف مبروك ربنا يباركلك فيه يا رب و يفرحك بكل أولادك  :heart::heart::confetti_ball::tada:",
        "user": "U027V0C9KEY",
        "ts": "1692091615.647349",
        "blocks": [
            {
                "type": "rich_text",
                "block_id": "7Wj",
                "elements": [
                    {
                        "type": "rich_text_section",
                        "elements": [
                            {
                                "type": "text",
                                "text": "الف الف مبروك ربنا يباركلك فيه يا رب و يفرحك بكل أولادك  "
                            },
                            {
                                "type": "emoji",
                                "name": "heart",
                                "unicode": "2764-fe0f"
                            },
                            {
                                "type": "emoji",
                                "name": "heart",
                                "unicode": "2764-fe0f"
                            },
                            {
                                "type": "emoji",
                                "name": "confetti_ball",
                                "unicode": "1f38a"
                            },
                            {
                                "type": "emoji",
                                "name": "tada",
                                "unicode": "1f389"
                            }
                        ]
                    }
                ]
            }
        ],
        "team": "T03FVM0K8",
        "user_team": "T03FVM0K8",
        "source_team": "T03FVM0K8",
        "user_profile": {
            "avatar_hash": "b6b090a41de9",
            "image_72": "https:\/\/avatars.slack-edge.com\/2022-10-26\/4273295914469_b6b090a41de93d3b28e0_72.jpg",
            "first_name": "Amr",
            "real_name": "Amr Mohamed Zaki",
            "display_name": "Amr Zaki",
            "team": "T03FVM0K8",
            "name": "amrz",
            "is_restricted": false,
            "is_ultra_restricted": false
        },
        "thread_ts": "1692091453.588649",
        "parent_user_id": "UA6R38XA8"
    },
    {
        "client_msg_id": "bb4915fe-6ec8-4763-9e09-e657f6642756",
        "type": "message",
        "text": "مبروووووووووك",
        "user": "U01JHGNLXTP",
        "ts": "1692092006.072629",
        "blocks": [
            {
                "type": "rich_text",
                "block_id": "UMH",
                "elements": [
                    {
                        "type": "rich_text_section",
                        "elements": [
                            {
                                "type": "text",
                                "text": "مبروووووووووك"
                            }
                        ]
                    }
                ]
            }
        ],
        "team": "T03FVM0K8",
        "user_team": "T03FVM0K8",
        "source_team": "T03FVM0K8",
        "user_profile": {
            "avatar_hash": "09ed5d4ab51a",
            "image_72": "https:\/\/avatars.slack-edge.com\/2021-01-14\/1659764613696_09ed5d4ab51ade5f2170_72.jpg",
            "first_name": "Abdulrahman",
            "real_name": "Abdulrahman Nady",
            "display_name": "Abdulrahman Nady",
            "team": "T03FVM0K8",
            "name": "abdulrahmann",
            "is_restricted": false,
            "is_ultra_restricted": false
        },
        "edited": {
            "user": "U01JHGNLXTP",
            "ts": "1692092013.000000"
        },
        "thread_ts": "1692091453.588649",
        "parent_user_id": "UA6R38XA8"
    },
    {
        "client_msg_id": "dddc16d4-21ca-45b0-93a0-3823311a2c28",
        "type": "message",
        "text": "الف الف مبروك يا عبدالله\nربنا يباركلك فيه ويجعله ذرية صالحة\n:hearts::tada::confetti_ball::rocket:",
        "user": "UDDJGP5CL",
        "ts": "1692092651.377039",
        "blocks": [
            {
                "type": "rich_text",
                "block_id": "bGWIH",
                "elements": [
                    {
                        "type": "rich_text_section",
                        "elements": [
                            {
                                "type": "text",
                                "text": "الف الف مبروك يا عبدالله\nربنا يباركلك فيه ويجعله ذرية صالحة\n"
                            },
                            {
                                "type": "emoji",
                                "name": "hearts",
                                "unicode": "2665-fe0f"
                            },
                            {
                                "type": "emoji",
                                "name": "tada",
                                "unicode": "1f389"
                            },
                            {
                                "type": "emoji",
                                "name": "confetti_ball",
                                "unicode": "1f38a"
                            },
                            {
                                "type": "emoji",
                                "name": "rocket",
                                "unicode": "1f680"
                            }
                        ]
                    }
                ]
            }
        ],
        "team": "T03FVM0K8",
        "user_team": "T03FVM0K8",
        "source_team": "T03FVM0K8",
        "user_profile": {
            "avatar_hash": "037560a56aad",
            "image_72": "https:\/\/avatars.slack-edge.com\/2023-07-17\/5613165629632_037560a56aad6a6cde14_72.jpg",
            "first_name": "Mohammed",
            "real_name": "Mohammed Genidy Omera",
            "display_name": "",
            "team": "T03FVM0K8",
            "name": "mohammedo",
            "is_restricted": false,
            "is_ultra_restricted": false
        },
        "thread_ts": "1692091453.588649",
        "parent_user_id": "UA6R38XA8"
    },
    {
        "client_msg_id": "17ca38e4-20d3-4c9a-86c7-d4abb7d6a654",
        "type": "message",
        "text": "ما شاء الله,مبروك يا عبدالله ربنا يباركلك فيه ويجعله من الذرية الصالحة و يتربي في عزك",
        "user": "U027PSQ8ZUK",
        "ts": "1692093084.104429",
        "blocks": [
            {
                "type": "rich_text",
                "block_id": "v==",
                "elements": [
                    {
                        "type": "rich_text_section",
                        "elements": [
                            {
                                "type": "text",
                                "text": "ما شاء الله,مبروك يا عبدالله ربنا يباركلك فيه ويجعله من الذرية الصالحة و يتربي في عزك"
                            }
                        ]
                    }
                ]
            }
        ],
        "team": "T03FVM0K8",
        "user_team": "T03FVM0K8",
        "source_team": "T03FVM0K8",
        "user_profile": {
            "avatar_hash": "9c0b97dae87e",
            "image_72": "https:\/\/avatars.slack-edge.com\/2021-07-11\/2285724744848_9c0b97dae87ec533fb16_72.jpg",
            "first_name": "Ahmad",
            "real_name": "Ahmad Gadallah",
            "display_name": "Ahmad Gadallah",
            "team": "T03FVM0K8",
            "name": "ahmadg",
            "is_restricted": false,
            "is_ultra_restricted": false
        },
        "thread_ts": "1692091453.588649",
        "parent_user_id": "UA6R38XA8"
    },
    {
        "client_msg_id": "0ac46bc9-2eae-47f0-960e-3fe9d0b981cb",
        "type": "message",
        "text": "الف مبرووك ي عبدالله\nربنا يحعلة ذرية صالحة :tada:",
        "user": "U027C3PDVQC",
        "ts": "1692093977.069929",
        "blocks": [
            {
                "type": "rich_text",
                "block_id": "PmEcJ",
                "elements": [
                    {
                        "type": "rich_text_section",
                        "elements": [
                            {
                                "type": "text",
                                "text": "الف مبرووك ي عبدالله\nربنا يحعلة ذرية صالحة "
                            },
                            {
                                "type": "emoji",
                                "name": "tada",
                                "unicode": "1f389"
                            }
                        ]
                    }
                ]
            }
        ],
        "team": "T03FVM0K8",
        "user_team": "T03FVM0K8",
        "source_team": "T03FVM0K8",
        "user_profile": {
            "avatar_hash": "b2432500ca87",
            "image_72": "https:\/\/avatars.slack-edge.com\/2022-01-23\/2978662366199_b2432500ca87d891ba17_72.jpg",
            "first_name": "Mohamed",
            "real_name": "Mohamed Abdelrahman",
            "display_name": "",
            "team": "T03FVM0K8",
            "name": "maboelkassem",
            "is_restricted": false,
            "is_ultra_restricted": false
        },
        "thread_ts": "1692091453.588649",
        "parent_user_id": "UA6R38XA8"
    },
    {
        "client_msg_id": "112ef31a-6674-4630-9874-9dfec00d725c",
        "type": "message",
        "text": "الف مبروك يا عبدالله يتربى في عزك ان شاء الله",
        "user": "U0436S8PYJH",
        "ts": "1692094239.902199",
        "blocks": [
            {
                "type": "rich_text",
                "block_id": "Zqeh",
                "elements": [
                    {
                        "type": "rich_text_section",
                        "elements": [
                            {
                                "type": "text",
                                "text": "الف مبروك يا عبدالله يتربى في عزك ان شاء الله"
                            }
                        ]
                    }
                ]
            }
        ],
        "team": "T03FVM0K8",
        "user_team": "T03FVM0K8",
        "source_team": "T03FVM0K8",
        "user_profile": {
            "avatar_hash": "6f58dc50a77b",
            "image_72": "https:\/\/avatars.slack-edge.com\/2023-04-11\/5073365626599_6f58dc50a77b0c617526_72.jpg",
            "first_name": "Mohamed",
            "real_name": "Mohamed Sameer",
            "display_name": "Mohamed Sameer",
            "team": "T03FVM0K8",
            "name": "msameer",
            "is_restricted": false,
            "is_ultra_restricted": false
        },
        "thread_ts": "1692091453.588649",
        "parent_user_id": "UA6R38XA8"
    },
    {
        "client_msg_id": "1af06511-4fb5-4a47-a855-5e3fda9c2378",
        "type": "message",
        "text": "الف مبروك يا عبد الله :tada::heart: ربنا يجعله ذرية صالحة",
        "user": "U01J6S6PP8E",
        "ts": "1692096290.105749",
        "blocks": [
            {
                "type": "rich_text",
                "block_id": "1Jc",
                "elements": [
                    {
                        "type": "rich_text_section",
                        "elements": [
                            {
                                "type": "text",
                                "text": "الف مبروك يا عبد الله "
                            },
                            {
                                "type": "emoji",
                                "name": "tada",
                                "unicode": "1f389"
                            },
                            {
                                "type": "emoji",
                                "name": "heart",
                                "unicode": "2764-fe0f"
                            },
                            {
                                "type": "text",
                                "text": " ربنا يجعله ذرية صالحة"
                            }
                        ]
                    }
                ]
            }
        ],
        "team": "T03FVM0K8",
        "user_team": "T03FVM0K8",
        "source_team": "T03FVM0K8",
        "user_profile": {
            "avatar_hash": "8d5eca8067f3",
            "image_72": "https:\/\/avatars.slack-edge.com\/2023-04-19\/5133874097077_8d5eca8067f39f6d320a_72.jpg",
            "first_name": "Menna",
            "real_name": "Menna Nabil",
            "display_name": "Menna",
            "team": "T03FVM0K8",
            "name": "mennan",
            "is_restricted": false,
            "is_ultra_restricted": false
        },
        "thread_ts": "1692091453.588649",
        "parent_user_id": "UA6R38XA8"
    },
    {
        "client_msg_id": "8076b957-4b1c-4588-9c9a-82555591d289",
        "type": "message",
        "text": "الف مبروك يا عبد، ربنا يباركلك فيه يارب",
        "user": "UASMV9W7N",
        "ts": "1692097026.432789",
        "blocks": [
            {
                "type": "rich_text",
                "block_id": "hxna",
                "elements": [
                    {
                        "type": "rich_text_section",
                        "elements": [
                            {
                                "type": "text",
                                "text": "الف مبروك يا عبد، ربنا يباركلك فيه يارب"
                            }
                        ]
                    }
                ]
            }
        ],
        "team": "T03FVM0K8",
        "user_team": "T03FVM0K8",
        "source_team": "T03FVM0K8",
        "user_profile": {
            "avatar_hash": "69dcb4073f2f",
            "image_72": "https:\/\/avatars.slack-edge.com\/2023-07-08\/5560161003857_69dcb4073f2f7c5f6175_72.png",
            "first_name": "Mohamed",
            "real_name": "Mohamed Magdy",
            "display_name": "Mohamed Magdy",
            "team": "T03FVM0K8",
            "name": "mohamedm",
            "is_restricted": false,
            "is_ultra_restricted": false
        },
        "thread_ts": "1692091453.588649",
        "parent_user_id": "UA6R38XA8"
    },
    {
        "client_msg_id": "6190c9d7-f135-4810-86d1-8d9b5b793eb9",
        "type": "message",
        "text": "الف الف الف مبروك... ربنا يباركلكم فيه :heart: :heart:",
        "user": "UUB64KVPC",
        "ts": "1692097043.158619",
        "blocks": [
            {
                "type": "rich_text",
                "block_id": "tLy",
                "elements": [
                    {
                        "type": "rich_text_section",
                        "elements": [
                            {
                                "type": "text",
                                "text": "الف الف الف مبروك... ربنا يباركلكم فيه "
                            },
                            {
                                "type": "emoji",
                                "name": "heart",
                                "unicode": "2764-fe0f"
                            },
                            {
                                "type": "text",
                                "text": " "
                            },
                            {
                                "type": "emoji",
                                "name": "heart",
                                "unicode": "2764-fe0f"
                            }
                        ]
                    }
                ]
            }
        ],
        "team": "T03FVM0K8",
        "user_team": "T03FVM0K8",
        "source_team": "T03FVM0K8",
        "user_profile": {
            "avatar_hash": "c69af9add57e",
            "image_72": "https:\/\/avatars.slack-edge.com\/2020-03-03\/967417135602_c69af9add57ed4df0680_72.jpg",
            "first_name": "Mahdi",
            "real_name": "Mahdi Mahmoud",
            "display_name": "mahdim",
            "team": "T03FVM0K8",
            "name": "mahdim",
            "is_restricted": false,
            "is_ultra_restricted": false
        },
        "thread_ts": "1692091453.588649",
        "parent_user_id": "UA6R38XA8"
    },
    {
        "client_msg_id": "bbc4d9c3-81ae-49b0-87ae-1b5b943da153",
        "type": "message",
        "text": "الف مبروك، ربنا يبارك فيه و يفرحكم بيه",
        "user": "U03FWLKUN",
        "ts": "1692098461.643549",
        "blocks": [
            {
                "type": "rich_text",
                "block_id": "=xe",
                "elements": [
                    {
                        "type": "rich_text_section",
                        "elements": [
                            {
                                "type": "text",
                                "text": "الف مبروك، ربنا يبارك فيه و يفرحكم بيه"
                            }
                        ]
                    }
                ]
            }
        ],
        "team": "T03FVM0K8",
        "user_team": "T03FVM0K8",
        "source_team": "T03FVM0K8",
        "user_profile": {
            "avatar_hash": "ecda461ff360",
            "image_72": "https:\/\/avatars.slack-edge.com\/2023-07-17\/5583160815062_ecda461ff3606aef5048_72.jpg",
            "first_name": "Amr",
            "real_name": "Amr Ali",
            "display_name": "Amr Ali",
            "team": "T03FVM0K8",
            "name": "amrali",
            "is_restricted": false,
            "is_ultra_restricted": false
        },
        "thread_ts": "1692091453.588649",
        "parent_user_id": "UA6R38XA8"
    },
    {
        "client_msg_id": "0c0535d0-411e-4931-a671-2fc6111a3a4b",
        "type": "message",
        "text": "الف مبروك يا صديقي :hearts:\nربنا يباركلك فيه يتربي في عزك يا صديقي :hearts::palms_up_together:",
        "user": "U034X8927KL",
        "ts": "1692104564.107429",
        "blocks": [
            {
                "type": "rich_text",
                "block_id": "5eh",
                "elements": [
                    {
                        "type": "rich_text_section",
                        "elements": [
                            {
                                "type": "text",
                                "text": "الف مبروك يا صديقي "
                            },
                            {
                                "type": "emoji",
                                "name": "hearts",
                                "unicode": "2665-fe0f"
                            },
                            {
                                "type": "text",
                                "text": "\nربنا يباركلك فيه يتربي في عزك يا صديقي "
                            },
                            {
                                "type": "emoji",
                                "name": "hearts",
                                "unicode": "2665-fe0f"
                            },
                            {
                                "type": "emoji",
                                "name": "palms_up_together",
                                "unicode": "1f932"
                            }
                        ]
                    }
                ]
            }
        ],
        "team": "T03FVM0K8",
        "user_team": "T03FVM0K8",
        "source_team": "T03FVM0K8",
        "user_profile": {
            "avatar_hash": "684de3bef77d",
            "image_72": "https:\/\/avatars.slack-edge.com\/2022-03-01\/3169759924613_684de3bef77ded4639f4_72.jpg",
            "first_name": "Waleed",
            "real_name": "Waleed Muhammed",
            "display_name": "Waleed",
            "team": "T03FVM0K8",
            "name": "waleed",
            "is_restricted": false,
            "is_ultra_restricted": false
        },
        "thread_ts": "1692091453.588649",
        "parent_user_id": "UA6R38XA8"
    },
    {
        "client_msg_id": "ee07d847-5258-4176-adac-6c06a58eeeef",
        "type": "message",
        "text": "ربنا يباركلك فيه ويجعله ذرية صالحة",
        "user": "UD7FEGEF8",
        "ts": "1692120723.264489",
        "blocks": [
            {
                "type": "rich_text",
                "block_id": "dz9u",
                "elements": [
                    {
                        "type": "rich_text_section",
                        "elements": [
                            {
                                "type": "text",
                                "text": "ربنا يباركلك فيه ويجعله ذرية صالحة"
                            }
                        ]
                    }
                ]
            }
        ],
        "team": "T03FVM0K8",
        "user_team": "T03FVM0K8",
        "source_team": "T03FVM0K8",
        "user_profile": {
            "avatar_hash": "g083a5c40ff6",
            "image_72": "https:\/\/secure.gravatar.com\/avatar\/5083a5c40ff6db7ba5ab35355b7b2066.jpg?s=72&d=https%3A%2F%2Fa.slack-edge.com%2Fdf10d%2Fimg%2Favatars%2Fava_0023-72.png",
            "first_name": "",
            "real_name": "Reham Abdelraheem",
            "display_name": "",
            "team": "T03FVM0K8",
            "name": "rehama",
            "is_restricted": false,
            "is_ultra_restricted": false
        },
        "thread_ts": "1692091453.588649",
        "parent_user_id": "UA6R38XA8"
    },
    {
        "client_msg_id": "f39366a1-5c92-4233-a8a4-a81d3b3f33a8",
        "type": "message",
        "text": "الله يبارك فيكم :heart:",
        "user": "UA6R38XA8",
        "ts": "1692124510.614969",
        "blocks": [
            {
                "type": "rich_text",
                "block_id": "OFQa4",
                "elements": [
                    {
                        "type": "rich_text_section",
                        "elements": [
                            {
                                "type": "text",
                                "text": "الله يبارك فيكم "
                            },
                            {
                                "type": "emoji",
                                "name": "heart",
                                "unicode": "2764-fe0f"
                            }
                        ]
                    }
                ]
            }
        ],
        "team": "T03FVM0K8",
        "user_team": "T03FVM0K8",
        "source_team": "T03FVM0K8",
        "user_profile": {
            "avatar_hash": "a3c1d7f64445",
            "image_72": "https:\/\/avatars.slack-edge.com\/2023-05-21\/5321281437360_a3c1d7f64445d4d77468_72.jpg",
            "first_name": "Abdallah",
            "real_name": "Abdallah Nasser",
            "display_name": "",
            "team": "T03FVM0K8",
            "name": "abdallahn",
            "is_restricted": false,
            "is_ultra_restricted": false
        },
        "thread_ts": "1692091453.588649",
        "parent_user_id": "UA6R38XA8"
    }
]