[
    {
        "type": "message",
        "text": "Well done <@U027C3PDVQC> :clap: :clap: :clap: :pray: ",
        "files": [
            {
                "id": "F05MU8YPBT8",
                "created": 1692179965,
                "timestamp": 1692179965,
                "name": "File.jpg",
                "title": "File",
                "mimetype": "image\/jpeg",
                "filetype": "jpg",
                "pretty_type": "JPEG",
                "user": "U03FVBQTR",
                "user_team": "T03FVM0K8",
                "editable": false,
                "size": 199894,
                "mode": "hosted",
                "is_external": false,
                "external_type": "",
                "is_public": true,
                "public_url_shared": false,
                "display_as_bot": false,
                "username": "",
                "url_private": "https:\/\/files.slack.com\/files-pri\/T03FVM0K8-F05MU8YPBT8\/file.jpg?t=xoxe-3539714654-5811278554788-5832538929008-03dc07771412e207820c9f7ae6fe1988",
                "url_private_download": "https:\/\/files.slack.com\/files-pri\/T03FVM0K8-F05MU8YPBT8\/download\/file.jpg?t=xoxe-3539714654-5811278554788-5832538929008-03dc07771412e207820c9f7ae6fe1988",
                "media_display_type": "unknown",
                "thumb_64": "https:\/\/files.slack.com\/files-tmb\/T03FVM0K8-F05MU8YPBT8-a93f97f1fb\/file_64.jpg?t=xoxe-3539714654-5811278554788-5832538929008-03dc07771412e207820c9f7ae6fe1988",
                "thumb_80": "https:\/\/files.slack.com\/files-tmb\/T03FVM0K8-F05MU8YPBT8-a93f97f1fb\/file_80.jpg?t=xoxe-3539714654-5811278554788-5832538929008-03dc07771412e207820c9f7ae6fe1988",
                "thumb_360": "https:\/\/files.slack.com\/files-tmb\/T03FVM0K8-F05MU8YPBT8-a93f97f1fb\/file_360.jpg?t=xoxe-3539714654-5811278554788-5832538929008-03dc07771412e207820c9f7ae6fe1988",
                "thumb_360_w": 166,
                "thumb_360_h": 360,
                "thumb_480": "https:\/\/files.slack.com\/files-tmb\/T03FVM0K8-F05MU8YPBT8-a93f97f1fb\/file_480.jpg?t=xoxe-3539714654-5811278554788-5832538929008-03dc07771412e207820c9f7ae6fe1988",
                "thumb_480_w": 222,
                "thumb_480_h": 480,
                "thumb_160": "https:\/\/files.slack.com\/files-tmb\/T03FVM0K8-F05MU8YPBT8-a93f97f1fb\/file_160.jpg?t=xoxe-3539714654-5811278554788-5832538929008-03dc07771412e207820c9f7ae6fe1988",
                "thumb_720": "https:\/\/files.slack.com\/files-tmb\/T03FVM0K8-F05MU8YPBT8-a93f97f1fb\/file_720.jpg?t=xoxe-3539714654-5811278554788-5832538929008-03dc07771412e207820c9f7ae6fe1988",
                "thumb_720_w": 333,
                "thumb_720_h": 720,
                "thumb_800": "https:\/\/files.slack.com\/files-tmb\/T03FVM0K8-F05MU8YPBT8-a93f97f1fb\/file_800.jpg?t=xoxe-3539714654-5811278554788-5832538929008-03dc07771412e207820c9f7ae6fe1988",
                "thumb_800_w": 800,
                "thumb_800_h": 1731,
                "thumb_960": "https:\/\/files.slack.com\/files-tmb\/T03FVM0K8-F05MU8YPBT8-a93f97f1fb\/file_960.jpg?t=xoxe-3539714654-5811278554788-5832538929008-03dc07771412e207820c9f7ae6fe1988",
                "thumb_960_w": 444,
                "thumb_960_h": 960,
                "thumb_1024": "https:\/\/files.slack.com\/files-tmb\/T03FVM0K8-F05MU8YPBT8-a93f97f1fb\/file_1024.jpg?t=xoxe-3539714654-5811278554788-5832538929008-03dc07771412e207820c9f7ae6fe1988",
                "thumb_1024_w": 473,
                "thumb_1024_h": 1024,
                "original_w": 1284,
                "original_h": 2778,
                "thumb_tiny": "AwAwABbR3Dcfy6Uu4UhJJxgfnR8391fzoAUDFLQOlFAEZBJOD+tLsPrTj7CloARRiloooAaQ2etOHTmjPWk3D1H50ALRRRQB\/9k=",
                "permalink": "https:\/\/silverkey.slack.com\/files\/U03FVBQTR\/F05MU8YPBT8\/file.jpg",
                "permalink_public": "https:\/\/slack-files.com\/T03FVM0K8-F05MU8YPBT8-1e1be5e53e",
                "is_starred": false,
                "has_rich_preview": false,
                "file_access": "visible"
            }
        ],
        "upload": false,
        "user": "U03FVBQTR",
        "display_as_bot": false,
        "ts": "1692179978.381419",
        "blocks": [
            {
                "type": "rich_text",
                "block_id": "NEN",
                "elements": [
                    {
                        "type": "rich_text_section",
                        "elements": [
                            {
                                "type": "text",
                                "text": "W"
                            },
                            {
                                "type": "text",
                                "text": "e"
                            },
                            {
                                "type": "text",
                                "text": "ll"
                            },
                            {
                                "type": "text",
                                "text": " done "
                            },
                            {
                                "type": "user",
                                "user_id": "U027C3PDVQC"
                            },
                            {
                                "type": "text",
                                "text": " "
                            },
                            {
                                "type": "emoji",
                                "name": "clap",
                                "unicode": "1f44f"
                            },
                            {
                                "type": "text",
                                "text": " "
                            },
                            {
                                "type": "emoji",
                                "name": "clap",
                                "unicode": "1f44f"
                            },
                            {
                                "type": "text",
                                "text": " "
                            },
                            {
                                "type": "emoji",
                                "name": "clap",
                                "unicode": "1f44f"
                            },
                            {
                                "type": "text",
                                "text": " "
                            },
                            {
                                "type": "emoji",
                                "name": "pray",
                                "unicode": "1f64f"
                            },
                            {
                                "type": "text",
                                "text": " "
                            }
                        ]
                    }
                ]
            }
        ],
        "edited": {
            "user": "U03FVBQTR",
            "ts": "1692180052.000000"
        },
        "reactions": [
            {
                "name": "tada",
                "users": [
                    "UGUP6SQUT",
                    "U02D7GP9FRS",
                    "U04509JHX54",
                    "U034X8927KL",
                    "U027V0C9KEY",
                    "U027C3PDVQC",
                    "UA6R38XA8",
                    "UD7FEGEF8",
                    "UDDJGP5CL",
                    "U01JHGNLXTP",
                    "U048RH7A2BY",
                    "U02P5PUDENL",
                    "U1LF0P0LB"
                ],
                "count": 13
            },
            {
                "name": "clap",
                "users": [
                    "UGUP6SQUT",
                    "U02P5PUDENL",
                    "U034X8927KL",
                    "U027V0C9KEY",
                    "UD7FEGEF8",
                    "UDDJGP5CL",
                    "U01JHGNLXTP",
                    "U03FWLKUN"
                ],
                "count": 8
            },
            {
                "name": "metal",
                "users": [
                    "U03FVM0KA",
                    "U04509JHX54",
                    "U034X8927KL",
                    "U027V0C9KEY",
                    "UD7FEGEF8",
                    "UDDJGP5CL",
                    "U01JHGNLXTP",
                    "U03FWLKUN"
                ],
                "count": 8
            },
            {
                "name": "clap::skin-tone-5",
                "users": [
                    "U04509JHX54"
                ],
                "count": 1
            }
        ]
    },
    {
        "client_msg_id": "7D8C68B1-55D1-44F4-A792-494E24BDD7EB",
        "type": "message",
        "text": "1000 1000 Mabroukkkkk :baby: ",
        "user": "U03FVBQTR",
        "ts": "1692180018.371479",
        "blocks": [
            {
                "type": "rich_text",
                "block_id": "YWPY",
                "elements": [
                    {
                        "type": "rich_text_section",
                        "elements": [
                            {
                                "type": "text",
                                "text": "1000 1000 Mabroukkkkk "
                            },
                            {
                                "type": "emoji",
                                "name": "baby",
                                "unicode": "1f476"
                            },
                            {
                                "type": "text",
                                "text": " "
                            }
                        ]
                    }
                ]
            }
        ],
        "team": "T03FVM0K8",
        "user_team": "T03FVM0K8",
        "source_team": "T03FVM0K8",
        "user_profile": {
            "avatar_hash": "8fea588cf2f1",
            "image_72": "https:\/\/avatars.slack-edge.com\/2015-01-28\/3539674413_8fea588cf2f1390d3733_72.jpg",
            "first_name": "Taher",
            "real_name": "Taher El-Shafei",
            "display_name": "taherelshafei",
            "team": "T03FVM0K8",
            "name": "taherelshafei",
            "is_restricted": false,
            "is_ultra_restricted": false
        },
        "thread_ts": "1692091453.588649",
        "parent_user_id": "UA6R38XA8",
        "reactions": [
            {
                "name": "heart",
                "users": [
                    "UA6R38XA8"
                ],
                "count": 1
            }
        ]
    }
]