[
    {
        "client_msg_id": "7055fea2-a9b3-4630-a20c-d500fd39a128",
        "type": "message",
        "text": "We need to move our office there",
        "user": "U03FVM0KA",
        "ts": "1692448305.016659",
        "blocks": [
            {
                "type": "rich_text",
                "block_id": "ioBu",
                "elements": [
                    {
                        "type": "rich_text_section",
                        "elements": [
                            {
                                "type": "text",
                                "text": "We need to move our office there"
                            }
                        ]
                    }
                ]
            }
        ],
        "team": "T03FVM0K8",
        "user_team": "T03FVM0K8",
        "source_team": "T03FVM0K8",
        "user_profile": {
            "avatar_hash": "3b5718eb9f45",
            "image_72": "https:\/\/avatars.slack-edge.com\/2023-07-16\/5599264436273_3b5718eb9f45b3c2a13a_72.jpg",
            "first_name": "dodyg",
            "real_name": "dodyg",
            "display_name": "",
            "team": "T03FVM0K8",
            "name": "dodyg",
            "is_restricted": false,
            "is_ultra_restricted": false
        },
        "thread_ts": "1692346912.168199",
        "parent_user_id": "U02P5PUDENL",
        "reactions": [
            {
                "name": "metal",
                "users": [
                    "UD7FEGEF8",
                    "U02P5PUDENL"
                ],
                "count": 2
            },
            {
                "name": "joy",
                "users": [
                    "UD7FEGEF8",
                    "U02P5PUDENL"
                ],
                "count": 2
            }
        ]
    },
    {
        "type": "message",
        "text": "My office until next Monday",
        "files": [
            {
                "id": "F05N512L1RD",
                "created": 1692448627,
                "timestamp": 1692448627,
                "name": "image.png",
                "title": "image.png",
                "mimetype": "image\/png",
                "filetype": "png",
                "pretty_type": "PNG",
                "user": "U03FVM0KA",
                "user_team": "T03FVM0K8",
                "editable": false,
                "size": 4027494,
                "mode": "hosted",
                "is_external": false,
                "external_type": "",
                "is_public": true,
                "public_url_shared": false,
                "display_as_bot": false,
                "username": "",
                "url_private": "https:\/\/files.slack.com\/files-pri\/T03FVM0K8-F05N512L1RD\/image.png?t=xoxe-3539714654-5811278554788-5832538929008-03dc07771412e207820c9f7ae6fe1988",
                "url_private_download": "https:\/\/files.slack.com\/files-pri\/T03FVM0K8-F05N512L1RD\/download\/image.png?t=xoxe-3539714654-5811278554788-5832538929008-03dc07771412e207820c9f7ae6fe1988",
                "media_display_type": "unknown",
                "thumb_64": "https:\/\/files.slack.com\/files-tmb\/T03FVM0K8-F05N512L1RD-4c6bde8b40\/image_64.png?t=xoxe-3539714654-5811278554788-5832538929008-03dc07771412e207820c9f7ae6fe1988",
                "thumb_80": "https:\/\/files.slack.com\/files-tmb\/T03FVM0K8-F05N512L1RD-4c6bde8b40\/image_80.png?t=xoxe-3539714654-5811278554788-5832538929008-03dc07771412e207820c9f7ae6fe1988",
                "thumb_360": "https:\/\/files.slack.com\/files-tmb\/T03FVM0K8-F05N512L1RD-4c6bde8b40\/image_360.png?t=xoxe-3539714654-5811278554788-5832538929008-03dc07771412e207820c9f7ae6fe1988",
                "thumb_360_w": 360,
                "thumb_360_h": 270,
                "thumb_480": "https:\/\/files.slack.com\/files-tmb\/T03FVM0K8-F05N512L1RD-4c6bde8b40\/image_480.png?t=xoxe-3539714654-5811278554788-5832538929008-03dc07771412e207820c9f7ae6fe1988",
                "thumb_480_w": 480,
                "thumb_480_h": 360,
                "thumb_160": "https:\/\/files.slack.com\/files-tmb\/T03FVM0K8-F05N512L1RD-4c6bde8b40\/image_160.png?t=xoxe-3539714654-5811278554788-5832538929008-03dc07771412e207820c9f7ae6fe1988",
                "thumb_720": "https:\/\/files.slack.com\/files-tmb\/T03FVM0K8-F05N512L1RD-4c6bde8b40\/image_720.png?t=xoxe-3539714654-5811278554788-5832538929008-03dc07771412e207820c9f7ae6fe1988",
                "thumb_720_w": 720,
                "thumb_720_h": 540,
                "thumb_800": "https:\/\/files.slack.com\/files-tmb\/T03FVM0K8-F05N512L1RD-4c6bde8b40\/image_800.png?t=xoxe-3539714654-5811278554788-5832538929008-03dc07771412e207820c9f7ae6fe1988",
                "thumb_800_w": 800,
                "thumb_800_h": 600,
                "thumb_960": "https:\/\/files.slack.com\/files-tmb\/T03FVM0K8-F05N512L1RD-4c6bde8b40\/image_960.png?t=xoxe-3539714654-5811278554788-5832538929008-03dc07771412e207820c9f7ae6fe1988",
                "thumb_960_w": 960,
                "thumb_960_h": 720,
                "thumb_1024": "https:\/\/files.slack.com\/files-tmb\/T03FVM0K8-F05N512L1RD-4c6bde8b40\/image_1024.png?t=xoxe-3539714654-5811278554788-5832538929008-03dc07771412e207820c9f7ae6fe1988",
                "thumb_1024_w": 1024,
                "thumb_1024_h": 768,
                "original_w": 1600,
                "original_h": 1200,
                "thumb_tiny": "AwAkADCUTpnGPrStMirkZzVZY2JJHA96QpIzEKjH8OKOZhYsrOhPzfKMZzQZ0BAHPvVYRyj74C\/iKekKfxyr+YouwsTvOqlcYIPWoWuSQeOKbLEcfu13D1zkmq53K\/zrt9jxSuwsXcBowI+PxqORpjkZJxT4nBQZ4I49KcZCP4jU3GVGR2+8DSeSSfun8qtsxBBDdqN6htxYlumMU7isVfs8i\/Mvye5OKlug\/lKGZX9x1ps8jlCdxAz0NVtzY6j0p7jLaE78etSYC9s455qNP9YKlbv9BWYELtjB4zTozuIz6\/0qOToKfB1X6n+VUgGSqFGPbvVdj8tWZv6f0qs33aYH\/9k=",
                "permalink": "https:\/\/silverkey.slack.com\/files\/U03FVM0KA\/F05N512L1RD\/image.png",
                "permalink_public": "https:\/\/slack-files.com\/T03FVM0K8-F05N512L1RD-92335eed84",
                "is_starred": false,
                "has_rich_preview": false,
                "file_access": "visible"
            }
        ],
        "upload": false,
        "user": "U03FVM0KA",
        "display_as_bot": false,
        "ts": "1692448798.125489",
        "blocks": [
            {
                "type": "rich_text",
                "block_id": "\/rk",
                "elements": [
                    {
                        "type": "rich_text_section",
                        "elements": [
                            {
                                "type": "text",
                                "text": "My office until next Monday"
                            }
                        ]
                    }
                ]
            }
        ],
        "client_msg_id": "7efb23d6-d82d-4cd0-8fc3-6319807cf604",
        "thread_ts": "1692448798.125489",
        "reply_count": 4,
        "reply_users_count": 2,
        "latest_reply": "1692599894.583719",
        "reply_users": [
            "U02P5PUDENL",
            "U03FVM0KA"
        ],
        "replies": [
            {
                "user": "U02P5PUDENL",
                "ts": "1692469276.237469"
            },
            {
                "user": "U03FVM0KA",
                "ts": "1692519227.003749"
            },
            {
                "user": "U02P5PUDENL",
                "ts": "1692528452.058329"
            },
            {
                "user": "U03FVM0KA",
                "ts": "1692599894.583719"
            }
        ],
        "is_locked": false,
        "subscribed": true,
        "last_read": "1692599894.583719",
        "reactions": [
            {
                "name": "heart",
                "users": [
                    "U01A2EPV0BA",
                    "UA6R38XA8",
                    "U0436S8PYJH",
                    "U03FWLKUN",
                    "U01JHGNLXTP",
                    "U048RH7A2BY",
                    "U027JMN1NUR",
                    "U02P5PUDENL",
                    "U048P9RUFHD",
                    "U1LF0P0LB",
                    "U03FVBQTR",
                    "U034X8927KL",
                    "U02HJ8E8H2L",
                    "UDDJGP5CL"
                ],
                "count": 14
            }
        ]
    },
    {
        "type": "message",
        "text": "Training members, has anyone encountered this problem in Assignment No. 12",
        "files": [
            {
                "id": "F05ND0TCH8W",
                "created": 1692453521,
                "timestamp": 1692453521,
                "name": "image.png",
                "title": "image.png",
                "mimetype": "image\/png",
                "filetype": "png",
                "pretty_type": "PNG",
                "user": "U05EF0GJ1L1",
                "user_team": "T03FVM0K8",
                "editable": false,
                "size": 18935,
                "mode": "hosted",
                "is_external": false,
                "external_type": "",
                "is_public": true,
                "public_url_shared": false,
                "display_as_bot": false,
                "username": "",
                "url_private": "https:\/\/files.slack.com\/files-pri\/T03FVM0K8-F05ND0TCH8W\/image.png?t=xoxe-3539714654-5811278554788-5832538929008-03dc07771412e207820c9f7ae6fe1988",
                "url_private_download": "https:\/\/files.slack.com\/files-pri\/T03FVM0K8-F05ND0TCH8W\/download\/image.png?t=xoxe-3539714654-5811278554788-5832538929008-03dc07771412e207820c9f7ae6fe1988",
                "media_display_type": "unknown",
                "thumb_64": "https:\/\/files.slack.com\/files-tmb\/T03FVM0K8-F05ND0TCH8W-ec5f19a71d\/image_64.png?t=xoxe-3539714654-5811278554788-5832538929008-03dc07771412e207820c9f7ae6fe1988",
                "thumb_80": "https:\/\/files.slack.com\/files-tmb\/T03FVM0K8-F05ND0TCH8W-ec5f19a71d\/image_80.png?t=xoxe-3539714654-5811278554788-5832538929008-03dc07771412e207820c9f7ae6fe1988",
                "thumb_360": "https:\/\/files.slack.com\/files-tmb\/T03FVM0K8-F05ND0TCH8W-ec5f19a71d\/image_360.png?t=xoxe-3539714654-5811278554788-5832538929008-03dc07771412e207820c9f7ae6fe1988",
                "thumb_360_w": 360,
                "thumb_360_h": 171,
                "thumb_480": "https:\/\/files.slack.com\/files-tmb\/T03FVM0K8-F05ND0TCH8W-ec5f19a71d\/image_480.png?t=xoxe-3539714654-5811278554788-5832538929008-03dc07771412e207820c9f7ae6fe1988",
                "thumb_480_w": 480,
                "thumb_480_h": 228,
                "thumb_160": "https:\/\/files.slack.com\/files-tmb\/T03FVM0K8-F05ND0TCH8W-ec5f19a71d\/image_160.png?t=xoxe-3539714654-5811278554788-5832538929008-03dc07771412e207820c9f7ae6fe1988",
                "thumb_720": "https:\/\/files.slack.com\/files-tmb\/T03FVM0K8-F05ND0TCH8W-ec5f19a71d\/image_720.png?t=xoxe-3539714654-5811278554788-5832538929008-03dc07771412e207820c9f7ae6fe1988",
                "thumb_720_w": 720,
                "thumb_720_h": 342,
                "thumb_800": "https:\/\/files.slack.com\/files-tmb\/T03FVM0K8-F05ND0TCH8W-ec5f19a71d\/image_800.png?t=xoxe-3539714654-5811278554788-5832538929008-03dc07771412e207820c9f7ae6fe1988",
                "thumb_800_w": 800,
                "thumb_800_h": 380,
                "thumb_960": "https:\/\/files.slack.com\/files-tmb\/T03FVM0K8-F05ND0TCH8W-ec5f19a71d\/image_960.png?t=xoxe-3539714654-5811278554788-5832538929008-03dc07771412e207820c9f7ae6fe1988",
                "thumb_960_w": 960,
                "thumb_960_h": 455,
                "thumb_1024": "https:\/\/files.slack.com\/files-tmb\/T03FVM0K8-F05ND0TCH8W-ec5f19a71d\/image_1024.png?t=xoxe-3539714654-5811278554788-5832538929008-03dc07771412e207820c9f7ae6fe1988",
                "thumb_1024_w": 1024,
                "thumb_1024_h": 486,
                "original_w": 1366,
                "original_h": 648,
                "thumb_tiny": "AwAWADCiemK3YR+4j\/3R\/KsGt+D\/AFEf+6P5VUgtYdilxRRUgFGKKKAOdrfg\/wBRH\/uj+VYFb8H+oj\/3R\/KqZTH0UUVJIUUUUAf\/2Q==",
                "permalink": "https:\/\/silverkey.slack.com\/files\/U05EF0GJ1L1\/F05ND0TCH8W\/image.png",
                "permalink_public": "https:\/\/slack-files.com\/T03FVM0K8-F05ND0TCH8W-f54d568d12",
                "is_starred": false,
                "has_rich_preview": false,
                "file_access": "visible"
            }
        ],
        "upload": false,
        "user": "U05EF0GJ1L1",
        "display_as_bot": false,
        "ts": "1692453529.670919",
        "blocks": [
            {
                "type": "rich_text",
                "block_id": "3piOc",
                "elements": [
                    {
                        "type": "rich_text_section",
                        "elements": [
                            {
                                "type": "text",
                                "text": "Training members, has anyone encountered this problem in Assignment No. 12"
                            }
                        ]
                    }
                ]
            }
        ],
        "client_msg_id": "c7ef7c4c-afad-4748-8ad8-fdc88307584a",
        "thread_ts": "1692453529.670919",
        "reply_count": 1,
        "reply_users_count": 1,
        "latest_reply": "1692520467.333879",
        "reply_users": [
            "U03FVM0KA"
        ],
        "replies": [
            {
                "user": "U03FVM0KA",
                "ts": "1692520467.333879"
            }
        ],
        "is_locked": false,
        "subscribed": true,
        "last_read": "1692520467.333879"
    },
    {
        "client_msg_id": "e2bd8bf4-e676-435a-8583-9b6ddd5bef9c",
        "type": "message",
        "text": "siwa ?",
        "user": "U02P5PUDENL",
        "ts": "1692469276.237469",
        "blocks": [
            {
                "type": "rich_text",
                "block_id": "8o\/",
                "elements": [
                    {
                        "type": "rich_text_section",
                        "elements": [
                            {
                                "type": "text",
                                "text": "siwa ?"
                            }
                        ]
                    }
                ]
            }
        ],
        "team": "T03FVM0K8",
        "user_team": "T03FVM0K8",
        "source_team": "T03FVM0K8",
        "user_profile": {
            "avatar_hash": "d70abf884c2f",
            "image_72": "https:\/\/avatars.slack-edge.com\/2021-11-30\/2774693826662_d70abf884c2f70031520_72.jpg",
            "first_name": "Fares",
            "real_name": "Fares",
            "display_name": "Fares",
            "team": "T03FVM0K8",
            "name": "fares",
            "is_restricted": false,
            "is_ultra_restricted": false
        },
        "thread_ts": "1692448798.125489",
        "parent_user_id": "U03FVM0KA"
    }
]