[
    {
        "client_msg_id": "9d776ed3-8d3b-45f6-936d-f73775f181d3",
        "type": "message",
        "text": "working",
        "user": "U05DVMHBGF8",
        "ts": "1690146146.510779",
        "blocks": [
            {
                "type": "rich_text",
                "block_id": "VJLzM",
                "elements": [
                    {
                        "type": "rich_text_section",
                        "elements": [
                            {
                                "type": "text",
                                "text": "working"
                            }
                        ]
                    }
                ]
            }
        ],
        "team": "T03FVM0K8",
        "user_team": "T03FVM0K8",
        "source_team": "T03FVM0K8",
        "user_profile": {
            "avatar_hash": "2e9a0e8d7894",
            "image_72": "https:\/\/avatars.slack-edge.com\/2023-07-17\/5589280126579_2e9a0e8d789482aacf2a_72.jpg",
            "first_name": "Salma",
            "real_name": "Salma Ahmed",
            "display_name": "Salma Ahmed",
            "team": "T03FVM0K8",
            "name": "salma.ahmed01",
            "is_restricted": false,
            "is_ultra_restricted": false
        }
    },
    {
        "client_msg_id": "693b6a3e-448a-4643-a62f-c08fabb21944",
        "type": "message",
        "text": "working",
        "user": "U0273QC9Q13",
        "ts": "1690169041.005159",
        "blocks": [
            {
                "type": "rich_text",
                "block_id": "j=O",
                "elements": [
                    {
                        "type": "rich_text_section",
                        "elements": [
                            {
                                "type": "text",
                                "text": "working"
                            }
                        ]
                    }
                ]
            }
        ],
        "team": "T03FVM0K8",
        "user_team": "T03FVM0K8",
        "source_team": "T03FVM0K8",
        "user_profile": {
            "avatar_hash": "738440840cd8",
            "image_72": "https:\/\/avatars.slack-edge.com\/2021-07-06\/2230136035911_738440840cd86179e442_72.png",
            "first_name": "",
            "real_name": "Manar Nassef",
            "display_name": "Manar Nassef",
            "team": "T03FVM0K8",
            "name": "manarn",
            "is_restricted": false,
            "is_ultra_restricted": false
        }
    },
    {
        "client_msg_id": "35BC1FA6-2BF6-4AAE-AA20-689A62E35DCD",
        "type": "message",
        "text": "Working (onsite meeting at Taly)",
        "user": "UASMV9W7N",
        "ts": "1690174334.885789",
        "blocks": [
            {
                "type": "rich_text",
                "block_id": "XoIaX",
                "elements": [
                    {
                        "type": "rich_text_section",
                        "elements": [
                            {
                                "type": "text",
                                "text": "Working (onsite meeting at Taly)"
                            }
                        ]
                    }
                ]
            }
        ],
        "team": "T03FVM0K8",
        "user_team": "T03FVM0K8",
        "source_team": "T03FVM0K8",
        "user_profile": {
            "avatar_hash": "69dcb4073f2f",
            "image_72": "https:\/\/avatars.slack-edge.com\/2023-07-08\/5560161003857_69dcb4073f2f7c5f6175_72.png",
            "first_name": "Mohamed",
            "real_name": "Mohamed Magdy",
            "display_name": "Mohamed Magdy",
            "team": "T03FVM0K8",
            "name": "mohamedm",
            "is_restricted": false,
            "is_ultra_restricted": false
        },
        "thread_ts": "1690174334.885789",
        "reply_count": 1,
        "reply_users_count": 1,
        "latest_reply": "1690216325.412919",
        "reply_users": [
            "UASMV9W7N"
        ],
        "replies": [
            {
                "user": "UASMV9W7N",
                "ts": "1690216325.412919"
            }
        ],
        "is_locked": false,
        "subscribed": false
    },
    {
        "client_msg_id": "e8c13a7a-faf5-4b62-92b6-8247a86d5495",
        "type": "message",
        "text": "Working (meeting at Taly's office).",
        "user": "UUB64KVPC",
        "ts": "1690175141.007419",
        "blocks": [
            {
                "type": "rich_text",
                "block_id": "q8F",
                "elements": [
                    {
                        "type": "rich_text_section",
                        "elements": [
                            {
                                "type": "text",
                                "text": "Working (meeting at Taly's office)."
                            }
                        ]
                    }
                ]
            }
        ],
        "team": "T03FVM0K8",
        "user_team": "T03FVM0K8",
        "source_team": "T03FVM0K8",
        "user_profile": {
            "avatar_hash": "c69af9add57e",
            "image_72": "https:\/\/avatars.slack-edge.com\/2020-03-03\/967417135602_c69af9add57ed4df0680_72.jpg",
            "first_name": "Mahdi",
            "real_name": "Mahdi Mahmoud",
            "display_name": "mahdim",
            "team": "T03FVM0K8",
            "name": "mahdim",
            "is_restricted": false,
            "is_ultra_restricted": false
        }
    },
    {
        "client_msg_id": "152a8ae0-25f3-4da7-8b9a-96aec874e3ef",
        "type": "message",
        "text": "working(meeting at Nrea's office)",
        "user": "U027PSQ8ZUK",
        "ts": "1690178046.029339",
        "blocks": [
            {
                "type": "rich_text",
                "block_id": "\/s1t",
                "elements": [
                    {
                        "type": "rich_text_section",
                        "elements": [
                            {
                                "type": "text",
                                "text": "working(meeting at Nrea's office)"
                            }
                        ]
                    }
                ]
            }
        ],
        "team": "T03FVM0K8",
        "user_team": "T03FVM0K8",
        "source_team": "T03FVM0K8",
        "user_profile": {
            "avatar_hash": "9c0b97dae87e",
            "image_72": "https:\/\/avatars.slack-edge.com\/2021-07-11\/2285724744848_9c0b97dae87ec533fb16_72.jpg",
            "first_name": "Ahmad",
            "real_name": "Ahmad Gadallah",
            "display_name": "Ahmad Gadallah",
            "team": "T03FVM0K8",
            "name": "ahmadg",
            "is_restricted": false,
            "is_ultra_restricted": false
        },
        "reactions": [
            {
                "name": "metal",
                "users": [
                    "U03FVM0KA"
                ],
                "count": 1
            }
        ]
    }
]