[
    {
        "type": "message",
        "text": "Dear All,\nHere is this week’s assignment…\n<https:\/\/docs.google.com\/spreadsheets\/d\/1j19GHx6PHLV1AOrfTzFJ_430t_L9Aw1P6DNZp_SZI8o\/edit?usp=sharing>",
        "files": [
            {
                "id": "F05H8F5NB8B",
                "created": 1689510491,
                "timestamp": 1689510491,
                "name": "Weekly Team Assignment",
                "title": "Weekly Team Assignment 2023\/8\/20 - 2023\/8\/27",
                "mimetype": "application\/vnd.google-apps.spreadsheet",
                "filetype": "gsheet",
                "pretty_type": "G Suite Spreadsheet",
                "user": "U03FVBQTR",
                "user_team": "T03FVM0K8",
                "editable": false,
                "size": 0,
                "mode": "external",
                "is_external": true,
                "external_type": "gdrive",
                "is_public": true,
                "public_url_shared": false,
                "display_as_bot": false,
                "username": "",
                "url_private": "https:\/\/docs.google.com\/spreadsheets\/d\/1j19GHx6PHLV1AOrfTzFJ_430t_L9Aw1P6DNZp_SZI8o\/edit?usp=sharing",
                "media_display_type": "unknown",
                "thumb_64": "https:\/\/files.slack.com\/files-tmb\/T03FVM0K8-F05H8F5NB8B-dbbac93fe7\/weekly_team_assignment_64.png?t=xoxe-3539714654-5811278554788-5832538929008-03dc07771412e207820c9f7ae6fe1988",
                "thumb_80": "https:\/\/files.slack.com\/files-tmb\/T03FVM0K8-F05H8F5NB8B-dbbac93fe7\/weekly_team_assignment_80.png?t=xoxe-3539714654-5811278554788-5832538929008-03dc07771412e207820c9f7ae6fe1988",
                "thumb_360": "https:\/\/files.slack.com\/files-tmb\/T03FVM0K8-F05H8F5NB8B-dbbac93fe7\/weekly_team_assignment_360.png?t=xoxe-3539714654-5811278554788-5832538929008-03dc07771412e207820c9f7ae6fe1988",
                "thumb_360_w": 254,
                "thumb_360_h": 360,
                "thumb_480": "https:\/\/files.slack.com\/files-tmb\/T03FVM0K8-F05H8F5NB8B-dbbac93fe7\/weekly_team_assignment_480.png?t=xoxe-3539714654-5811278554788-5832538929008-03dc07771412e207820c9f7ae6fe1988",
                "thumb_480_w": 339,
                "thumb_480_h": 480,
                "thumb_160": "https:\/\/files.slack.com\/files-tmb\/T03FVM0K8-F05H8F5NB8B-dbbac93fe7\/weekly_team_assignment_160.png?t=xoxe-3539714654-5811278554788-5832538929008-03dc07771412e207820c9f7ae6fe1988",
                "thumb_720": "https:\/\/files.slack.com\/files-tmb\/T03FVM0K8-F05H8F5NB8B-dbbac93fe7\/weekly_team_assignment_720.png?t=xoxe-3539714654-5811278554788-5832538929008-03dc07771412e207820c9f7ae6fe1988",
                "thumb_720_w": 509,
                "thumb_720_h": 720,
                "thumb_800": "https:\/\/files.slack.com\/files-tmb\/T03FVM0K8-F05H8F5NB8B-dbbac93fe7\/weekly_team_assignment_800.png?t=xoxe-3539714654-5811278554788-5832538929008-03dc07771412e207820c9f7ae6fe1988",
                "thumb_800_w": 800,
                "thumb_800_h": 1132,
                "thumb_960": "https:\/\/files.slack.com\/files-tmb\/T03FVM0K8-F05H8F5NB8B-dbbac93fe7\/weekly_team_assignment_960.png?t=xoxe-3539714654-5811278554788-5832538929008-03dc07771412e207820c9f7ae6fe1988",
                "thumb_960_w": 678,
                "thumb_960_h": 960,
                "thumb_1024": "https:\/\/files.slack.com\/files-tmb\/T03FVM0K8-F05H8F5NB8B-dbbac93fe7\/weekly_team_assignment_1024.png?t=xoxe-3539714654-5811278554788-5832538929008-03dc07771412e207820c9f7ae6fe1988",
                "thumb_1024_w": 724,
                "thumb_1024_h": 1024,
                "thumb_tiny": "AwAwACHSzzjijJ3YpD1oOd4xQA6iiigAooooAafvUfxj6UH7woP3x9KAHUUUUAFFFFADT96g\/fH0pSOaCuWBzQAtFFFABRRRQB\/\/2Q==",
                "permalink": "https:\/\/silverkey.slack.com\/files\/U03FVBQTR\/F05H8F5NB8B\/weekly_team_assignment",
                "is_starred": false,
                "external_id": "1j19GHx6PHLV1AOrfTzFJ_430t_L9Aw1P6DNZp_SZI8o",
                "external_url": "https:\/\/docs.google.com\/spreadsheets\/d\/1j19GHx6PHLV1AOrfTzFJ_430t_L9Aw1P6DNZp_SZI8o\/edit?usp=sharing",
                "has_rich_preview": true,
                "file_access": "visible"
            }
        ],
        "upload": false,
        "user": "U03FVBQTR",
        "display_as_bot": false,
        "x_files": [
            "F05H8F5NB8B"
        ],
        "ts": "1690186897.815589",
        "blocks": [
            {
                "type": "rich_text",
                "block_id": "8qi6",
                "elements": [
                    {
                        "type": "rich_text_section",
                        "elements": [
                            {
                                "type": "text",
                                "text": "Dear All,\nHere is this week’s assignment…\n"
                            },
                            {
                                "type": "link",
                                "url": "https:\/\/docs.google.com\/spreadsheets\/d\/1j19GHx6PHLV1AOrfTzFJ_430t_L9Aw1P6DNZp_SZI8o\/edit?usp=sharing"
                            }
                        ]
                    }
                ]
            }
        ],
        "client_msg_id": "d3566136-8f59-429c-bb29-5d2d30727e6a",
        "reactions": [
            {
                "name": "metal",
                "users": [
                    "U03FVM0KA"
                ],
                "count": 1
            }
        ]
    },
    {
        "client_msg_id": "9ec4e82a-ec89-4cd4-852a-a3650c37b293",
        "type": "message",
        "text": "working",
        "user": "U02HJ8E8H2L",
        "ts": "1690187344.801129",
        "blocks": [
            {
                "type": "rich_text",
                "block_id": "ODY",
                "elements": [
                    {
                        "type": "rich_text_section",
                        "elements": [
                            {
                                "type": "text",
                                "text": "working"
                            }
                        ]
                    }
                ]
            }
        ],
        "team": "T03FVM0K8",
        "user_team": "T03FVM0K8",
        "source_team": "T03FVM0K8",
        "user_profile": {
            "avatar_hash": "5cb5d2e5cc5d",
            "image_72": "https:\/\/avatars.slack-edge.com\/2021-10-06\/2596448679872_5cb5d2e5cc5d8aaa3d7c_72.jpg",
            "first_name": "Ahmed",
            "real_name": "Ahmed Saeed",
            "display_name": "Ahmed Saeed",
            "team": "T03FVM0K8",
            "name": "ahmeds",
            "is_restricted": false,
            "is_ultra_restricted": false
        }
    },
    {
        "client_msg_id": "a5c9d16e-4d02-4ecc-ad00-7ea9994fbfc6",
        "type": "message",
        "text": "working",
        "user": "U02767Y6QHY",
        "ts": "1690202461.126019",
        "blocks": [
            {
                "type": "rich_text",
                "block_id": "ero",
                "elements": [
                    {
                        "type": "rich_text_section",
                        "elements": [
                            {
                                "type": "text",
                                "text": "working"
                            }
                        ]
                    }
                ]
            }
        ],
        "team": "T03FVM0K8",
        "user_team": "T03FVM0K8",
        "source_team": "T03FVM0K8",
        "user_profile": {
            "avatar_hash": "12f50bc17a1c",
            "image_72": "https:\/\/avatars.slack-edge.com\/2021-07-11\/2285755539248_12f50bc17a1c905cc40a_72.jpg",
            "first_name": "Hannah",
            "real_name": "Hannah Hatem",
            "display_name": "Hannah Hatem",
            "team": "T03FVM0K8",
            "name": "hannah",
            "is_restricted": false,
            "is_ultra_restricted": false
        },
        "thread_ts": "1690202461.126019",
        "reply_count": 1,
        "reply_users_count": 1,
        "latest_reply": "1690215685.202919",
        "reply_users": [
            "U02767Y6QHY"
        ],
        "replies": [
            {
                "user": "U02767Y6QHY",
                "ts": "1690215685.202919"
            }
        ],
        "is_locked": false,
        "subscribed": false
    },
    {
        "client_msg_id": "bcdeaf94-8b64-4a26-9853-b78d34904b74",
        "type": "message",
        "text": "away",
        "user": "U02767Y6QHY",
        "ts": "1690215685.202919",
        "blocks": [
            {
                "type": "rich_text",
                "block_id": "QMIaq",
                "elements": [
                    {
                        "type": "rich_text_section",
                        "elements": [
                            {
                                "type": "text",
                                "text": "away"
                            }
                        ]
                    }
                ]
            }
        ],
        "team": "T03FVM0K8",
        "user_team": "T03FVM0K8",
        "source_team": "T03FVM0K8",
        "user_profile": {
            "avatar_hash": "12f50bc17a1c",
            "image_72": "https:\/\/avatars.slack-edge.com\/2021-07-11\/2285755539248_12f50bc17a1c905cc40a_72.jpg",
            "first_name": "Hannah",
            "real_name": "Hannah Hatem",
            "display_name": "Hannah Hatem",
            "team": "T03FVM0K8",
            "name": "hannah",
            "is_restricted": false,
            "is_ultra_restricted": false
        },
        "thread_ts": "1690202461.126019",
        "parent_user_id": "U02767Y6QHY"
    },
    {
        "client_msg_id": "CB4D68A9-9C0F-4095-B24A-F042321E1479",
        "type": "message",
        "text": "away",
        "user": "UASMV9W7N",
        "ts": "1690216325.412919",
        "blocks": [
            {
                "type": "rich_text",
                "block_id": "VzqMI",
                "elements": [
                    {
                        "type": "rich_text_section",
                        "elements": [
                            {
                                "type": "text",
                                "text": "away"
                            }
                        ]
                    }
                ]
            }
        ],
        "team": "T03FVM0K8",
        "user_team": "T03FVM0K8",
        "source_team": "T03FVM0K8",
        "user_profile": {
            "avatar_hash": "69dcb4073f2f",
            "image_72": "https:\/\/avatars.slack-edge.com\/2023-07-08\/5560161003857_69dcb4073f2f7c5f6175_72.png",
            "first_name": "Mohamed",
            "real_name": "Mohamed Magdy",
            "display_name": "Mohamed Magdy",
            "team": "T03FVM0K8",
            "name": "mohamedm",
            "is_restricted": false,
            "is_ultra_restricted": false
        },
        "thread_ts": "1690174334.885789",
        "parent_user_id": "UASMV9W7N"
    },
    {
        "client_msg_id": "41fd441b-f645-43b6-86e0-73f83faa267e",
        "type": "message",
        "text": "working since 9:32 PM",
        "user": "U05DVMHBGF8",
        "ts": "1690232435.647879",
        "blocks": [
            {
                "type": "rich_text",
                "block_id": "sM9l",
                "elements": [
                    {
                        "type": "rich_text_section",
                        "elements": [
                            {
                                "type": "text",
                                "text": "working since 9:32 PM"
                            }
                        ]
                    }
                ]
            }
        ],
        "team": "T03FVM0K8",
        "user_team": "T03FVM0K8",
        "source_team": "T03FVM0K8",
        "user_profile": {
            "avatar_hash": "2e9a0e8d7894",
            "image_72": "https:\/\/avatars.slack-edge.com\/2023-07-17\/5589280126579_2e9a0e8d789482aacf2a_72.jpg",
            "first_name": "Salma",
            "real_name": "Salma Ahmed",
            "display_name": "Salma Ahmed",
            "team": "T03FVM0K8",
            "name": "salma.ahmed01",
            "is_restricted": false,
            "is_ultra_restricted": false
        },
        "edited": {
            "user": "U05DVMHBGF8",
            "ts": "1690232473.000000"
        }
    }
]