[
    {
        "type": "message",
        "text": "Bravo @Abdulrahman Nady @Bassem Adel  :clap: :heart: ",
        "user": "U03FVBQTR",
        "ts": "1691655675.353439",
        "blocks": [
            {
                "type": "rich_text",
                "block_id": "Sy72o",
                "elements": [
                    {
                        "type": "rich_text_section",
                        "elements": [
                            {
                                "type": "text",
                                "text": "Bravo "
                            },
                            {
                                "type": "user",
                                "user_id": "U01JHGNLXTP"
                            },
                            {
                                "type": "text",
                                "text": " "
                            },
                            {
                                "type": "user",
                                "user_id": "UGUP6SQUT"
                            },
                            {
                                "type": "text",
                                "text": "  "
                            },
                            {
                                "type": "emoji",
                                "name": "clap",
                                "unicode": "1f44f"
                            },
                            {
                                "type": "text",
                                "text": " "
                            },
                            {
                                "type": "emoji",
                                "name": "heart",
                                "unicode": "2764-fe0f"
                            },
                            {
                                "type": "text",
                                "text": " "
                            }
                        ]
                    }
                ]
            }
        ],
        "team": "T03FVM0K8",
        "user_team": "T03FVM0K8",
        "source_team": "T03FVM0K8",
        "user_profile": {
            "avatar_hash": "8fea588cf2f1",
            "image_72": "https:\/\/avatars.slack-edge.com\/2015-01-28\/3539674413_8fea588cf2f1390d3733_72.jpg",
            "first_name": "Taher",
            "real_name": "Taher El-Shafei",
            "display_name": "taherelshafei",
            "team": "T03FVM0K8",
            "name": "taherelshafei",
            "is_restricted": false,
            "is_ultra_restricted": false
        },
        "attachments": [
            {
                "ts": "1691647900.406899",
                "author_id": "U01JHGNLXTP",
                "channel_id": "C038YRM7DL4",
                "channel_team": "T03FVM0K8",
                "is_msg_unfurl": true,
                "private_channel_prompt": true,
                "files": [
                    {
                        "id": "F05LRH44L7R",
                        "created": 1691647897,
                        "timestamp": 1691647897,
                        "name": "testing-success.png",
                        "title": "testing-success.png",
                        "mimetype": "image\/png",
                        "filetype": "png",
                        "pretty_type": "PNG",
                        "user": "U01JHGNLXTP",
                        "user_team": "T03FVM0K8",
                        "editable": false,
                        "size": 50077,
                        "mode": "hosted",
                        "is_external": false,
                        "external_type": "",
                        "is_public": true,
                        "public_url_shared": false,
                        "display_as_bot": false,
                        "username": "",
                        "url_private": "https:\/\/files.slack.com\/files-pri\/T03FVM0K8-F05LRH44L7R\/testing-success.png?t=xoxe-3539714654-5811278554788-5832538929008-03dc07771412e207820c9f7ae6fe1988",
                        "url_private_download": "https:\/\/files.slack.com\/files-pri\/T03FVM0K8-F05LRH44L7R\/download\/testing-success.png?t=xoxe-3539714654-5811278554788-5832538929008-03dc07771412e207820c9f7ae6fe1988",
                        "media_display_type": "unknown",
                        "thumb_64": "https:\/\/files.slack.com\/files-tmb\/T03FVM0K8-F05LRH44L7R-f20615adcb\/testing-success_64.png?t=xoxe-3539714654-5811278554788-5832538929008-03dc07771412e207820c9f7ae6fe1988",
                        "thumb_80": "https:\/\/files.slack.com\/files-tmb\/T03FVM0K8-F05LRH44L7R-f20615adcb\/testing-success_80.png?t=xoxe-3539714654-5811278554788-5832538929008-03dc07771412e207820c9f7ae6fe1988",
                        "thumb_360": "https:\/\/files.slack.com\/files-tmb\/T03FVM0K8-F05LRH44L7R-f20615adcb\/testing-success_360.png?t=xoxe-3539714654-5811278554788-5832538929008-03dc07771412e207820c9f7ae6fe1988",
                        "thumb_360_w": 360,
                        "thumb_360_h": 111,
                        "thumb_480": "https:\/\/files.slack.com\/files-tmb\/T03FVM0K8-F05LRH44L7R-f20615adcb\/testing-success_480.png?t=xoxe-3539714654-5811278554788-5832538929008-03dc07771412e207820c9f7ae6fe1988",
                        "thumb_480_w": 480,
                        "thumb_480_h": 148,
                        "thumb_160": "https:\/\/files.slack.com\/files-tmb\/T03FVM0K8-F05LRH44L7R-f20615adcb\/testing-success_160.png?t=xoxe-3539714654-5811278554788-5832538929008-03dc07771412e207820c9f7ae6fe1988",
                        "thumb_720": "https:\/\/files.slack.com\/files-tmb\/T03FVM0K8-F05LRH44L7R-f20615adcb\/testing-success_720.png?t=xoxe-3539714654-5811278554788-5832538929008-03dc07771412e207820c9f7ae6fe1988",
                        "thumb_720_w": 720,
                        "thumb_720_h": 222,
                        "thumb_800": "https:\/\/files.slack.com\/files-tmb\/T03FVM0K8-F05LRH44L7R-f20615adcb\/testing-success_800.png?t=xoxe-3539714654-5811278554788-5832538929008-03dc07771412e207820c9f7ae6fe1988",
                        "thumb_800_w": 800,
                        "thumb_800_h": 247,
                        "thumb_960": "https:\/\/files.slack.com\/files-tmb\/T03FVM0K8-F05LRH44L7R-f20615adcb\/testing-success_960.png?t=xoxe-3539714654-5811278554788-5832538929008-03dc07771412e207820c9f7ae6fe1988",
                        "thumb_960_w": 960,
                        "thumb_960_h": 296,
                        "thumb_1024": "https:\/\/files.slack.com\/files-tmb\/T03FVM0K8-F05LRH44L7R-f20615adcb\/testing-success_1024.png?t=xoxe-3539714654-5811278554788-5832538929008-03dc07771412e207820c9f7ae6fe1988",
                        "thumb_1024_w": 1024,
                        "thumb_1024_h": 316,
                        "original_w": 1414,
                        "original_h": 436,
                        "thumb_tiny": "AwAOADDRwBxz+dLmgkZoGDQAZozRilwKAE\/OgUuKKAP\/2Q==",
                        "permalink": "https:\/\/silverkey.slack.com\/files\/U01JHGNLXTP\/F05LRH44L7R\/testing-success.png",
                        "permalink_public": "https:\/\/slack-files.com\/T03FVM0K8-F05LRH44L7R-ba1cd4526a",
                        "comments_count": 0,
                        "is_starred": false,
                        "has_rich_preview": false,
                        "file_access": "visible"
                    }
                ],
                "color": "D0D0D0",
                "from_url": "https:\/\/silverkey.slack.com\/archives\/C038YRM7DL4\/p1691647900406899",
                "is_share": true,
                "fallback": "[August 10th, 2023 9:11 AM] abdulrahmann:  testing-success.png",
                "author_name": "Abdulrahman Nady",
                "author_link": "https:\/\/silverkey.slack.com\/team\/U01JHGNLXTP",
                "author_icon": "https:\/\/avatars.slack-edge.com\/2021-01-14\/1659764613696_09ed5d4ab51ade5f2170_48.jpg",
                "author_subname": "Abdulrahman Nady",
                "mrkdwn_in": [
                    "text"
                ],
                "footer": "Slack Conversation"
            }
        ],
        "thread_ts": "1691655675.353439",
        "reply_count": 1,
        "reply_users_count": 1,
        "latest_reply": "1691655860.301479",
        "reply_users": [
            "U01JHGNLXTP"
        ],
        "replies": [
            {
                "user": "U01JHGNLXTP",
                "ts": "1691655860.301479"
            }
        ],
        "is_locked": false,
        "subscribed": false,
        "reactions": [
            {
                "name": "heart",
                "users": [
                    "U027V0C9KEY",
                    "U1LF0P0LB",
                    "U027C3PDVQC",
                    "UKPG594HH",
                    "U0436S8PYJH",
                    "UDDJGP5CL",
                    "UGUP6SQUT",
                    "UA6R38XA8",
                    "U04509JHX54",
                    "U02P5PUDENL",
                    "U01J6S6PP8E",
                    "U01A2EPV0BA",
                    "U050Z8GF28P"
                ],
                "count": 13
            },
            {
                "name": "metal",
                "users": [
                    "U027V0C9KEY",
                    "U1LF0P0LB",
                    "U01JHGNLXTP",
                    "UD7FEGEF8",
                    "U027C3PDVQC",
                    "UKPG594HH",
                    "U02767Y6QHY",
                    "UDDJGP5CL",
                    "UA6R38XA8",
                    "U04509JHX54",
                    "U03FVM0KA",
                    "U03FWLKUN",
                    "U01A2EPV0BA"
                ],
                "count": 13
            }
        ]
    },
    {
        "client_msg_id": "76c6c462-fd3b-4166-a2d2-8a9b8d072f63",
        "type": "message",
        "text": "Many thanks to <@U027C3PDVQC> :heart: for his continuous support of the application",
        "user": "U01JHGNLXTP",
        "ts": "1691655860.301479",
        "blocks": [
            {
                "type": "rich_text",
                "block_id": "Axv",
                "elements": [
                    {
                        "type": "rich_text_section",
                        "elements": [
                            {
                                "type": "text",
                                "text": "Many thanks to "
                            },
                            {
                                "type": "user",
                                "user_id": "U027C3PDVQC"
                            },
                            {
                                "type": "text",
                                "text": " "
                            },
                            {
                                "type": "emoji",
                                "name": "heart",
                                "unicode": "2764-fe0f"
                            },
                            {
                                "type": "text",
                                "text": " for his continuous support of the application"
                            }
                        ]
                    }
                ]
            }
        ],
        "team": "T03FVM0K8",
        "user_team": "T03FVM0K8",
        "source_team": "T03FVM0K8",
        "user_profile": {
            "avatar_hash": "09ed5d4ab51a",
            "image_72": "https:\/\/avatars.slack-edge.com\/2021-01-14\/1659764613696_09ed5d4ab51ade5f2170_72.jpg",
            "first_name": "Abdulrahman",
            "real_name": "Abdulrahman Nady",
            "display_name": "Abdulrahman Nady",
            "team": "T03FVM0K8",
            "name": "abdulrahmann",
            "is_restricted": false,
            "is_ultra_restricted": false
        },
        "thread_ts": "1691655675.353439",
        "parent_user_id": "U03FVBQTR",
        "reactions": [
            {
                "name": "heart",
                "users": [
                    "U027V0C9KEY",
                    "U027C3PDVQC",
                    "U03FVBQTR"
                ],
                "count": 3
            }
        ]
    },
    {
        "client_msg_id": "1bd8d41c-7494-4d51-9b8e-6d4dab8f250b",
        "type": "message",
        "text": "I will do a presentation about complex distributed system that we do for Taly this Sunday at 2 PM (<https:\/\/us05web.zoom.us\/j\/85736049660?pwd=F8aDJuEHkvUbF4H85zhVNCwYp2l9jz.1>)",
        "user": "U03FVM0KA",
        "ts": "1691666027.917289",
        "blocks": [
            {
                "type": "rich_text",
                "block_id": "XvD+",
                "elements": [
                    {
                        "type": "rich_text_section",
                        "elements": [
                            {
                                "type": "text",
                                "text": "I will do a presentation about complex distributed system that we do for Taly this Sunday at 2 PM ("
                            },
                            {
                                "type": "link",
                                "url": "https:\/\/us05web.zoom.us\/j\/85736049660?pwd=F8aDJuEHkvUbF4H85zhVNCwYp2l9jz.1"
                            },
                            {
                                "type": "text",
                                "text": ")"
                            }
                        ]
                    }
                ]
            }
        ],
        "team": "T03FVM0K8",
        "user_team": "T03FVM0K8",
        "source_team": "T03FVM0K8",
        "user_profile": {
            "avatar_hash": "3b5718eb9f45",
            "image_72": "https:\/\/avatars.slack-edge.com\/2023-07-16\/5599264436273_3b5718eb9f45b3c2a13a_72.jpg",
            "first_name": "dodyg",
            "real_name": "dodyg",
            "display_name": "",
            "team": "T03FVM0K8",
            "name": "dodyg",
            "is_restricted": false,
            "is_ultra_restricted": false
        },
        "reactions": [
            {
                "name": "metal",
                "users": [
                    "UUB64KVPC",
                    "U02P5PUDENL",
                    "UA6R38XA8",
                    "U01JHGNLXTP",
                    "U027V0C9KEY",
                    "U1LF0P0LB",
                    "U01A2EPV0BA",
                    "U027C3PDVQC",
                    "UDDJGP5CL"
                ],
                "count": 9
            },
            {
                "name": "rocket",
                "users": [
                    "U01JHGNLXTP",
                    "U027V0C9KEY",
                    "U02767Y6QHY",
                    "UDDJGP5CL"
                ],
                "count": 4
            }
        ]
    }
]