[
    {
        "client_msg_id": "92890376-2977-4a7d-9721-9eb573d854d3",
        "type": "message",
        "text": "working",
        "user": "U05EF0GJ1L1",
        "ts": "1689853506.978569",
        "blocks": [
            {
                "type": "rich_text",
                "block_id": "\/XYm",
                "elements": [
                    {
                        "type": "rich_text_section",
                        "elements": [
                            {
                                "type": "text",
                                "text": "working"
                            }
                        ]
                    }
                ]
            }
        ],
        "team": "T03FVM0K8",
        "user_team": "T03FVM0K8",
        "source_team": "T03FVM0K8",
        "user_profile": {
            "avatar_hash": "a35e8d11ef4e",
            "image_72": "https:\/\/avatars.slack-edge.com\/2023-07-03\/5543224487760_a35e8d11ef4ea78eb113_72.jpg",
            "first_name": "Taher",
            "real_name": "Taher Matar",
            "display_name": "Taher Matar",
            "team": "T03FVM0K8",
            "name": "tahrmtr45",
            "is_restricted": false,
            "is_ultra_restricted": false
        }
    },
    {
        "client_msg_id": "53236A24-2447-47D7-A9FA-7056E7474650",
        "type": "message",
        "text": "Working",
        "user": "U05ES2TQ40Y",
        "ts": "1689891496.298049",
        "blocks": [
            {
                "type": "rich_text",
                "block_id": "otfx",
                "elements": [
                    {
                        "type": "rich_text_section",
                        "elements": [
                            {
                                "type": "text",
                                "text": "Working"
                            }
                        ]
                    }
                ]
            }
        ],
        "team": "T03FVM0K8",
        "user_team": "T03FVM0K8",
        "source_team": "T03FVM0K8",
        "user_profile": {
            "avatar_hash": "g69a2f5d674e",
            "image_72": "https:\/\/secure.gravatar.com\/avatar\/69a2f5d674ec67dcbe6e2b04d96b32e9.jpg?s=72&d=https%3A%2F%2Fa.slack-edge.com%2Fdf10d%2Fimg%2Favatars%2Fava_0015-72.png",
            "first_name": "Merhan",
            "real_name": "Merhan Hesham Ahmed",
            "display_name": "Merhan Hesham Ahmed",
            "team": "T03FVM0K8",
            "name": "merhan100.hesham",
            "is_restricted": false,
            "is_ultra_restricted": false
        }
    }
]