[
    {
        "bot_id": "B01U774L6SJ",
        "type": "message",
        "text": "",
        "user": "U01UE6SLDMH",
        "ts": "1689761193.418709",
        "app_id": "A01BP7R4KNY",
        "team": "T03FVM0K8",
        "bot_profile": {
            "id": "B01U774L6SJ",
            "app_id": "A01BP7R4KNY",
            "name": "GitHub",
            "icons": {
                "image_36": "https:\/\/avatars.slack-edge.com\/2020-11-25\/1527503386626_319578f21381f9641cd8_36.png",
                "image_48": "https:\/\/avatars.slack-edge.com\/2020-11-25\/1527503386626_319578f21381f9641cd8_48.png",
                "image_72": "https:\/\/avatars.slack-edge.com\/2020-11-25\/1527503386626_319578f21381f9641cd8_72.png"
            },
            "deleted": false,
            "updated": 1618484049,
            "team_id": "T03FVM0K8"
        },
        "attachments": [
            {
                "id": 1,
                "footer_icon": "https:\/\/slack.github.com\/static\/img\/favicon-neutral.png",
                "color": "24292f",
                "fallback": "[silverkeytech\/giz-edu-inspection] 1 new commit pushed to _main_ by AmrTealeb",
                "text": "`<https:\/\/github.com\/silverkeytech\/giz-edu-inspection\/commit\/2a797468497473e75a081a45998da0cba3733947|2a797468>` - Update LLBL",
                "pretext": "<https:\/\/github.com\/silverkeytech\/giz-edu-inspection\/compare\/3e1b7d683849...2a7974684974|1 new commit> pushed to `<https:\/\/github.com\/silverkeytech\/giz-edu-inspection\/tree\/main|main>` by <https:\/\/github.com\/AmrTealeb|AmrTealeb>",
                "footer": "<https:\/\/github.com\/silverkeytech\/giz-edu-inspection|silverkeytech\/giz-edu-inspection>",
                "mrkdwn_in": [
                    "text"
                ]
            }
        ]
    },
    {
        "bot_id": "B01U774L6SJ",
        "type": "message",
        "text": "",
        "user": "U01UE6SLDMH",
        "ts": "1689774533.621969",
        "app_id": "A01BP7R4KNY",
        "team": "T03FVM0K8",
        "bot_profile": {
            "id": "B01U774L6SJ",
            "app_id": "A01BP7R4KNY",
            "name": "GitHub",
            "icons": {
                "image_36": "https:\/\/avatars.slack-edge.com\/2020-11-25\/1527503386626_319578f21381f9641cd8_36.png",
                "image_48": "https:\/\/avatars.slack-edge.com\/2020-11-25\/1527503386626_319578f21381f9641cd8_48.png",
                "image_72": "https:\/\/avatars.slack-edge.com\/2020-11-25\/1527503386626_319578f21381f9641cd8_72.png"
            },
            "deleted": false,
            "updated": 1618484049,
            "team_id": "T03FVM0K8"
        },
        "attachments": [
            {
                "id": 1,
                "footer_icon": "https:\/\/slack.github.com\/static\/img\/favicon-neutral.png",
                "color": "24292f",
                "fallback": "[silverkeytech\/giz-edu-inspection] 1 new commit pushed to _main_ by RehamAbdelraheemAli",
                "text": "`<https:\/\/github.com\/silverkeytech\/giz-edu-inspection\/commit\/415d2a0553096f485b8cbf4bf560f3bb5c606b31|415d2a05>` - fix seeded dynamic report question types",
                "pretext": "<https:\/\/github.com\/silverkeytech\/giz-edu-inspection\/compare\/2a7974684974...415d2a055309|1 new commit> pushed to `<https:\/\/github.com\/silverkeytech\/giz-edu-inspection\/tree\/main|main>` by <https:\/\/github.com\/RehamAbdelraheemAli|RehamAbdelraheemAli>",
                "footer": "<https:\/\/github.com\/silverkeytech\/giz-edu-inspection|silverkeytech\/giz-edu-inspection>",
                "mrkdwn_in": [
                    "text"
                ]
            }
        ]
    },
    {
        "type": "message",
        "subtype": "thread_broadcast",
        "text": "",
        "bot_id": "B01U774L6SJ",
        "ts": "1689775371.766499",
        "thread_ts": "1688994648.426659",
        "root": {
            "bot_id": "B01U774L6SJ",
            "type": "message",
            "text": "",
            "user": "U01UE6SLDMH",
            "ts": "1688994648.426659",
            "app_id": "A01BP7R4KNY",
            "team": "T03FVM0K8",
            "bot_profile": {
                "id": "B01U774L6SJ",
                "app_id": "A01BP7R4KNY",
                "name": "GitHub",
                "icons": {
                    "image_36": "https:\/\/avatars.slack-edge.com\/2020-11-25\/1527503386626_319578f21381f9641cd8_36.png",
                    "image_48": "https:\/\/avatars.slack-edge.com\/2020-11-25\/1527503386626_319578f21381f9641cd8_48.png",
                    "image_72": "https:\/\/avatars.slack-edge.com\/2020-11-25\/1527503386626_319578f21381f9641cd8_72.png"
                },
                "deleted": false,
                "updated": 1618484049,
                "team_id": "T03FVM0K8"
            },
            "edited": {
                "user": "B01U774L6SJ",
                "ts": "1691401988.000000"
            },
            "attachments": [
                {
                    "id": 1,
                    "footer_icon": "https:\/\/slack.github.com\/static\/img\/favicon-neutral.png",
                    "ts": 1688994646,
                    "color": "8250df",
                    "fallback": "[silverkeytech\/giz-edu-inspection] Issue opened by RehamAbdelraheemAli",
                    "pretext": "Issue created by <https:\/\/github.com\/RehamAbdelraheemAli|RehamAbdelraheemAli>",
                    "title": "<https:\/\/github.com\/silverkeytech\/giz-edu-inspection\/issues\/807|#807 Fix visits review notification link>",
                    "callback_id": "issue-opened-interaction",
                    "footer": "<https:\/\/github.com\/silverkeytech\/giz-edu-inspection|silverkeytech\/giz-edu-inspection>",
                    "fields": [
                        {
                            "value": "<https:\/\/github.com\/YomnaTarekRagab|@YomnaTarekRagab>",
                            "title": "Assignees",
                            "short": true
                        },
                        {
                            "value": "bug",
                            "title": "Labels",
                            "short": true
                        }
                    ],
                    "mrkdwn_in": [
                        "text"
                    ],
                    "actions": [
                        {
                            "id": "1",
                            "name": "comment",
                            "text": "Comment",
                            "type": "button",
                            "value": "{&amp;amp;quot;selectedOrg&amp;amp;quot;:&amp;amp;quot;silverkeytech&amp;amp;quot;,&amp;amp;quot;selectedOrgId&amp;amp;quot;:109834,&amp;amp;quot;selectedRepo&amp;amp;quot;:&amp;amp;quot;giz-edu-inspection&amp;amp;quot;,&amp;amp;quot;selectedRepoId&amp;amp;quot;:385211344,&amp;amp;quot;issueNumber&amp;amp;quot;:807,&amp;amp;quot;issueHtmlUrl&amp;amp;quot;:&amp;amp;quot;https:\/\/github.com\/silverkeytech\/giz-edu-inspection\/issues\/807&amp;amp;quot;,&amp;amp;quot;issueTitle&amp;amp;quot;:&amp;amp;quot;Fix visits review notification link&amp;amp;quot;}",
                            "style": ""
                        },
                        {
                            "id": "2",
                            "name": "edit",
                            "text": "Edit",
                            "type": "button",
                            "value": "{&amp;amp;quot;selectedOrg&amp;amp;quot;:&amp;amp;quot;silverkeytech&amp;amp;quot;,&amp;amp;quot;selectedOrgId&amp;amp;quot;:109834,&amp;amp;quot;selectedRepo&amp;amp;quot;:&amp;amp;quot;giz-edu-inspection&amp;amp;quot;,&amp;amp;quot;selectedRepoId&amp;amp;quot;:385211344,&amp;amp;quot;issueNumber&amp;amp;quot;:807,&amp;amp;quot;issueHtmlUrl&amp;amp;quot;:&amp;amp;quot;https:\/\/github.com\/silverkeytech\/giz-edu-inspection\/issues\/807&amp;amp;quot;,&amp;amp;quot;issueTitle&amp;amp;quot;:&amp;amp;quot;Fix visits review notification link&amp;amp;quot;}",
                            "style": ""
                        },
                        {
                            "id": "3",
                            "name": "reopen",
                            "text": "Reopen",
                            "type": "button",
                            "value": "{&amp;amp;quot;selectedOrg&amp;amp;quot;:&amp;amp;quot;silverkeytech&amp;amp;quot;,&amp;amp;quot;selectedOrgId&amp;amp;quot;:109834,&amp;amp;quot;selectedRepo&amp;amp;quot;:&amp;amp;quot;giz-edu-inspection&amp;amp;quot;,&amp;amp;quot;selectedRepoId&amp;amp;quot;:385211344,&amp;amp;quot;issueNumber&amp;amp;quot;:807,&amp;amp;quot;issueHtmlUrl&amp;amp;quot;:&amp;amp;quot;https:\/\/github.com\/silverkeytech\/giz-edu-inspection\/issues\/807&amp;amp;quot;,&amp;amp;quot;issueTitle&amp;amp;quot;:&amp;amp;quot;Fix visits review notification link&amp;amp;quot;}",
                            "style": ""
                        }
                    ]
                }
            ],
            "thread_ts": "1688994648.426659",
            "reply_count": 5,
            "reply_users_count": 1,
            "latest_reply": "1691401988.315689",
            "reply_users": [
                "U01UE6SLDMH"
            ],
            "replies": [
                {
                    "user": "U01UE6SLDMH",
                    "ts": "1689277547.564519"
                },
                {
                    "user": "U01UE6SLDMH",
                    "ts": "1689775371.766499"
                },
                {
                    "user": "U01UE6SLDMH",
                    "ts": "1690822895.776589"
                },
                {
                    "user": "U01UE6SLDMH",
                    "ts": "1691396080.562219"
                },
                {
                    "user": "U01UE6SLDMH",
                    "ts": "1691401988.315689"
                }
            ],
            "is_locked": false,
            "subscribed": false
        },
        "app_id": "A01BP7R4KNY",
        "attachments": [
            {
                "id": 1,
                "footer_icon": "https:\/\/slack.github.com\/static\/img\/favicon-neutral.png",
                "ts": 1688994646,
                "color": "36a64f",
                "fallback": "[silverkeytech\/giz-edu-inspection] Issue reopened by RehamAbdelraheemAli",
                "pretext": "Issue reopened by <https:\/\/github.com\/RehamAbdelraheemAli|RehamAbdelraheemAli>",
                "title": "<https:\/\/github.com\/silverkeytech\/giz-edu-inspection\/issues\/807|#807 Fix visits review notification link>",
                "footer": "<https:\/\/github.com\/silverkeytech\/giz-edu-inspection|silverkeytech\/giz-edu-inspection>"
            }
        ]
    },
    {
        "bot_id": "B01U774L6SJ",
        "type": "message",
        "text": "",
        "user": "U01UE6SLDMH",
        "ts": "1689778571.529749",
        "app_id": "A01BP7R4KNY",
        "team": "T03FVM0K8",
        "bot_profile": {
            "id": "B01U774L6SJ",
            "app_id": "A01BP7R4KNY",
            "name": "GitHub",
            "icons": {
                "image_36": "https:\/\/avatars.slack-edge.com\/2020-11-25\/1527503386626_319578f21381f9641cd8_36.png",
                "image_48": "https:\/\/avatars.slack-edge.com\/2020-11-25\/1527503386626_319578f21381f9641cd8_48.png",
                "image_72": "https:\/\/avatars.slack-edge.com\/2020-11-25\/1527503386626_319578f21381f9641cd8_72.png"
            },
            "deleted": false,
            "updated": 1618484049,
            "team_id": "T03FVM0K8"
        },
        "attachments": [
            {
                "id": 1,
                "footer_icon": "https:\/\/slack.github.com\/static\/img\/favicon-neutral.png",
                "color": "24292f",
                "fallback": "[silverkeytech\/giz-edu-inspection] 2 new commits pushed to _main_ by AmrTealeb",
                "text": "`<https:\/\/github.com\/silverkeytech\/giz-edu-inspection\/commit\/cdffe35db65a351c1e44c0582a176ced818aa011|cdffe35d>` - Finish report for teachers shortage\n`<https:\/\/github.com\/silverkeytech\/giz-edu-inspection\/commit\/b237fc10a20e729e3108aa276b9135e95d2673dd|b237fc10>` - Merge branch 'main' of <https:\/\/github.com\/silverkeytech\/giz-edu-inspection>",
                "pretext": "<https:\/\/github.com\/silverkeytech\/giz-edu-inspection\/compare\/415d2a055309...b237fc10a20e|2 new commits> pushed to `<https:\/\/github.com\/silverkeytech\/giz-edu-inspection\/tree\/main|main>` by <https:\/\/github.com\/AmrTealeb|AmrTealeb>",
                "footer": "<https:\/\/github.com\/silverkeytech\/giz-edu-inspection|silverkeytech\/giz-edu-inspection>",
                "mrkdwn_in": [
                    "text"
                ]
            }
        ]
    },
    {
        "bot_id": "B01U774L6SJ",
        "type": "message",
        "text": "",
        "user": "U01UE6SLDMH",
        "ts": "1689780734.959779",
        "app_id": "A01BP7R4KNY",
        "team": "T03FVM0K8",
        "bot_profile": {
            "id": "B01U774L6SJ",
            "app_id": "A01BP7R4KNY",
            "name": "GitHub",
            "icons": {
                "image_36": "https:\/\/avatars.slack-edge.com\/2020-11-25\/1527503386626_319578f21381f9641cd8_36.png",
                "image_48": "https:\/\/avatars.slack-edge.com\/2020-11-25\/1527503386626_319578f21381f9641cd8_48.png",
                "image_72": "https:\/\/avatars.slack-edge.com\/2020-11-25\/1527503386626_319578f21381f9641cd8_72.png"
            },
            "deleted": false,
            "updated": 1618484049,
            "team_id": "T03FVM0K8"
        },
        "attachments": [
            {
                "id": 1,
                "footer_icon": "https:\/\/slack.github.com\/static\/img\/favicon-neutral.png",
                "color": "24292f",
                "fallback": "[silverkeytech\/giz-edu-inspection] 2 new commits pushed to _main_ by Nadaty",
                "text": "`<https:\/\/github.com\/silverkeytech\/giz-edu-inspection\/commit\/1b3b723a2297642ab069a17f7451198c20db7520|1b3b723a>` - fix seeded dynamic report questions choice table\n`<https:\/\/github.com\/silverkeytech\/giz-edu-inspection\/commit\/3173c553f115ff328ad3c31b41b516779af8c31c|3173c553>` - Merge branch 'main' into Nada",
                "pretext": "<https:\/\/github.com\/silverkeytech\/giz-edu-inspection\/compare\/b237fc10a20e...3173c553f115|2 new commits> pushed to `<https:\/\/github.com\/silverkeytech\/giz-edu-inspection\/tree\/main|main>` by <https:\/\/github.com\/Nadaty|Nadaty>",
                "footer": "<https:\/\/github.com\/silverkeytech\/giz-edu-inspection|silverkeytech\/giz-edu-inspection>",
                "mrkdwn_in": [
                    "text"
                ]
            }
        ]
    },
    {
        "bot_id": "B01U774L6SJ",
        "type": "message",
        "text": "",
        "user": "U01UE6SLDMH",
        "ts": "1689781587.313699",
        "app_id": "A01BP7R4KNY",
        "team": "T03FVM0K8",
        "bot_profile": {
            "id": "B01U774L6SJ",
            "app_id": "A01BP7R4KNY",
            "name": "GitHub",
            "icons": {
                "image_36": "https:\/\/avatars.slack-edge.com\/2020-11-25\/1527503386626_319578f21381f9641cd8_36.png",
                "image_48": "https:\/\/avatars.slack-edge.com\/2020-11-25\/1527503386626_319578f21381f9641cd8_48.png",
                "image_72": "https:\/\/avatars.slack-edge.com\/2020-11-25\/1527503386626_319578f21381f9641cd8_72.png"
            },
            "deleted": false,
            "updated": 1618484049,
            "team_id": "T03FVM0K8"
        },
        "edited": {
            "user": "B01U774L6SJ",
            "ts": "1689781719.000000"
        },
        "attachments": [
            {
                "id": 1,
                "footer_icon": "https:\/\/slack.github.com\/static\/img\/favicon-neutral.png",
                "ts": 1689781585,
                "color": "6f42c1",
                "fallback": "[silverkeytech\/giz-edu-inspection] Pull request opened by manarrn",
                "pretext": "Pull request opened by <https:\/\/github.com\/manarrn|manarrn>",
                "title": "<https:\/\/github.com\/silverkeytech\/giz-edu-inspection\/pull\/862|#862 Add Information Indicator for Equipments>",
                "callback_id": "pr-opened-interaction",
                "footer": "<https:\/\/github.com\/silverkeytech\/giz-edu-inspection|silverkeytech\/giz-edu-inspection>",
                "mrkdwn_in": [
                    "text"
                ],
                "actions": [
                    {
                        "id": "1",
                        "name": "comment",
                        "text": "Comment",
                        "type": "button",
                        "value": "{&amp;amp;quot;selectedOrg&amp;amp;quot;:&amp;amp;quot;silverkeytech&amp;amp;quot;,&amp;amp;quot;selectedOrgId&amp;amp;quot;:109834,&amp;amp;quot;selectedRepo&amp;amp;quot;:&amp;amp;quot;giz-edu-inspection&amp;amp;quot;,&amp;amp;quot;selectedRepoId&amp;amp;quot;:385211344,&amp;amp;quot;number&amp;amp;quot;:862,&amp;amp;quot;htmlUrl&amp;amp;quot;:&amp;amp;quot;https:\/\/github.com\/silverkeytech\/giz-edu-inspection\/pull\/862&amp;amp;quot;,&amp;amp;quot;title&amp;amp;quot;:&amp;amp;quot;Add Information Indicator for Equipments&amp;amp;quot;}",
                        "style": ""
                    }
                ]
            },
            {
                "id": 2,
                "color": "28a745",
                "fallback": "All checks have passed",
                "text": ":white_check_mark: All checks have passed",
                "footer": "1\/1 successful checks"
            }
        ],
        "thread_ts": "1689781587.313699",
        "reply_count": 1,
        "reply_users_count": 1,
        "latest_reply": "1689781719.137669",
        "reply_users": [
            "U01UE6SLDMH"
        ],
        "replies": [
            {
                "user": "U01UE6SLDMH",
                "ts": "1689781719.137669"
            }
        ],
        "is_locked": false,
        "subscribed": false
    },
    {
        "bot_id": "B01U774L6SJ",
        "type": "message",
        "text": "",
        "user": "U01UE6SLDMH",
        "ts": "1689781718.714649",
        "app_id": "A01BP7R4KNY",
        "team": "T03FVM0K8",
        "bot_profile": {
            "id": "B01U774L6SJ",
            "app_id": "A01BP7R4KNY",
            "name": "GitHub",
            "icons": {
                "image_36": "https:\/\/avatars.slack-edge.com\/2020-11-25\/1527503386626_319578f21381f9641cd8_36.png",
                "image_48": "https:\/\/avatars.slack-edge.com\/2020-11-25\/1527503386626_319578f21381f9641cd8_48.png",
                "image_72": "https:\/\/avatars.slack-edge.com\/2020-11-25\/1527503386626_319578f21381f9641cd8_72.png"
            },
            "deleted": false,
            "updated": 1618484049,
            "team_id": "T03FVM0K8"
        },
        "attachments": [
            {
                "id": 1,
                "footer_icon": "https:\/\/slack.github.com\/static\/img\/favicon-neutral.png",
                "color": "24292f",
                "fallback": "[silverkeytech\/giz-edu-inspection] 3 new commits pushed to _main_ by manarrn",
                "text": "`<https:\/\/github.com\/silverkeytech\/giz-edu-inspection\/commit\/e76883b27b77045777cf66512526ebfa39723da3|e76883b2>` - information indicator for equipment\n`<https:\/\/github.com\/silverkeytech\/giz-edu-inspection\/commit\/263c1632726c72e506fd307708f28b0a52bf577b|263c1632>` - Merge branch 'main' into manar\n`<https:\/\/github.com\/silverkeytech\/giz-edu-inspection\/commit\/349b77ef31a30f79f4d809c08143db5c8d5fbcff|349b77ef>` - Merge pull request #862 from silverkeytech\/manar",
                "pretext": "<https:\/\/github.com\/silverkeytech\/giz-edu-inspection\/compare\/3173c553f115...349b77ef31a3|3 new commits> pushed to `<https:\/\/github.com\/silverkeytech\/giz-edu-inspection\/tree\/main|main>` by <https:\/\/github.com\/manarrn|manarrn>",
                "footer": "<https:\/\/github.com\/silverkeytech\/giz-edu-inspection|silverkeytech\/giz-edu-inspection>",
                "mrkdwn_in": [
                    "text"
                ]
            }
        ]
    },
    {
        "type": "message",
        "subtype": "thread_broadcast",
        "text": "",
        "bot_id": "B01U774L6SJ",
        "ts": "1689781719.137669",
        "thread_ts": "1689781587.313699",
        "root": {
            "bot_id": "B01U774L6SJ",
            "type": "message",
            "text": "",
            "user": "U01UE6SLDMH",
            "ts": "1689781587.313699",
            "app_id": "A01BP7R4KNY",
            "team": "T03FVM0K8",
            "bot_profile": {
                "id": "B01U774L6SJ",
                "app_id": "A01BP7R4KNY",
                "name": "GitHub",
                "icons": {
                    "image_36": "https:\/\/avatars.slack-edge.com\/2020-11-25\/1527503386626_319578f21381f9641cd8_36.png",
                    "image_48": "https:\/\/avatars.slack-edge.com\/2020-11-25\/1527503386626_319578f21381f9641cd8_48.png",
                    "image_72": "https:\/\/avatars.slack-edge.com\/2020-11-25\/1527503386626_319578f21381f9641cd8_72.png"
                },
                "deleted": false,
                "updated": 1618484049,
                "team_id": "T03FVM0K8"
            },
            "edited": {
                "user": "B01U774L6SJ",
                "ts": "1689781719.000000"
            },
            "attachments": [
                {
                    "id": 1,
                    "footer_icon": "https:\/\/slack.github.com\/static\/img\/favicon-neutral.png",
                    "ts": 1689781585,
                    "color": "6f42c1",
                    "fallback": "[silverkeytech\/giz-edu-inspection] Pull request opened by manarrn",
                    "pretext": "Pull request opened by <https:\/\/github.com\/manarrn|manarrn>",
                    "title": "<https:\/\/github.com\/silverkeytech\/giz-edu-inspection\/pull\/862|#862 Add Information Indicator for Equipments>",
                    "callback_id": "pr-opened-interaction",
                    "footer": "<https:\/\/github.com\/silverkeytech\/giz-edu-inspection|silverkeytech\/giz-edu-inspection>",
                    "mrkdwn_in": [
                        "text"
                    ],
                    "actions": [
                        {
                            "id": "1",
                            "name": "comment",
                            "text": "Comment",
                            "type": "button",
                            "value": "{&amp;amp;quot;selectedOrg&amp;amp;quot;:&amp;amp;quot;silverkeytech&amp;amp;quot;,&amp;amp;quot;selectedOrgId&amp;amp;quot;:109834,&amp;amp;quot;selectedRepo&amp;amp;quot;:&amp;amp;quot;giz-edu-inspection&amp;amp;quot;,&amp;amp;quot;selectedRepoId&amp;amp;quot;:385211344,&amp;amp;quot;number&amp;amp;quot;:862,&amp;amp;quot;htmlUrl&amp;amp;quot;:&amp;amp;quot;https:\/\/github.com\/silverkeytech\/giz-edu-inspection\/pull\/862&amp;amp;quot;,&amp;amp;quot;title&amp;amp;quot;:&amp;amp;quot;Add Information Indicator for Equipments&amp;amp;quot;}",
                            "style": ""
                        }
                    ]
                },
                {
                    "id": 2,
                    "color": "28a745",
                    "fallback": "All checks have passed",
                    "text": ":white_check_mark: All checks have passed",
                    "footer": "1\/1 successful checks"
                }
            ],
            "thread_ts": "1689781587.313699",
            "reply_count": 1,
            "reply_users_count": 1,
            "latest_reply": "1689781719.137669",
            "reply_users": [
                "U01UE6SLDMH"
            ],
            "replies": [
                {
                    "user": "U01UE6SLDMH",
                    "ts": "1689781719.137669"
                }
            ],
            "is_locked": false,
            "subscribed": false
        },
        "app_id": "A01BP7R4KNY",
        "attachments": [
            {
                "id": 1,
                "footer_icon": "https:\/\/slack.github.com\/static\/img\/favicon-neutral.png",
                "ts": 1689781585,
                "color": "6f42c1",
                "fallback": "[silverkeytech\/giz-edu-inspection] Pull request merged by manarrn",
                "pretext": "Pull request merged by <https:\/\/github.com\/manarrn|manarrn>",
                "title": "<https:\/\/github.com\/silverkeytech\/giz-edu-inspection\/pull\/862|#862 Add Information Indicator for Equipments>",
                "footer": "<https:\/\/github.com\/silverkeytech\/giz-edu-inspection|silverkeytech\/giz-edu-inspection>"
            }
        ]
    },
    {
        "type": "message",
        "subtype": "thread_broadcast",
        "text": "",
        "bot_id": "B01U774L6SJ",
        "ts": "1689781719.821469",
        "thread_ts": "1687146182.111929",
        "root": {
            "bot_id": "B01U774L6SJ",
            "type": "message",
            "text": "",
            "user": "U01UE6SLDMH",
            "ts": "1687146182.111929",
            "app_id": "A01BP7R4KNY",
            "team": "T03FVM0K8",
            "bot_profile": {
                "id": "B01U774L6SJ",
                "app_id": "A01BP7R4KNY",
                "name": "GitHub",
                "icons": {
                    "image_36": "https:\/\/avatars.slack-edge.com\/2020-11-25\/1527503386626_319578f21381f9641cd8_36.png",
                    "image_48": "https:\/\/avatars.slack-edge.com\/2020-11-25\/1527503386626_319578f21381f9641cd8_48.png",
                    "image_72": "https:\/\/avatars.slack-edge.com\/2020-11-25\/1527503386626_319578f21381f9641cd8_72.png"
                },
                "deleted": false,
                "updated": 1618484049,
                "team_id": "T03FVM0K8"
            },
            "edited": {
                "user": "B01U774L6SJ",
                "ts": "1689781720.000000"
            },
            "attachments": [
                {
                    "id": 1,
                    "footer_icon": "https:\/\/slack.github.com\/static\/img\/favicon-neutral.png",
                    "ts": 1687146180,
                    "color": "8250df",
                    "fallback": "[silverkeytech\/giz-edu-inspection] Issue opened by Fares4389",
                    "text": "This note should be text note for the schools to explain what should they consider as equipment and what should be a tool.  \nWe don't have the text to be added there yet so for now, only prepare the UI changes so we just copy and paste the text when we have it",
                    "pretext": "Issue created by <https:\/\/github.com\/Fares4389|Fares4389>",
                    "title": "<https:\/\/github.com\/silverkeytech\/giz-edu-inspection\/issues\/775|#775 Add a note to the tools and equipment section, to help the user determine which is a tool or material or equipment>",
                    "callback_id": "issue-opened-interaction",
                    "footer": "<https:\/\/github.com\/silverkeytech\/giz-edu-inspection|silverkeytech\/giz-edu-inspection>",
                    "fields": [
                        {
                            "value": "<https:\/\/github.com\/manarrn|@manarrn>",
                            "title": "Assignees",
                            "short": true
                        },
                        {
                            "value": "<https:\/\/github.com\/silverkeytech\/giz-edu-inspection\/milestone\/2|Week 2 >",
                            "title": "Milestone",
                            "short": true
                        }
                    ],
                    "mrkdwn_in": [
                        "text"
                    ],
                    "actions": [
                        {
                            "id": "1",
                            "name": "comment",
                            "text": "Comment",
                            "type": "button",
                            "value": "{&amp;amp;quot;selectedOrg&amp;amp;quot;:&amp;amp;quot;silverkeytech&amp;amp;quot;,&amp;amp;quot;selectedOrgId&amp;amp;quot;:109834,&amp;amp;quot;selectedRepo&amp;amp;quot;:&amp;amp;quot;giz-edu-inspection&amp;amp;quot;,&amp;amp;quot;selectedRepoId&amp;amp;quot;:385211344,&amp;amp;quot;issueNumber&amp;amp;quot;:775,&amp;amp;quot;issueHtmlUrl&amp;amp;quot;:&amp;amp;quot;https:\/\/github.com\/silverkeytech\/giz-edu-inspection\/issues\/775&amp;amp;quot;,&amp;amp;quot;issueTitle&amp;amp;quot;:&amp;amp;quot;Add a note to the tools and equipment section, to help the user determine which is a tool or material or equipment&amp;amp;quot;}",
                            "style": ""
                        },
                        {
                            "id": "2",
                            "name": "edit",
                            "text": "Edit",
                            "type": "button",
                            "value": "{&amp;amp;quot;selectedOrg&amp;amp;quot;:&amp;amp;quot;silverkeytech&amp;amp;quot;,&amp;amp;quot;selectedOrgId&amp;amp;quot;:109834,&amp;amp;quot;selectedRepo&amp;amp;quot;:&amp;amp;quot;giz-edu-inspection&amp;amp;quot;,&amp;amp;quot;selectedRepoId&amp;amp;quot;:385211344,&amp;amp;quot;issueNumber&amp;amp;quot;:775,&amp;amp;quot;issueHtmlUrl&amp;amp;quot;:&amp;amp;quot;https:\/\/github.com\/silverkeytech\/giz-edu-inspection\/issues\/775&amp;amp;quot;,&amp;amp;quot;issueTitle&amp;amp;quot;:&amp;amp;quot;Add a note to the tools and equipment section, to help the user determine which is a tool or material or equipment&amp;amp;quot;}",
                            "style": ""
                        },
                        {
                            "id": "3",
                            "name": "reopen",
                            "text": "Reopen",
                            "type": "button",
                            "value": "{&amp;amp;quot;selectedOrg&amp;amp;quot;:&amp;amp;quot;silverkeytech&amp;amp;quot;,&amp;amp;quot;selectedOrgId&amp;amp;quot;:109834,&amp;amp;quot;selectedRepo&amp;amp;quot;:&amp;amp;quot;giz-edu-inspection&amp;amp;quot;,&amp;amp;quot;selectedRepoId&amp;amp;quot;:385211344,&amp;amp;quot;issueNumber&amp;amp;quot;:775,&amp;amp;quot;issueHtmlUrl&amp;amp;quot;:&amp;amp;quot;https:\/\/github.com\/silverkeytech\/giz-edu-inspection\/issues\/775&amp;amp;quot;,&amp;amp;quot;issueTitle&amp;amp;quot;:&amp;amp;quot;Add a note to the tools and equipment section, to help the user determine which is a tool or material or equipment&amp;amp;quot;}",
                            "style": ""
                        }
                    ]
                }
            ],
            "thread_ts": "1687146182.111929",
            "reply_count": 1,
            "reply_users_count": 1,
            "latest_reply": "1689781719.821469",
            "reply_users": [
                "U01UE6SLDMH"
            ],
            "replies": [
                {
                    "user": "U01UE6SLDMH",
                    "ts": "1689781719.821469"
                }
            ],
            "is_locked": false,
            "subscribed": false
        },
        "app_id": "A01BP7R4KNY",
        "attachments": [
            {
                "id": 1,
                "footer_icon": "https:\/\/slack.github.com\/static\/img\/favicon-neutral.png",
                "ts": 1687146180,
                "color": "8250df",
                "fallback": "[silverkeytech\/giz-edu-inspection] Issue closed as completed by manarrn",
                "pretext": "Issue closed as completed by <https:\/\/github.com\/manarrn|manarrn>",
                "title": "<https:\/\/github.com\/silverkeytech\/giz-edu-inspection\/issues\/775|#775 Add a note to the tools and equipment section, to help the user determine which is a tool or material or equipment>",
                "footer": "<https:\/\/github.com\/silverkeytech\/giz-edu-inspection|silverkeytech\/giz-edu-inspection>"
            }
        ]
    },
    {
        "bot_id": "B01U774L6SJ",
        "type": "message",
        "text": "",
        "user": "U01UE6SLDMH",
        "ts": "1689786517.786619",
        "app_id": "A01BP7R4KNY",
        "team": "T03FVM0K8",
        "bot_profile": {
            "id": "B01U774L6SJ",
            "app_id": "A01BP7R4KNY",
            "name": "GitHub",
            "icons": {
                "image_36": "https:\/\/avatars.slack-edge.com\/2020-11-25\/1527503386626_319578f21381f9641cd8_36.png",
                "image_48": "https:\/\/avatars.slack-edge.com\/2020-11-25\/1527503386626_319578f21381f9641cd8_48.png",
                "image_72": "https:\/\/avatars.slack-edge.com\/2020-11-25\/1527503386626_319578f21381f9641cd8_72.png"
            },
            "deleted": false,
            "updated": 1618484049,
            "team_id": "T03FVM0K8"
        },
        "edited": {
            "user": "B01U774L6SJ",
            "ts": "1689786634.000000"
        },
        "attachments": [
            {
                "id": 1,
                "footer_icon": "https:\/\/slack.github.com\/static\/img\/favicon-neutral.png",
                "ts": 1689786513,
                "color": "6f42c1",
                "fallback": "[silverkeytech\/giz-edu-inspection] Pull request opened by manarrn",
                "pretext": "Pull request opened by <https:\/\/github.com\/manarrn|manarrn>",
                "title": "<https:\/\/github.com\/silverkeytech\/giz-edu-inspection\/pull\/863|#863 Add School Buildings to School Details>",
                "callback_id": "pr-opened-interaction",
                "footer": "<https:\/\/github.com\/silverkeytech\/giz-edu-inspection|silverkeytech\/giz-edu-inspection>",
                "mrkdwn_in": [
                    "text"
                ],
                "actions": [
                    {
                        "id": "1",
                        "name": "comment",
                        "text": "Comment",
                        "type": "button",
                        "value": "{&amp;amp;quot;selectedOrg&amp;amp;quot;:&amp;amp;quot;silverkeytech&amp;amp;quot;,&amp;amp;quot;selectedOrgId&amp;amp;quot;:109834,&amp;amp;quot;selectedRepo&amp;amp;quot;:&amp;amp;quot;giz-edu-inspection&amp;amp;quot;,&amp;amp;quot;selectedRepoId&amp;amp;quot;:385211344,&amp;amp;quot;number&amp;amp;quot;:863,&amp;amp;quot;htmlUrl&amp;amp;quot;:&amp;amp;quot;https:\/\/github.com\/silverkeytech\/giz-edu-inspection\/pull\/863&amp;amp;quot;,&amp;amp;quot;title&amp;amp;quot;:&amp;amp;quot;Add School Buildings to School Details&amp;amp;quot;}",
                        "style": ""
                    }
                ]
            },
            {
                "id": 2,
                "color": "28a745",
                "fallback": "All checks have passed",
                "text": ":white_check_mark: All checks have passed",
                "footer": "1\/1 successful checks"
            }
        ],
        "thread_ts": "1689786517.786619",
        "reply_count": 1,
        "reply_users_count": 1,
        "latest_reply": "1689786634.463429",
        "reply_users": [
            "U01UE6SLDMH"
        ],
        "replies": [
            {
                "user": "U01UE6SLDMH",
                "ts": "1689786634.463429"
            }
        ],
        "is_locked": false,
        "subscribed": false
    },
    {
        "type": "message",
        "subtype": "thread_broadcast",
        "text": "",
        "bot_id": "B01U774L6SJ",
        "ts": "1689786634.463429",
        "thread_ts": "1689786517.786619",
        "root": {
            "bot_id": "B01U774L6SJ",
            "type": "message",
            "text": "",
            "user": "U01UE6SLDMH",
            "ts": "1689786517.786619",
            "app_id": "A01BP7R4KNY",
            "team": "T03FVM0K8",
            "bot_profile": {
                "id": "B01U774L6SJ",
                "app_id": "A01BP7R4KNY",
                "name": "GitHub",
                "icons": {
                    "image_36": "https:\/\/avatars.slack-edge.com\/2020-11-25\/1527503386626_319578f21381f9641cd8_36.png",
                    "image_48": "https:\/\/avatars.slack-edge.com\/2020-11-25\/1527503386626_319578f21381f9641cd8_48.png",
                    "image_72": "https:\/\/avatars.slack-edge.com\/2020-11-25\/1527503386626_319578f21381f9641cd8_72.png"
                },
                "deleted": false,
                "updated": 1618484049,
                "team_id": "T03FVM0K8"
            },
            "edited": {
                "user": "B01U774L6SJ",
                "ts": "1689786634.000000"
            },
            "attachments": [
                {
                    "id": 1,
                    "footer_icon": "https:\/\/slack.github.com\/static\/img\/favicon-neutral.png",
                    "ts": 1689786513,
                    "color": "6f42c1",
                    "fallback": "[silverkeytech\/giz-edu-inspection] Pull request opened by manarrn",
                    "pretext": "Pull request opened by <https:\/\/github.com\/manarrn|manarrn>",
                    "title": "<https:\/\/github.com\/silverkeytech\/giz-edu-inspection\/pull\/863|#863 Add School Buildings to School Details>",
                    "callback_id": "pr-opened-interaction",
                    "footer": "<https:\/\/github.com\/silverkeytech\/giz-edu-inspection|silverkeytech\/giz-edu-inspection>",
                    "mrkdwn_in": [
                        "text"
                    ],
                    "actions": [
                        {
                            "id": "1",
                            "name": "comment",
                            "text": "Comment",
                            "type": "button",
                            "value": "{&amp;amp;quot;selectedOrg&amp;amp;quot;:&amp;amp;quot;silverkeytech&amp;amp;quot;,&amp;amp;quot;selectedOrgId&amp;amp;quot;:109834,&amp;amp;quot;selectedRepo&amp;amp;quot;:&amp;amp;quot;giz-edu-inspection&amp;amp;quot;,&amp;amp;quot;selectedRepoId&amp;amp;quot;:385211344,&amp;amp;quot;number&amp;amp;quot;:863,&amp;amp;quot;htmlUrl&amp;amp;quot;:&amp;amp;quot;https:\/\/github.com\/silverkeytech\/giz-edu-inspection\/pull\/863&amp;amp;quot;,&amp;amp;quot;title&amp;amp;quot;:&amp;amp;quot;Add School Buildings to School Details&amp;amp;quot;}",
                            "style": ""
                        }
                    ]
                },
                {
                    "id": 2,
                    "color": "28a745",
                    "fallback": "All checks have passed",
                    "text": ":white_check_mark: All checks have passed",
                    "footer": "1\/1 successful checks"
                }
            ],
            "thread_ts": "1689786517.786619",
            "reply_count": 1,
            "reply_users_count": 1,
            "latest_reply": "1689786634.463429",
            "reply_users": [
                "U01UE6SLDMH"
            ],
            "replies": [
                {
                    "user": "U01UE6SLDMH",
                    "ts": "1689786634.463429"
                }
            ],
            "is_locked": false,
            "subscribed": false
        },
        "app_id": "A01BP7R4KNY",
        "attachments": [
            {
                "id": 1,
                "footer_icon": "https:\/\/slack.github.com\/static\/img\/favicon-neutral.png",
                "ts": 1689786513,
                "color": "6f42c1",
                "fallback": "[silverkeytech\/giz-edu-inspection] Pull request merged by manarrn",
                "pretext": "Pull request merged by <https:\/\/github.com\/manarrn|manarrn>",
                "title": "<https:\/\/github.com\/silverkeytech\/giz-edu-inspection\/pull\/863|#863 Add School Buildings to School Details>",
                "footer": "<https:\/\/github.com\/silverkeytech\/giz-edu-inspection|silverkeytech\/giz-edu-inspection>"
            }
        ]
    },
    {
        "bot_id": "B01U774L6SJ",
        "type": "message",
        "text": "",
        "user": "U01UE6SLDMH",
        "ts": "1689786634.784709",
        "app_id": "A01BP7R4KNY",
        "team": "T03FVM0K8",
        "bot_profile": {
            "id": "B01U774L6SJ",
            "app_id": "A01BP7R4KNY",
            "name": "GitHub",
            "icons": {
                "image_36": "https:\/\/avatars.slack-edge.com\/2020-11-25\/1527503386626_319578f21381f9641cd8_36.png",
                "image_48": "https:\/\/avatars.slack-edge.com\/2020-11-25\/1527503386626_319578f21381f9641cd8_48.png",
                "image_72": "https:\/\/avatars.slack-edge.com\/2020-11-25\/1527503386626_319578f21381f9641cd8_72.png"
            },
            "deleted": false,
            "updated": 1618484049,
            "team_id": "T03FVM0K8"
        },
        "attachments": [
            {
                "id": 1,
                "footer_icon": "https:\/\/slack.github.com\/static\/img\/favicon-neutral.png",
                "color": "24292f",
                "fallback": "[silverkeytech\/giz-edu-inspection] 2 new commits pushed to _main_ by manarrn",
                "text": "`<https:\/\/github.com\/silverkeytech\/giz-edu-inspection\/commit\/4a64e3bd6631d01cde1871a714dbfcd8476a0659|4a64e3bd>` - add school buildings table\n`<https:\/\/github.com\/silverkeytech\/giz-edu-inspection\/commit\/9ae851b00a7b09db38a0338c1659091c5530b128|9ae851b0>` - Merge pull request #863 from silverkeytech\/manar",
                "pretext": "<https:\/\/github.com\/silverkeytech\/giz-edu-inspection\/compare\/349b77ef31a3...9ae851b00a7b|2 new commits> pushed to `<https:\/\/github.com\/silverkeytech\/giz-edu-inspection\/tree\/main|main>` by <https:\/\/github.com\/manarrn|manarrn>",
                "footer": "<https:\/\/github.com\/silverkeytech\/giz-edu-inspection|silverkeytech\/giz-edu-inspection>",
                "mrkdwn_in": [
                    "text"
                ]
            }
        ]
    },
    {
        "bot_id": "B01U774L6SJ",
        "type": "message",
        "text": "",
        "user": "U01UE6SLDMH",
        "ts": "1689796945.708679",
        "app_id": "A01BP7R4KNY",
        "team": "T03FVM0K8",
        "bot_profile": {
            "id": "B01U774L6SJ",
            "app_id": "A01BP7R4KNY",
            "name": "GitHub",
            "icons": {
                "image_36": "https:\/\/avatars.slack-edge.com\/2020-11-25\/1527503386626_319578f21381f9641cd8_36.png",
                "image_48": "https:\/\/avatars.slack-edge.com\/2020-11-25\/1527503386626_319578f21381f9641cd8_48.png",
                "image_72": "https:\/\/avatars.slack-edge.com\/2020-11-25\/1527503386626_319578f21381f9641cd8_72.png"
            },
            "deleted": false,
            "updated": 1618484049,
            "team_id": "T03FVM0K8"
        },
        "edited": {
            "user": "B01U774L6SJ",
            "ts": "1689797054.000000"
        },
        "attachments": [
            {
                "id": 1,
                "footer_icon": "https:\/\/slack.github.com\/static\/img\/favicon-neutral.png",
                "ts": 1689796939,
                "color": "6f42c1",
                "fallback": "[silverkeytech\/giz-edu-inspection] Pull request opened by YomnaTarekRagab",
                "pretext": "Pull request opened by <https:\/\/github.com\/YomnaTarekRagab|YomnaTarekRagab>",
                "title": "<https:\/\/github.com\/silverkeytech\/giz-edu-inspection\/pull\/864|#864 Updated Absenteeism Report>",
                "callback_id": "pr-opened-interaction",
                "footer": "<https:\/\/github.com\/silverkeytech\/giz-edu-inspection|silverkeytech\/giz-edu-inspection>",
                "mrkdwn_in": [
                    "text"
                ],
                "actions": [
                    {
                        "id": "1",
                        "name": "comment",
                        "text": "Comment",
                        "type": "button",
                        "value": "{&amp;amp;quot;selectedOrg&amp;amp;quot;:&amp;amp;quot;silverkeytech&amp;amp;quot;,&amp;amp;quot;selectedOrgId&amp;amp;quot;:109834,&amp;amp;quot;selectedRepo&amp;amp;quot;:&amp;amp;quot;giz-edu-inspection&amp;amp;quot;,&amp;amp;quot;selectedRepoId&amp;amp;quot;:385211344,&amp;amp;quot;number&amp;amp;quot;:864,&amp;amp;quot;htmlUrl&amp;amp;quot;:&amp;amp;quot;https:\/\/github.com\/silverkeytech\/giz-edu-inspection\/pull\/864&amp;amp;quot;,&amp;amp;quot;title&amp;amp;quot;:&amp;amp;quot;Updated Absenteeism Report&amp;amp;quot;}",
                        "style": ""
                    }
                ]
            },
            {
                "id": 2,
                "color": "28a745",
                "fallback": "All checks have passed",
                "text": ":white_check_mark: All checks have passed",
                "footer": "1\/1 successful checks"
            }
        ],
        "thread_ts": "1689796945.708679",
        "reply_count": 1,
        "reply_users_count": 1,
        "latest_reply": "1689797054.017079",
        "reply_users": [
            "U01UE6SLDMH"
        ],
        "replies": [
            {
                "user": "U01UE6SLDMH",
                "ts": "1689797054.017079"
            }
        ],
        "is_locked": false,
        "subscribed": false
    },
    {
        "bot_id": "B01U774L6SJ",
        "type": "message",
        "text": "",
        "user": "U01UE6SLDMH",
        "ts": "1689797053.909309",
        "app_id": "A01BP7R4KNY",
        "team": "T03FVM0K8",
        "bot_profile": {
            "id": "B01U774L6SJ",
            "app_id": "A01BP7R4KNY",
            "name": "GitHub",
            "icons": {
                "image_36": "https:\/\/avatars.slack-edge.com\/2020-11-25\/1527503386626_319578f21381f9641cd8_36.png",
                "image_48": "https:\/\/avatars.slack-edge.com\/2020-11-25\/1527503386626_319578f21381f9641cd8_48.png",
                "image_72": "https:\/\/avatars.slack-edge.com\/2020-11-25\/1527503386626_319578f21381f9641cd8_72.png"
            },
            "deleted": false,
            "updated": 1618484049,
            "team_id": "T03FVM0K8"
        },
        "attachments": [
            {
                "id": 1,
                "footer_icon": "https:\/\/slack.github.com\/static\/img\/favicon-neutral.png",
                "color": "24292f",
                "fallback": "[silverkeytech\/giz-edu-inspection] 13 new commits pushed to _main_ by YomnaTarekRagab",
                "text": "`<https:\/\/github.com\/silverkeytech\/giz-edu-inspection\/commit\/8976f5a2c98024cd585f3a0a1f7ae61194680f1a|8976f5a2>` - Added new migration 255\n`<https:\/\/github.com\/silverkeytech\/giz-edu-inspection\/commit\/c4dc5b6390484050e4a3fe5afa295eab8bfe3bb6|c4dc5b63>` - Merge branch 'main' into Yomna\n`<https:\/\/github.com\/silverkeytech\/giz-edu-inspection\/commit\/dc95abfa0d4e848ddd170b6e0fc34ec0e834ffd7|dc95abfa>` - Merge branch 'main' into Yomna\n`<https:\/\/github.com\/silverkeytech\/giz-edu-inspection\/commit\/b6f7032616b8000e9a5b77320afb25e3e451c427|b6f70326>` - Merge branch 'main' into Yomna\n`<https:\/\/github.com\/silverkeytech\/giz-edu-inspection\/commit\/cf7145d94b40132e14a3e18827d4f4e54867fc8b|cf7145d9>` - Updated LLBL\n`<https:\/\/github.com\/silverkeytech\/giz-edu-inspection\/commit\/8beefd47112f7253f0aa0eac7d0ebad0868be1c0|8beefd47>` - Updated absenteeism history APIs\n`<https:\/\/github.com\/silverkeytech\/giz-edu-inspection\/commit\/991f17683c407d2c7fd4107a55fa8cfb5a47d705|991f1768>` - Update Absenteeism APIs\n`<https:\/\/github.com\/silverkeytech\/giz-edu-inspection\/commit\/315f9d456d5b19d1f12c658f14de72e7e0a60664|315f9d45>` - Generate lookupApi\n`<https:\/\/github.com\/silverkeytech\/giz-edu-inspection\/commit\/748e2b121d1933dc6c0042d14fce3a9445074dfe|748e2b12>` - Added localization\n`<https:\/\/github.com\/silverkeytech\/giz-edu-inspection\/commit\/33aad61c45ccaf63805420eace73ecde2b02755f|33aad61c>` - Remove absenteeism form and table from school ratio\n`<https:\/\/github.com\/silverkeytech\/giz-edu-inspection\/commit\/6882b43bebe8984db3aa58b87e1d72a7442f5add|6882b43b>` - Add absenteeism form and table in SchoolAbsenteeism\n`<https:\/\/github.com\/silverkeytech\/giz-edu-inspection\/commit\/6df690d035bb05e43080b55fb53249e6d0fa8b26|6df690d0>` - Added updated absenteeism table in inspection\n`<https:\/\/github.com\/silverkeytech\/giz-edu-inspection\/commit\/6c1b6e4ca623d43fbbf98c0de320ecb5c32a586c|6c1b6e4c>` - Merge pull request #864 from silverkeytech\/Yomna",
                "pretext": "<https:\/\/github.com\/silverkeytech\/giz-edu-inspection\/compare\/9ae851b00a7b...6c1b6e4ca623|13 new commits> pushed to `<https:\/\/github.com\/silverkeytech\/giz-edu-inspection\/tree\/main|main>` by <https:\/\/github.com\/YomnaTarekRagab|YomnaTarekRagab>",
                "footer": "<https:\/\/github.com\/silverkeytech\/giz-edu-inspection|silverkeytech\/giz-edu-inspection>",
                "mrkdwn_in": [
                    "text"
                ]
            }
        ]
    },
    {
        "bot_id": "B01U774L6SJ",
        "type": "message",
        "text": "",
        "user": "U01UE6SLDMH",
        "ts": "1689797054.002229",
        "app_id": "A01BP7R4KNY",
        "team": "T03FVM0K8",
        "bot_profile": {
            "id": "B01U774L6SJ",
            "app_id": "A01BP7R4KNY",
            "name": "GitHub",
            "icons": {
                "image_36": "https:\/\/avatars.slack-edge.com\/2020-11-25\/1527503386626_319578f21381f9641cd8_36.png",
                "image_48": "https:\/\/avatars.slack-edge.com\/2020-11-25\/1527503386626_319578f21381f9641cd8_48.png",
                "image_72": "https:\/\/avatars.slack-edge.com\/2020-11-25\/1527503386626_319578f21381f9641cd8_72.png"
            },
            "deleted": false,
            "updated": 1618484049,
            "team_id": "T03FVM0K8"
        },
        "attachments": [
            {
                "id": 1,
                "footer_icon": "https:\/\/slack.github.com\/static\/img\/favicon-neutral.png",
                "color": "24292f",
                "fallback": "[silverkeytech\/giz-edu-inspection] 13 new commits pushed to _main_ by YomnaTarekRagab",
                "text": "`<https:\/\/github.com\/silverkeytech\/giz-edu-inspection\/commit\/8976f5a2c98024cd585f3a0a1f7ae61194680f1a|8976f5a2>` - Added new migration 255\n`<https:\/\/github.com\/silverkeytech\/giz-edu-inspection\/commit\/c4dc5b6390484050e4a3fe5afa295eab8bfe3bb6|c4dc5b63>` - Merge branch 'main' into Yomna\n`<https:\/\/github.com\/silverkeytech\/giz-edu-inspection\/commit\/dc95abfa0d4e848ddd170b6e0fc34ec0e834ffd7|dc95abfa>` - Merge branch 'main' into Yomna\n`<https:\/\/github.com\/silverkeytech\/giz-edu-inspection\/commit\/b6f7032616b8000e9a5b77320afb25e3e451c427|b6f70326>` - Merge branch 'main' into Yomna\n`<https:\/\/github.com\/silverkeytech\/giz-edu-inspection\/commit\/cf7145d94b40132e14a3e18827d4f4e54867fc8b|cf7145d9>` - Updated LLBL\n`<https:\/\/github.com\/silverkeytech\/giz-edu-inspection\/commit\/8beefd47112f7253f0aa0eac7d0ebad0868be1c0|8beefd47>` - Updated absenteeism history APIs\n`<https:\/\/github.com\/silverkeytech\/giz-edu-inspection\/commit\/991f17683c407d2c7fd4107a55fa8cfb5a47d705|991f1768>` - Update Absenteeism APIs\n`<https:\/\/github.com\/silverkeytech\/giz-edu-inspection\/commit\/315f9d456d5b19d1f12c658f14de72e7e0a60664|315f9d45>` - Generate lookupApi\n`<https:\/\/github.com\/silverkeytech\/giz-edu-inspection\/commit\/748e2b121d1933dc6c0042d14fce3a9445074dfe|748e2b12>` - Added localization\n`<https:\/\/github.com\/silverkeytech\/giz-edu-inspection\/commit\/33aad61c45ccaf63805420eace73ecde2b02755f|33aad61c>` - Remove absenteeism form and table from school ratio\n`<https:\/\/github.com\/silverkeytech\/giz-edu-inspection\/commit\/6882b43bebe8984db3aa58b87e1d72a7442f5add|6882b43b>` - Add absenteeism form and table in SchoolAbsenteeism\n`<https:\/\/github.com\/silverkeytech\/giz-edu-inspection\/commit\/6df690d035bb05e43080b55fb53249e6d0fa8b26|6df690d0>` - Added updated absenteeism table in inspection\n`<https:\/\/github.com\/silverkeytech\/giz-edu-inspection\/commit\/6c1b6e4ca623d43fbbf98c0de320ecb5c32a586c|6c1b6e4c>` - Merge pull request #864 from silverkeytech\/Yomna",
                "pretext": "<https:\/\/github.com\/silverkeytech\/giz-edu-inspection\/compare\/9ae851b00a7b...6c1b6e4ca623|13 new commits> pushed to `<https:\/\/github.com\/silverkeytech\/giz-edu-inspection\/tree\/main|main>` by <https:\/\/github.com\/YomnaTarekRagab|YomnaTarekRagab>",
                "footer": "<https:\/\/github.com\/silverkeytech\/giz-edu-inspection|silverkeytech\/giz-edu-inspection>",
                "mrkdwn_in": [
                    "text"
                ]
            }
        ]
    },
    {
        "type": "message",
        "subtype": "thread_broadcast",
        "text": "",
        "bot_id": "B01U774L6SJ",
        "ts": "1689797054.017079",
        "thread_ts": "1689796945.708679",
        "root": {
            "bot_id": "B01U774L6SJ",
            "type": "message",
            "text": "",
            "user": "U01UE6SLDMH",
            "ts": "1689796945.708679",
            "app_id": "A01BP7R4KNY",
            "team": "T03FVM0K8",
            "bot_profile": {
                "id": "B01U774L6SJ",
                "app_id": "A01BP7R4KNY",
                "name": "GitHub",
                "icons": {
                    "image_36": "https:\/\/avatars.slack-edge.com\/2020-11-25\/1527503386626_319578f21381f9641cd8_36.png",
                    "image_48": "https:\/\/avatars.slack-edge.com\/2020-11-25\/1527503386626_319578f21381f9641cd8_48.png",
                    "image_72": "https:\/\/avatars.slack-edge.com\/2020-11-25\/1527503386626_319578f21381f9641cd8_72.png"
                },
                "deleted": false,
                "updated": 1618484049,
                "team_id": "T03FVM0K8"
            },
            "edited": {
                "user": "B01U774L6SJ",
                "ts": "1689797054.000000"
            },
            "attachments": [
                {
                    "id": 1,
                    "footer_icon": "https:\/\/slack.github.com\/static\/img\/favicon-neutral.png",
                    "ts": 1689796939,
                    "color": "6f42c1",
                    "fallback": "[silverkeytech\/giz-edu-inspection] Pull request opened by YomnaTarekRagab",
                    "pretext": "Pull request opened by <https:\/\/github.com\/YomnaTarekRagab|YomnaTarekRagab>",
                    "title": "<https:\/\/github.com\/silverkeytech\/giz-edu-inspection\/pull\/864|#864 Updated Absenteeism Report>",
                    "callback_id": "pr-opened-interaction",
                    "footer": "<https:\/\/github.com\/silverkeytech\/giz-edu-inspection|silverkeytech\/giz-edu-inspection>",
                    "mrkdwn_in": [
                        "text"
                    ],
                    "actions": [
                        {
                            "id": "1",
                            "name": "comment",
                            "text": "Comment",
                            "type": "button",
                            "value": "{&amp;amp;quot;selectedOrg&amp;amp;quot;:&amp;amp;quot;silverkeytech&amp;amp;quot;,&amp;amp;quot;selectedOrgId&amp;amp;quot;:109834,&amp;amp;quot;selectedRepo&amp;amp;quot;:&amp;amp;quot;giz-edu-inspection&amp;amp;quot;,&amp;amp;quot;selectedRepoId&amp;amp;quot;:385211344,&amp;amp;quot;number&amp;amp;quot;:864,&amp;amp;quot;htmlUrl&amp;amp;quot;:&amp;amp;quot;https:\/\/github.com\/silverkeytech\/giz-edu-inspection\/pull\/864&amp;amp;quot;,&amp;amp;quot;title&amp;amp;quot;:&amp;amp;quot;Updated Absenteeism Report&amp;amp;quot;}",
                            "style": ""
                        }
                    ]
                },
                {
                    "id": 2,
                    "color": "28a745",
                    "fallback": "All checks have passed",
                    "text": ":white_check_mark: All checks have passed",
                    "footer": "1\/1 successful checks"
                }
            ],
            "thread_ts": "1689796945.708679",
            "reply_count": 1,
            "reply_users_count": 1,
            "latest_reply": "1689797054.017079",
            "reply_users": [
                "U01UE6SLDMH"
            ],
            "replies": [
                {
                    "user": "U01UE6SLDMH",
                    "ts": "1689797054.017079"
                }
            ],
            "is_locked": false,
            "subscribed": false
        },
        "app_id": "A01BP7R4KNY",
        "attachments": [
            {
                "id": 1,
                "footer_icon": "https:\/\/slack.github.com\/static\/img\/favicon-neutral.png",
                "ts": 1689796939,
                "color": "6f42c1",
                "fallback": "[silverkeytech\/giz-edu-inspection] Pull request merged by YomnaTarekRagab",
                "pretext": "Pull request merged by <https:\/\/github.com\/YomnaTarekRagab|YomnaTarekRagab>",
                "title": "<https:\/\/github.com\/silverkeytech\/giz-edu-inspection\/pull\/864|#864 Updated Absenteeism Report>",
                "footer": "<https:\/\/github.com\/silverkeytech\/giz-edu-inspection|silverkeytech\/giz-edu-inspection>"
            }
        ]
    },
    {
        "bot_id": "B01U774L6SJ",
        "type": "message",
        "text": "",
        "user": "U01UE6SLDMH",
        "ts": "1689822399.626379",
        "app_id": "A01BP7R4KNY",
        "team": "T03FVM0K8",
        "bot_profile": {
            "id": "B01U774L6SJ",
            "app_id": "A01BP7R4KNY",
            "name": "GitHub",
            "icons": {
                "image_36": "https:\/\/avatars.slack-edge.com\/2020-11-25\/1527503386626_319578f21381f9641cd8_36.png",
                "image_48": "https:\/\/avatars.slack-edge.com\/2020-11-25\/1527503386626_319578f21381f9641cd8_48.png",
                "image_72": "https:\/\/avatars.slack-edge.com\/2020-11-25\/1527503386626_319578f21381f9641cd8_72.png"
            },
            "deleted": false,
            "updated": 1618484049,
            "team_id": "T03FVM0K8"
        },
        "edited": {
            "user": "B01U774L6SJ",
            "ts": "1689822579.000000"
        },
        "attachments": [
            {
                "id": 1,
                "footer_icon": "https:\/\/slack.github.com\/static\/img\/favicon-neutral.png",
                "ts": 1689822397,
                "color": "6f42c1",
                "fallback": "[silverkeytech\/giz-edu-inspection] Pull request opened by RehamAbdelraheemAli",
                "pretext": "Pull request opened by <https:\/\/github.com\/RehamAbdelraheemAli|RehamAbdelraheemAli>",
                "title": "<https:\/\/github.com\/silverkeytech\/giz-edu-inspection\/pull\/866|#866 Reham abdelraheem>",
                "callback_id": "pr-opened-interaction",
                "footer": "<https:\/\/github.com\/silverkeytech\/giz-edu-inspection|silverkeytech\/giz-edu-inspection>",
                "mrkdwn_in": [
                    "text"
                ],
                "actions": [
                    {
                        "id": "1",
                        "name": "comment",
                        "text": "Comment",
                        "type": "button",
                        "value": "{&amp;amp;quot;selectedOrg&amp;amp;quot;:&amp;amp;quot;silverkeytech&amp;amp;quot;,&amp;amp;quot;selectedOrgId&amp;amp;quot;:109834,&amp;amp;quot;selectedRepo&amp;amp;quot;:&amp;amp;quot;giz-edu-inspection&amp;amp;quot;,&amp;amp;quot;selectedRepoId&amp;amp;quot;:385211344,&amp;amp;quot;number&amp;amp;quot;:866,&amp;amp;quot;htmlUrl&amp;amp;quot;:&amp;amp;quot;https:\/\/github.com\/silverkeytech\/giz-edu-inspection\/pull\/866&amp;amp;quot;,&amp;amp;quot;title&amp;amp;quot;:&amp;amp;quot;Reham abdelraheem&amp;amp;quot;}",
                        "style": ""
                    }
                ]
            },
            {
                "id": 2,
                "color": "28a745",
                "fallback": "All checks have passed",
                "text": ":white_check_mark: All checks have passed",
                "footer": "1\/1 successful checks"
            }
        ],
        "thread_ts": "1689822399.626379",
        "reply_count": 1,
        "reply_users_count": 1,
        "latest_reply": "1689822579.015149",
        "reply_users": [
            "U01UE6SLDMH"
        ],
        "replies": [
            {
                "user": "U01UE6SLDMH",
                "ts": "1689822579.015149"
            }
        ],
        "is_locked": false,
        "subscribed": false
    },
    {
        "type": "message",
        "subtype": "thread_broadcast",
        "text": "",
        "bot_id": "B01U774L6SJ",
        "ts": "1689822579.015149",
        "thread_ts": "1689822399.626379",
        "root": {
            "bot_id": "B01U774L6SJ",
            "type": "message",
            "text": "",
            "user": "U01UE6SLDMH",
            "ts": "1689822399.626379",
            "app_id": "A01BP7R4KNY",
            "team": "T03FVM0K8",
            "bot_profile": {
                "id": "B01U774L6SJ",
                "app_id": "A01BP7R4KNY",
                "name": "GitHub",
                "icons": {
                    "image_36": "https:\/\/avatars.slack-edge.com\/2020-11-25\/1527503386626_319578f21381f9641cd8_36.png",
                    "image_48": "https:\/\/avatars.slack-edge.com\/2020-11-25\/1527503386626_319578f21381f9641cd8_48.png",
                    "image_72": "https:\/\/avatars.slack-edge.com\/2020-11-25\/1527503386626_319578f21381f9641cd8_72.png"
                },
                "deleted": false,
                "updated": 1618484049,
                "team_id": "T03FVM0K8"
            },
            "edited": {
                "user": "B01U774L6SJ",
                "ts": "1689822579.000000"
            },
            "attachments": [
                {
                    "id": 1,
                    "footer_icon": "https:\/\/slack.github.com\/static\/img\/favicon-neutral.png",
                    "ts": 1689822397,
                    "color": "6f42c1",
                    "fallback": "[silverkeytech\/giz-edu-inspection] Pull request opened by RehamAbdelraheemAli",
                    "pretext": "Pull request opened by <https:\/\/github.com\/RehamAbdelraheemAli|RehamAbdelraheemAli>",
                    "title": "<https:\/\/github.com\/silverkeytech\/giz-edu-inspection\/pull\/866|#866 Reham abdelraheem>",
                    "callback_id": "pr-opened-interaction",
                    "footer": "<https:\/\/github.com\/silverkeytech\/giz-edu-inspection|silverkeytech\/giz-edu-inspection>",
                    "mrkdwn_in": [
                        "text"
                    ],
                    "actions": [
                        {
                            "id": "1",
                            "name": "comment",
                            "text": "Comment",
                            "type": "button",
                            "value": "{&amp;amp;quot;selectedOrg&amp;amp;quot;:&amp;amp;quot;silverkeytech&amp;amp;quot;,&amp;amp;quot;selectedOrgId&amp;amp;quot;:109834,&amp;amp;quot;selectedRepo&amp;amp;quot;:&amp;amp;quot;giz-edu-inspection&amp;amp;quot;,&amp;amp;quot;selectedRepoId&amp;amp;quot;:385211344,&amp;amp;quot;number&amp;amp;quot;:866,&amp;amp;quot;htmlUrl&amp;amp;quot;:&amp;amp;quot;https:\/\/github.com\/silverkeytech\/giz-edu-inspection\/pull\/866&amp;amp;quot;,&amp;amp;quot;title&amp;amp;quot;:&amp;amp;quot;Reham abdelraheem&amp;amp;quot;}",
                            "style": ""
                        }
                    ]
                },
                {
                    "id": 2,
                    "color": "28a745",
                    "fallback": "All checks have passed",
                    "text": ":white_check_mark: All checks have passed",
                    "footer": "1\/1 successful checks"
                }
            ],
            "thread_ts": "1689822399.626379",
            "reply_count": 1,
            "reply_users_count": 1,
            "latest_reply": "1689822579.015149",
            "reply_users": [
                "U01UE6SLDMH"
            ],
            "replies": [
                {
                    "user": "U01UE6SLDMH",
                    "ts": "1689822579.015149"
                }
            ],
            "is_locked": false,
            "subscribed": false
        },
        "app_id": "A01BP7R4KNY",
        "attachments": [
            {
                "id": 1,
                "footer_icon": "https:\/\/slack.github.com\/static\/img\/favicon-neutral.png",
                "ts": 1689822397,
                "color": "6f42c1",
                "fallback": "[silverkeytech\/giz-edu-inspection] Pull request merged by RehamAbdelraheemAli",
                "pretext": "Pull request merged by <https:\/\/github.com\/RehamAbdelraheemAli|RehamAbdelraheemAli>",
                "title": "<https:\/\/github.com\/silverkeytech\/giz-edu-inspection\/pull\/866|#866 Reham abdelraheem>",
                "footer": "<https:\/\/github.com\/silverkeytech\/giz-edu-inspection|silverkeytech\/giz-edu-inspection>"
            }
        ]
    },
    {
        "bot_id": "B01U774L6SJ",
        "type": "message",
        "text": "",
        "user": "U01UE6SLDMH",
        "ts": "1689822579.094689",
        "app_id": "A01BP7R4KNY",
        "team": "T03FVM0K8",
        "bot_profile": {
            "id": "B01U774L6SJ",
            "app_id": "A01BP7R4KNY",
            "name": "GitHub",
            "icons": {
                "image_36": "https:\/\/avatars.slack-edge.com\/2020-11-25\/1527503386626_319578f21381f9641cd8_36.png",
                "image_48": "https:\/\/avatars.slack-edge.com\/2020-11-25\/1527503386626_319578f21381f9641cd8_48.png",
                "image_72": "https:\/\/avatars.slack-edge.com\/2020-11-25\/1527503386626_319578f21381f9641cd8_72.png"
            },
            "deleted": false,
            "updated": 1618484049,
            "team_id": "T03FVM0K8"
        },
        "attachments": [
            {
                "id": 1,
                "footer_icon": "https:\/\/slack.github.com\/static\/img\/favicon-neutral.png",
                "color": "24292f",
                "fallback": "[silverkeytech\/giz-edu-inspection] 8 new commits pushed to _main_ by RehamAbdelraheemAli",
                "text": "`<https:\/\/github.com\/silverkeytech\/giz-edu-inspection\/commit\/dd4e41ad3b2f4c974a56f0b5fab4cf377113e4d2|dd4e41ad>` - timeline and visits new structure backend\n`<https:\/\/github.com\/silverkeytech\/giz-edu-inspection\/commit\/a363320e169aa02c56f34daf6af82666926739b9|a363320e>` - Merge branch 'main' into reham-abdelraheem\n`<https:\/\/github.com\/silverkeytech\/giz-edu-inspection\/commit\/09a604fa15c8c66e05991a5de6244fd7cde8b40e|09a604fa>` - Merge branch 'main' into reham-abdelraheem\n`<https:\/\/github.com\/silverkeytech\/giz-edu-inspection\/commit\/a6ee3b2b8e89ab8ece7f763233483b4ea2dc50f2|a6ee3b2b>` - Merge branch 'main' into reham-abdelraheem\n`<https:\/\/github.com\/silverkeytech\/giz-edu-inspection\/commit\/cebd95c420c4d23f7809ee75e09c1726ec669927|cebd95c4>` - Merge branch 'main' into reham-abdelraheem\n`<https:\/\/github.com\/silverkeytech\/giz-edu-inspection\/commit\/5c54edf3865d1b9fb7a01450f09e631941b5f860|5c54edf3>` - apply the new structure to school visits and report types seed and schema\n`<https:\/\/github.com\/silverkeytech\/giz-edu-inspection\/commit\/9e10e25a74edbe2c8e2ac2e3b2bd26ab9503756f|9e10e25a>` - timeline and visits new structure WIP\n`<https:\/\/github.com\/silverkeytech\/giz-edu-inspection\/commit\/e2134227870e74295ed906d626fa85f4722fb55d|e2134227>` - Merge pull request #866 from silverkeytech\/reham-abdelraheem",
                "pretext": "<https:\/\/github.com\/silverkeytech\/giz-edu-inspection\/compare\/6c1b6e4ca623...e2134227870e|8 new commits> pushed to `<https:\/\/github.com\/silverkeytech\/giz-edu-inspection\/tree\/main|main>` by <https:\/\/github.com\/RehamAbdelraheemAli|RehamAbdelraheemAli>",
                "footer": "<https:\/\/github.com\/silverkeytech\/giz-edu-inspection|silverkeytech\/giz-edu-inspection>",
                "mrkdwn_in": [
                    "text"
                ]
            }
        ]
    },
    {
        "bot_id": "B01U774L6SJ",
        "type": "message",
        "text": "",
        "user": "U01UE6SLDMH",
        "ts": "1689822985.122059",
        "app_id": "A01BP7R4KNY",
        "team": "T03FVM0K8",
        "bot_profile": {
            "id": "B01U774L6SJ",
            "app_id": "A01BP7R4KNY",
            "name": "GitHub",
            "icons": {
                "image_36": "https:\/\/avatars.slack-edge.com\/2020-11-25\/1527503386626_319578f21381f9641cd8_36.png",
                "image_48": "https:\/\/avatars.slack-edge.com\/2020-11-25\/1527503386626_319578f21381f9641cd8_48.png",
                "image_72": "https:\/\/avatars.slack-edge.com\/2020-11-25\/1527503386626_319578f21381f9641cd8_72.png"
            },
            "deleted": false,
            "updated": 1618484049,
            "team_id": "T03FVM0K8"
        },
        "attachments": [
            {
                "id": 1,
                "footer_icon": "https:\/\/slack.github.com\/static\/img\/favicon-neutral.png",
                "color": "24292f",
                "fallback": "[silverkeytech\/giz-edu-inspection] 2 new commits pushed to _main_ by RehamAbdelraheemAli",
                "text": "`<https:\/\/github.com\/silverkeytech\/giz-edu-inspection\/commit\/d5d852fcd3a4ee76bed5fcefe9677e9131fe4226|d5d852fc>` - delete unnecessary files\n`<https:\/\/github.com\/silverkeytech\/giz-edu-inspection\/commit\/5d64e1057f45239adca5a0333352db8d7643dd14|5d64e105>` - Merge branch 'main' of <https:\/\/github.com\/silverkeytech\/giz-edu-inspection>",
                "pretext": "<https:\/\/github.com\/silverkeytech\/giz-edu-inspection\/compare\/e2134227870e...5d64e1057f45|2 new commits> pushed to `<https:\/\/github.com\/silverkeytech\/giz-edu-inspection\/tree\/main|main>` by <https:\/\/github.com\/RehamAbdelraheemAli|RehamAbdelraheemAli>",
                "footer": "<https:\/\/github.com\/silverkeytech\/giz-edu-inspection|silverkeytech\/giz-edu-inspection>",
                "mrkdwn_in": [
                    "text"
                ]
            }
        ]
    }
]