[
    {
        "bot_id": "B01U774L6SJ",
        "type": "message",
        "text": "",
        "user": "U01UE6SLDMH",
        "ts": "1692862503.310289",
        "app_id": "A01BP7R4KNY",
        "team": "T03FVM0K8",
        "bot_profile": {
            "id": "B01U774L6SJ",
            "app_id": "A01BP7R4KNY",
            "name": "GitHub",
            "icons": {
                "image_36": "https:\/\/avatars.slack-edge.com\/2020-11-25\/1527503386626_319578f21381f9641cd8_36.png",
                "image_48": "https:\/\/avatars.slack-edge.com\/2020-11-25\/1527503386626_319578f21381f9641cd8_48.png",
                "image_72": "https:\/\/avatars.slack-edge.com\/2020-11-25\/1527503386626_319578f21381f9641cd8_72.png"
            },
            "deleted": false,
            "updated": 1618484049,
            "team_id": "T03FVM0K8"
        },
        "edited": {
            "user": "B01U774L6SJ",
            "ts": "1692862683.000000"
        },
        "attachments": [
            {
                "id": 1,
                "footer_icon": "https:\/\/slack.github.com\/static\/img\/favicon-neutral.png",
                "ts": 1692862501,
                "color": "6f42c1",
                "fallback": "[silverkeytech\/giz-edu-inspection] Pull request opened by YomnaTarekRagab",
                "text": "…etails page",
                "pretext": "Pull request opened by <https:\/\/github.com\/YomnaTarekRagab|YomnaTarekRagab>",
                "title": "<https:\/\/github.com\/silverkeytech\/giz-edu-inspection\/pull\/1181|#1181 Removed number of late males and females from classroom observation d…>",
                "callback_id": "pr-opened-interaction",
                "footer": "<https:\/\/github.com\/silverkeytech\/giz-edu-inspection|silverkeytech\/giz-edu-inspection>",
                "mrkdwn_in": [
                    "text"
                ],
                "actions": [
                    {
                        "id": "1",
                        "name": "comment",
                        "text": "Comment",
                        "type": "button",
                        "value": "{&amp;amp;quot;selectedOrg&amp;amp;quot;:&amp;amp;quot;silverkeytech&amp;amp;quot;,&amp;amp;quot;selectedOrgId&amp;amp;quot;:109834,&amp;amp;quot;selectedRepo&amp;amp;quot;:&amp;amp;quot;giz-edu-inspection&amp;amp;quot;,&amp;amp;quot;selectedRepoId&amp;amp;quot;:385211344,&amp;amp;quot;number&amp;amp;quot;:1181,&amp;amp;quot;htmlUrl&amp;amp;quot;:&amp;amp;quot;https:\/\/github.com\/silverkeytech\/giz-edu-inspection\/pull\/1181&amp;amp;quot;,&amp;amp;quot;title&amp;amp;quot;:&amp;amp;quot;Removed number of late males and females from classroom observation d…&amp;amp;quot;}",
                        "style": ""
                    }
                ]
            },
            {
                "id": 2,
                "color": "28a745",
                "fallback": "All checks have passed",
                "text": ":white_check_mark: All checks have passed",
                "footer": "1\/1 successful checks"
            }
        ],
        "thread_ts": "1692862503.310289",
        "reply_count": 1,
        "reply_users_count": 1,
        "latest_reply": "1692862683.699479",
        "reply_users": [
            "U01UE6SLDMH"
        ],
        "replies": [
            {
                "user": "U01UE6SLDMH",
                "ts": "1692862683.699479"
            }
        ],
        "is_locked": false,
        "subscribed": false
    },
    {
        "type": "message",
        "subtype": "thread_broadcast",
        "text": "",
        "bot_id": "B01U774L6SJ",
        "ts": "1692862683.699479",
        "thread_ts": "1692862503.310289",
        "root": {
            "bot_id": "B01U774L6SJ",
            "type": "message",
            "text": "",
            "user": "U01UE6SLDMH",
            "ts": "1692862503.310289",
            "app_id": "A01BP7R4KNY",
            "team": "T03FVM0K8",
            "bot_profile": {
                "id": "B01U774L6SJ",
                "app_id": "A01BP7R4KNY",
                "name": "GitHub",
                "icons": {
                    "image_36": "https:\/\/avatars.slack-edge.com\/2020-11-25\/1527503386626_319578f21381f9641cd8_36.png",
                    "image_48": "https:\/\/avatars.slack-edge.com\/2020-11-25\/1527503386626_319578f21381f9641cd8_48.png",
                    "image_72": "https:\/\/avatars.slack-edge.com\/2020-11-25\/1527503386626_319578f21381f9641cd8_72.png"
                },
                "deleted": false,
                "updated": 1618484049,
                "team_id": "T03FVM0K8"
            },
            "edited": {
                "user": "B01U774L6SJ",
                "ts": "1692862683.000000"
            },
            "attachments": [
                {
                    "id": 1,
                    "footer_icon": "https:\/\/slack.github.com\/static\/img\/favicon-neutral.png",
                    "ts": 1692862501,
                    "color": "6f42c1",
                    "fallback": "[silverkeytech\/giz-edu-inspection] Pull request opened by YomnaTarekRagab",
                    "text": "…etails page",
                    "pretext": "Pull request opened by <https:\/\/github.com\/YomnaTarekRagab|YomnaTarekRagab>",
                    "title": "<https:\/\/github.com\/silverkeytech\/giz-edu-inspection\/pull\/1181|#1181 Removed number of late males and females from classroom observation d…>",
                    "callback_id": "pr-opened-interaction",
                    "footer": "<https:\/\/github.com\/silverkeytech\/giz-edu-inspection|silverkeytech\/giz-edu-inspection>",
                    "mrkdwn_in": [
                        "text"
                    ],
                    "actions": [
                        {
                            "id": "1",
                            "name": "comment",
                            "text": "Comment",
                            "type": "button",
                            "value": "{&amp;amp;quot;selectedOrg&amp;amp;quot;:&amp;amp;quot;silverkeytech&amp;amp;quot;,&amp;amp;quot;selectedOrgId&amp;amp;quot;:109834,&amp;amp;quot;selectedRepo&amp;amp;quot;:&amp;amp;quot;giz-edu-inspection&amp;amp;quot;,&amp;amp;quot;selectedRepoId&amp;amp;quot;:385211344,&amp;amp;quot;number&amp;amp;quot;:1181,&amp;amp;quot;htmlUrl&amp;amp;quot;:&amp;amp;quot;https:\/\/github.com\/silverkeytech\/giz-edu-inspection\/pull\/1181&amp;amp;quot;,&amp;amp;quot;title&amp;amp;quot;:&amp;amp;quot;Removed number of late males and females from classroom observation d…&amp;amp;quot;}",
                            "style": ""
                        }
                    ]
                },
                {
                    "id": 2,
                    "color": "28a745",
                    "fallback": "All checks have passed",
                    "text": ":white_check_mark: All checks have passed",
                    "footer": "1\/1 successful checks"
                }
            ],
            "thread_ts": "1692862503.310289",
            "reply_count": 1,
            "reply_users_count": 1,
            "latest_reply": "1692862683.699479",
            "reply_users": [
                "U01UE6SLDMH"
            ],
            "replies": [
                {
                    "user": "U01UE6SLDMH",
                    "ts": "1692862683.699479"
                }
            ],
            "is_locked": false,
            "subscribed": false
        },
        "app_id": "A01BP7R4KNY",
        "attachments": [
            {
                "id": 1,
                "footer_icon": "https:\/\/slack.github.com\/static\/img\/favicon-neutral.png",
                "ts": 1692862501,
                "color": "6f42c1",
                "fallback": "[silverkeytech\/giz-edu-inspection] Pull request merged by YomnaTarekRagab",
                "pretext": "Pull request merged by <https:\/\/github.com\/YomnaTarekRagab|YomnaTarekRagab>",
                "title": "<https:\/\/github.com\/silverkeytech\/giz-edu-inspection\/pull\/1181|#1181 Removed number of late males and females from classroom observation d…>",
                "footer": "<https:\/\/github.com\/silverkeytech\/giz-edu-inspection|silverkeytech\/giz-edu-inspection>"
            }
        ]
    },
    {
        "bot_id": "B01U774L6SJ",
        "type": "message",
        "text": "",
        "user": "U01UE6SLDMH",
        "ts": "1692862684.102209",
        "app_id": "A01BP7R4KNY",
        "team": "T03FVM0K8",
        "bot_profile": {
            "id": "B01U774L6SJ",
            "app_id": "A01BP7R4KNY",
            "name": "GitHub",
            "icons": {
                "image_36": "https:\/\/avatars.slack-edge.com\/2020-11-25\/1527503386626_319578f21381f9641cd8_36.png",
                "image_48": "https:\/\/avatars.slack-edge.com\/2020-11-25\/1527503386626_319578f21381f9641cd8_48.png",
                "image_72": "https:\/\/avatars.slack-edge.com\/2020-11-25\/1527503386626_319578f21381f9641cd8_72.png"
            },
            "deleted": false,
            "updated": 1618484049,
            "team_id": "T03FVM0K8"
        },
        "attachments": [
            {
                "id": 1,
                "footer_icon": "https:\/\/slack.github.com\/static\/img\/favicon-neutral.png",
                "color": "24292f",
                "fallback": "[silverkeytech\/giz-edu-inspection] 2 new commits pushed to _main_ by YomnaTarekRagab",
                "text": "`<https:\/\/github.com\/silverkeytech\/giz-edu-inspection\/commit\/14917ff79ad1fa4270e48074404d99982529feed|14917ff7>` - Removed number of late males and females from classroom observation details page\n`<https:\/\/github.com\/silverkeytech\/giz-edu-inspection\/commit\/779a0e4fae109d25212c5dd24b3031ecadf9323e|779a0e4f>` - Merge pull request #1181 from silverkeytech\/Yomna",
                "pretext": "<https:\/\/github.com\/silverkeytech\/giz-edu-inspection\/compare\/e00e12199251...779a0e4fae10|2 new commits> pushed to `<https:\/\/github.com\/silverkeytech\/giz-edu-inspection\/tree\/main|main>` by <https:\/\/github.com\/YomnaTarekRagab|YomnaTarekRagab>",
                "footer": "<https:\/\/github.com\/silverkeytech\/giz-edu-inspection|silverkeytech\/giz-edu-inspection>",
                "mrkdwn_in": [
                    "text"
                ]
            }
        ]
    },
    {
        "type": "message",
        "subtype": "thread_broadcast",
        "text": "",
        "bot_id": "B01U774L6SJ",
        "ts": "1692870819.621979",
        "thread_ts": "1692645291.940139",
        "root": {
            "bot_id": "B01U774L6SJ",
            "type": "message",
            "text": "",
            "user": "U01UE6SLDMH",
            "ts": "1692645291.940139",
            "app_id": "A01BP7R4KNY",
            "team": "T03FVM0K8",
            "bot_profile": {
                "id": "B01U774L6SJ",
                "app_id": "A01BP7R4KNY",
                "name": "GitHub",
                "icons": {
                    "image_36": "https:\/\/avatars.slack-edge.com\/2020-11-25\/1527503386626_319578f21381f9641cd8_36.png",
                    "image_48": "https:\/\/avatars.slack-edge.com\/2020-11-25\/1527503386626_319578f21381f9641cd8_48.png",
                    "image_72": "https:\/\/avatars.slack-edge.com\/2020-11-25\/1527503386626_319578f21381f9641cd8_72.png"
                },
                "deleted": false,
                "updated": 1618484049,
                "team_id": "T03FVM0K8"
            },
            "edited": {
                "user": "B01U774L6SJ",
                "ts": "1692870819.000000"
            },
            "attachments": [
                {
                    "id": 1,
                    "footer_icon": "https:\/\/slack.github.com\/static\/img\/favicon-neutral.png",
                    "ts": 1692645282,
                    "color": "8250df",
                    "fallback": "[silverkeytech\/giz-edu-inspection] Issue opened by YomnaTarekRagab",
                    "text": "A notification should be sent to the quality team if a comment is added on the implementation plan.",
                    "pretext": "Issue created by <https:\/\/github.com\/YomnaTarekRagab|YomnaTarekRagab>",
                    "title": "<https:\/\/github.com\/silverkeytech\/giz-edu-inspection\/issues\/1157|#1157 Add a notification for when a comment is added to the implementation plan>",
                    "callback_id": "issue-opened-interaction",
                    "footer": "<https:\/\/github.com\/silverkeytech\/giz-edu-inspection|silverkeytech\/giz-edu-inspection>",
                    "fields": [
                        {
                            "value": "<https:\/\/github.com\/YomnaTarekRagab|@YomnaTarekRagab>",
                            "title": "Assignees",
                            "short": true
                        },
                        {
                            "value": "enhancement, High Priority",
                            "title": "Labels",
                            "short": true
                        }
                    ],
                    "mrkdwn_in": [
                        "text"
                    ],
                    "actions": [
                        {
                            "id": "1",
                            "name": "comment",
                            "text": "Comment",
                            "type": "button",
                            "value": "{&amp;amp;quot;selectedOrg&amp;amp;quot;:&amp;amp;quot;silverkeytech&amp;amp;quot;,&amp;amp;quot;selectedOrgId&amp;amp;quot;:109834,&amp;amp;quot;selectedRepo&amp;amp;quot;:&amp;amp;quot;giz-edu-inspection&amp;amp;quot;,&amp;amp;quot;selectedRepoId&amp;amp;quot;:385211344,&amp;amp;quot;issueNumber&amp;amp;quot;:1157,&amp;amp;quot;issueHtmlUrl&amp;amp;quot;:&amp;amp;quot;https:\/\/github.com\/silverkeytech\/giz-edu-inspection\/issues\/1157&amp;amp;quot;,&amp;amp;quot;issueTitle&amp;amp;quot;:&amp;amp;quot;Add a notification for when a comment is added to the implementation plan&amp;amp;quot;}",
                            "style": ""
                        },
                        {
                            "id": "2",
                            "name": "edit",
                            "text": "Edit",
                            "type": "button",
                            "value": "{&amp;amp;quot;selectedOrg&amp;amp;quot;:&amp;amp;quot;silverkeytech&amp;amp;quot;,&amp;amp;quot;selectedOrgId&amp;amp;quot;:109834,&amp;amp;quot;selectedRepo&amp;amp;quot;:&amp;amp;quot;giz-edu-inspection&amp;amp;quot;,&amp;amp;quot;selectedRepoId&amp;amp;quot;:385211344,&amp;amp;quot;issueNumber&amp;amp;quot;:1157,&amp;amp;quot;issueHtmlUrl&amp;amp;quot;:&amp;amp;quot;https:\/\/github.com\/silverkeytech\/giz-edu-inspection\/issues\/1157&amp;amp;quot;,&amp;amp;quot;issueTitle&amp;amp;quot;:&amp;amp;quot;Add a notification for when a comment is added to the implementation plan&amp;amp;quot;}",
                            "style": ""
                        },
                        {
                            "id": "3",
                            "name": "reopen",
                            "text": "Reopen",
                            "type": "button",
                            "value": "{&amp;amp;quot;selectedOrg&amp;amp;quot;:&amp;amp;quot;silverkeytech&amp;amp;quot;,&amp;amp;quot;selectedOrgId&amp;amp;quot;:109834,&amp;amp;quot;selectedRepo&amp;amp;quot;:&amp;amp;quot;giz-edu-inspection&amp;amp;quot;,&amp;amp;quot;selectedRepoId&amp;amp;quot;:385211344,&amp;amp;quot;issueNumber&amp;amp;quot;:1157,&amp;amp;quot;issueHtmlUrl&amp;amp;quot;:&amp;amp;quot;https:\/\/github.com\/silverkeytech\/giz-edu-inspection\/issues\/1157&amp;amp;quot;,&amp;amp;quot;issueTitle&amp;amp;quot;:&amp;amp;quot;Add a notification for when a comment is added to the implementation plan&amp;amp;quot;}",
                            "style": ""
                        }
                    ]
                }
            ],
            "thread_ts": "1692645291.940139",
            "reply_count": 1,
            "reply_users_count": 1,
            "latest_reply": "1692870819.621979",
            "reply_users": [
                "U01UE6SLDMH"
            ],
            "replies": [
                {
                    "user": "U01UE6SLDMH",
                    "ts": "1692870819.621979"
                }
            ],
            "is_locked": false,
            "subscribed": false
        },
        "app_id": "A01BP7R4KNY",
        "attachments": [
            {
                "id": 1,
                "footer_icon": "https:\/\/slack.github.com\/static\/img\/favicon-neutral.png",
                "ts": 1692645282,
                "color": "8250df",
                "fallback": "[silverkeytech\/giz-edu-inspection] Issue closed as completed by YomnaTarekRagab",
                "pretext": "Issue closed as completed by <https:\/\/github.com\/YomnaTarekRagab|YomnaTarekRagab>",
                "title": "<https:\/\/github.com\/silverkeytech\/giz-edu-inspection\/issues\/1157|#1157 Add a notification for when a comment is added to the implementation plan>",
                "footer": "<https:\/\/github.com\/silverkeytech\/giz-edu-inspection|silverkeytech\/giz-edu-inspection>"
            }
        ]
    },
    {
        "bot_id": "B01U774L6SJ",
        "type": "message",
        "text": "",
        "user": "U01UE6SLDMH",
        "ts": "1692870860.391709",
        "app_id": "A01BP7R4KNY",
        "team": "T03FVM0K8",
        "bot_profile": {
            "id": "B01U774L6SJ",
            "app_id": "A01BP7R4KNY",
            "name": "GitHub",
            "icons": {
                "image_36": "https:\/\/avatars.slack-edge.com\/2020-11-25\/1527503386626_319578f21381f9641cd8_36.png",
                "image_48": "https:\/\/avatars.slack-edge.com\/2020-11-25\/1527503386626_319578f21381f9641cd8_48.png",
                "image_72": "https:\/\/avatars.slack-edge.com\/2020-11-25\/1527503386626_319578f21381f9641cd8_72.png"
            },
            "deleted": false,
            "updated": 1618484049,
            "team_id": "T03FVM0K8"
        },
        "edited": {
            "user": "B01U774L6SJ",
            "ts": "1692870977.000000"
        },
        "attachments": [
            {
                "id": 1,
                "footer_icon": "https:\/\/slack.github.com\/static\/img\/favicon-neutral.png",
                "ts": 1692870853,
                "color": "6f42c1",
                "fallback": "[silverkeytech\/giz-edu-inspection] Pull request opened by YomnaTarekRagab",
                "pretext": "Pull request opened by <https:\/\/github.com\/YomnaTarekRagab|YomnaTarekRagab>",
                "title": "<https:\/\/github.com\/silverkeytech\/giz-edu-inspection\/pull\/1182|#1182 Implemented notification when a comment is added on implementation plan>",
                "callback_id": "pr-opened-interaction",
                "footer": "<https:\/\/github.com\/silverkeytech\/giz-edu-inspection|silverkeytech\/giz-edu-inspection>",
                "mrkdwn_in": [
                    "text"
                ],
                "actions": [
                    {
                        "id": "1",
                        "name": "comment",
                        "text": "Comment",
                        "type": "button",
                        "value": "{&amp;amp;quot;selectedOrg&amp;amp;quot;:&amp;amp;quot;silverkeytech&amp;amp;quot;,&amp;amp;quot;selectedOrgId&amp;amp;quot;:109834,&amp;amp;quot;selectedRepo&amp;amp;quot;:&amp;amp;quot;giz-edu-inspection&amp;amp;quot;,&amp;amp;quot;selectedRepoId&amp;amp;quot;:385211344,&amp;amp;quot;number&amp;amp;quot;:1182,&amp;amp;quot;htmlUrl&amp;amp;quot;:&amp;amp;quot;https:\/\/github.com\/silverkeytech\/giz-edu-inspection\/pull\/1182&amp;amp;quot;,&amp;amp;quot;title&amp;amp;quot;:&amp;amp;quot;Implemented notification when a comment is added on implementation plan&amp;amp;quot;}",
                        "style": ""
                    }
                ]
            },
            {
                "id": 2,
                "color": "28a745",
                "fallback": "All checks have passed",
                "text": ":white_check_mark: All checks have passed",
                "footer": "1\/1 successful checks"
            }
        ],
        "thread_ts": "1692870860.391709",
        "reply_count": 1,
        "reply_users_count": 1,
        "latest_reply": "1692870976.891189",
        "reply_users": [
            "U01UE6SLDMH"
        ],
        "replies": [
            {
                "user": "U01UE6SLDMH",
                "ts": "1692870976.891189"
            }
        ],
        "is_locked": false,
        "subscribed": false
    },
    {
        "bot_id": "B01U774L6SJ",
        "type": "message",
        "text": "",
        "user": "U01UE6SLDMH",
        "ts": "1692870976.635489",
        "app_id": "A01BP7R4KNY",
        "team": "T03FVM0K8",
        "bot_profile": {
            "id": "B01U774L6SJ",
            "app_id": "A01BP7R4KNY",
            "name": "GitHub",
            "icons": {
                "image_36": "https:\/\/avatars.slack-edge.com\/2020-11-25\/1527503386626_319578f21381f9641cd8_36.png",
                "image_48": "https:\/\/avatars.slack-edge.com\/2020-11-25\/1527503386626_319578f21381f9641cd8_48.png",
                "image_72": "https:\/\/avatars.slack-edge.com\/2020-11-25\/1527503386626_319578f21381f9641cd8_72.png"
            },
            "deleted": false,
            "updated": 1618484049,
            "team_id": "T03FVM0K8"
        },
        "attachments": [
            {
                "id": 1,
                "footer_icon": "https:\/\/slack.github.com\/static\/img\/favicon-neutral.png",
                "color": "24292f",
                "fallback": "[silverkeytech\/giz-edu-inspection] 5 new commits pushed to _main_ by YomnaTarekRagab",
                "text": "`<https:\/\/github.com\/silverkeytech\/giz-edu-inspection\/commit\/af93622eedd20a847aa87140543169954b424f0e|af93622e>` - Updated llbl\n`<https:\/\/github.com\/silverkeytech\/giz-edu-inspection\/commit\/1ab87df5980ea29dcef40b710c5a2da4e60284d3|1ab87df5>` - Implemented notification to be sent to quality team when a comment is added to sqdp implementation plan\n`<https:\/\/github.com\/silverkeytech\/giz-edu-inspection\/commit\/87f4ce52340460297e1faebc1ed084fe7bdbc77d|87f4ce52>` - Added notification message\n`<https:\/\/github.com\/silverkeytech\/giz-edu-inspection\/commit\/4e397104ccad0764cfc9b5f17eded8a30ad6bc07|4e397104>` - Generate LookupApi\n`<https:\/\/github.com\/silverkeytech\/giz-edu-inspection\/commit\/3f83bebfc404f0d473c1881bbf2622210f7b210e|3f83bebf>` - Merge pull request #1182 from silverkeytech\/Yomna",
                "pretext": "<https:\/\/github.com\/silverkeytech\/giz-edu-inspection\/compare\/779a0e4fae10...3f83bebfc404|5 new commits> pushed to `<https:\/\/github.com\/silverkeytech\/giz-edu-inspection\/tree\/main|main>` by <https:\/\/github.com\/YomnaTarekRagab|YomnaTarekRagab>",
                "footer": "<https:\/\/github.com\/silverkeytech\/giz-edu-inspection|silverkeytech\/giz-edu-inspection>",
                "mrkdwn_in": [
                    "text"
                ]
            }
        ]
    },
    {
        "type": "message",
        "subtype": "thread_broadcast",
        "text": "",
        "bot_id": "B01U774L6SJ",
        "ts": "1692870976.891189",
        "thread_ts": "1692870860.391709",
        "root": {
            "bot_id": "B01U774L6SJ",
            "type": "message",
            "text": "",
            "user": "U01UE6SLDMH",
            "ts": "1692870860.391709",
            "app_id": "A01BP7R4KNY",
            "team": "T03FVM0K8",
            "bot_profile": {
                "id": "B01U774L6SJ",
                "app_id": "A01BP7R4KNY",
                "name": "GitHub",
                "icons": {
                    "image_36": "https:\/\/avatars.slack-edge.com\/2020-11-25\/1527503386626_319578f21381f9641cd8_36.png",
                    "image_48": "https:\/\/avatars.slack-edge.com\/2020-11-25\/1527503386626_319578f21381f9641cd8_48.png",
                    "image_72": "https:\/\/avatars.slack-edge.com\/2020-11-25\/1527503386626_319578f21381f9641cd8_72.png"
                },
                "deleted": false,
                "updated": 1618484049,
                "team_id": "T03FVM0K8"
            },
            "edited": {
                "user": "B01U774L6SJ",
                "ts": "1692870977.000000"
            },
            "attachments": [
                {
                    "id": 1,
                    "footer_icon": "https:\/\/slack.github.com\/static\/img\/favicon-neutral.png",
                    "ts": 1692870853,
                    "color": "6f42c1",
                    "fallback": "[silverkeytech\/giz-edu-inspection] Pull request opened by YomnaTarekRagab",
                    "pretext": "Pull request opened by <https:\/\/github.com\/YomnaTarekRagab|YomnaTarekRagab>",
                    "title": "<https:\/\/github.com\/silverkeytech\/giz-edu-inspection\/pull\/1182|#1182 Implemented notification when a comment is added on implementation plan>",
                    "callback_id": "pr-opened-interaction",
                    "footer": "<https:\/\/github.com\/silverkeytech\/giz-edu-inspection|silverkeytech\/giz-edu-inspection>",
                    "mrkdwn_in": [
                        "text"
                    ],
                    "actions": [
                        {
                            "id": "1",
                            "name": "comment",
                            "text": "Comment",
                            "type": "button",
                            "value": "{&amp;amp;quot;selectedOrg&amp;amp;quot;:&amp;amp;quot;silverkeytech&amp;amp;quot;,&amp;amp;quot;selectedOrgId&amp;amp;quot;:109834,&amp;amp;quot;selectedRepo&amp;amp;quot;:&amp;amp;quot;giz-edu-inspection&amp;amp;quot;,&amp;amp;quot;selectedRepoId&amp;amp;quot;:385211344,&amp;amp;quot;number&amp;amp;quot;:1182,&amp;amp;quot;htmlUrl&amp;amp;quot;:&amp;amp;quot;https:\/\/github.com\/silverkeytech\/giz-edu-inspection\/pull\/1182&amp;amp;quot;,&amp;amp;quot;title&amp;amp;quot;:&amp;amp;quot;Implemented notification when a comment is added on implementation plan&amp;amp;quot;}",
                            "style": ""
                        }
                    ]
                },
                {
                    "id": 2,
                    "color": "28a745",
                    "fallback": "All checks have passed",
                    "text": ":white_check_mark: All checks have passed",
                    "footer": "1\/1 successful checks"
                }
            ],
            "thread_ts": "1692870860.391709",
            "reply_count": 1,
            "reply_users_count": 1,
            "latest_reply": "1692870976.891189",
            "reply_users": [
                "U01UE6SLDMH"
            ],
            "replies": [
                {
                    "user": "U01UE6SLDMH",
                    "ts": "1692870976.891189"
                }
            ],
            "is_locked": false,
            "subscribed": false
        },
        "app_id": "A01BP7R4KNY",
        "attachments": [
            {
                "id": 1,
                "footer_icon": "https:\/\/slack.github.com\/static\/img\/favicon-neutral.png",
                "ts": 1692870853,
                "color": "6f42c1",
                "fallback": "[silverkeytech\/giz-edu-inspection] Pull request merged by YomnaTarekRagab",
                "pretext": "Pull request merged by <https:\/\/github.com\/YomnaTarekRagab|YomnaTarekRagab>",
                "title": "<https:\/\/github.com\/silverkeytech\/giz-edu-inspection\/pull\/1182|#1182 Implemented notification when a comment is added on implementation plan>",
                "footer": "<https:\/\/github.com\/silverkeytech\/giz-edu-inspection|silverkeytech\/giz-edu-inspection>"
            }
        ]
    },
    {
        "bot_id": "B01U774L6SJ",
        "type": "message",
        "text": "",
        "user": "U01UE6SLDMH",
        "ts": "1692882444.622339",
        "app_id": "A01BP7R4KNY",
        "team": "T03FVM0K8",
        "bot_profile": {
            "id": "B01U774L6SJ",
            "app_id": "A01BP7R4KNY",
            "name": "GitHub",
            "icons": {
                "image_36": "https:\/\/avatars.slack-edge.com\/2020-11-25\/1527503386626_319578f21381f9641cd8_36.png",
                "image_48": "https:\/\/avatars.slack-edge.com\/2020-11-25\/1527503386626_319578f21381f9641cd8_48.png",
                "image_72": "https:\/\/avatars.slack-edge.com\/2020-11-25\/1527503386626_319578f21381f9641cd8_72.png"
            },
            "deleted": false,
            "updated": 1618484049,
            "team_id": "T03FVM0K8"
        },
        "attachments": [
            {
                "id": 1,
                "footer_icon": "https:\/\/slack.github.com\/static\/img\/favicon-neutral.png",
                "color": "24292f",
                "fallback": "[silverkeytech\/giz-edu-inspection] 2 new commits pushed to _main_ by AmrTealeb",
                "text": "`<https:\/\/github.com\/silverkeytech\/giz-edu-inspection\/commit\/620d826337cc7aae3cd06e94a79898308e20c48b|620d8263>` - Add TE General Manager to positions who receive notification when a visit is added or updated\n`<https:\/\/github.com\/silverkeytech\/giz-edu-inspection\/commit\/3059ec419545a39b9503b41ab455d72fe2a77518|3059ec41>` - Merge branch 'main' of <https:\/\/github.com\/silverkeytech\/giz-edu-inspection>",
                "pretext": "<https:\/\/github.com\/silverkeytech\/giz-edu-inspection\/compare\/3f83bebfc404...3059ec419545|2 new commits> pushed to `<https:\/\/github.com\/silverkeytech\/giz-edu-inspection\/tree\/main|main>` by <https:\/\/github.com\/AmrTealeb|AmrTealeb>",
                "footer": "<https:\/\/github.com\/silverkeytech\/giz-edu-inspection|silverkeytech\/giz-edu-inspection>",
                "mrkdwn_in": [
                    "text"
                ]
            }
        ]
    },
    {
        "bot_id": "B01U774L6SJ",
        "type": "message",
        "text": "",
        "user": "U01UE6SLDMH",
        "ts": "1692889570.743899",
        "app_id": "A01BP7R4KNY",
        "team": "T03FVM0K8",
        "bot_profile": {
            "id": "B01U774L6SJ",
            "app_id": "A01BP7R4KNY",
            "name": "GitHub",
            "icons": {
                "image_36": "https:\/\/avatars.slack-edge.com\/2020-11-25\/1527503386626_319578f21381f9641cd8_36.png",
                "image_48": "https:\/\/avatars.slack-edge.com\/2020-11-25\/1527503386626_319578f21381f9641cd8_48.png",
                "image_72": "https:\/\/avatars.slack-edge.com\/2020-11-25\/1527503386626_319578f21381f9641cd8_72.png"
            },
            "deleted": false,
            "updated": 1618484049,
            "team_id": "T03FVM0K8"
        },
        "attachments": [
            {
                "id": 1,
                "footer_icon": "https:\/\/slack.github.com\/static\/img\/favicon-neutral.png",
                "color": "24292f",
                "fallback": "[silverkeytech\/giz-edu-inspection] 1 new commit pushed to _main_ by AmrTealeb",
                "text": "`<https:\/\/github.com\/silverkeytech\/giz-edu-inspection\/commit\/93bec99f502a549fe51bf2356a24e25de4939149|93bec99f>` - Update GetSchoolProfileDetails API",
                "pretext": "<https:\/\/github.com\/silverkeytech\/giz-edu-inspection\/compare\/3059ec419545...93bec99f502a|1 new commit> pushed to `<https:\/\/github.com\/silverkeytech\/giz-edu-inspection\/tree\/main|main>` by <https:\/\/github.com\/AmrTealeb|AmrTealeb>",
                "footer": "<https:\/\/github.com\/silverkeytech\/giz-edu-inspection|silverkeytech\/giz-edu-inspection>",
                "mrkdwn_in": [
                    "text"
                ]
            }
        ]
    },
    {
        "bot_id": "B01U774L6SJ",
        "type": "message",
        "text": "",
        "user": "U01UE6SLDMH",
        "ts": "1692900521.031019",
        "app_id": "A01BP7R4KNY",
        "team": "T03FVM0K8",
        "bot_profile": {
            "id": "B01U774L6SJ",
            "app_id": "A01BP7R4KNY",
            "name": "GitHub",
            "icons": {
                "image_36": "https:\/\/avatars.slack-edge.com\/2020-11-25\/1527503386626_319578f21381f9641cd8_36.png",
                "image_48": "https:\/\/avatars.slack-edge.com\/2020-11-25\/1527503386626_319578f21381f9641cd8_48.png",
                "image_72": "https:\/\/avatars.slack-edge.com\/2020-11-25\/1527503386626_319578f21381f9641cd8_72.png"
            },
            "deleted": false,
            "updated": 1618484049,
            "team_id": "T03FVM0K8"
        },
        "attachments": [
            {
                "id": 1,
                "footer_icon": "https:\/\/slack.github.com\/static\/img\/favicon-neutral.png",
                "color": "24292f",
                "fallback": "[silverkeytech\/giz-edu-inspection] 1 new commit pushed to _main_ by AmrTealeb",
                "text": "`<https:\/\/github.com\/silverkeytech\/giz-edu-inspection\/commit\/6cd87c2de0af6bea0a34fa326eb1500a19d18e74|6cd87c2d>` - remove Staff Job Title from school members page",
                "pretext": "<https:\/\/github.com\/silverkeytech\/giz-edu-inspection\/compare\/93bec99f502a...6cd87c2de0af|1 new commit> pushed to `<https:\/\/github.com\/silverkeytech\/giz-edu-inspection\/tree\/main|main>` by <https:\/\/github.com\/AmrTealeb|AmrTealeb>",
                "footer": "<https:\/\/github.com\/silverkeytech\/giz-edu-inspection|silverkeytech\/giz-edu-inspection>",
                "mrkdwn_in": [
                    "text"
                ]
            }
        ]
    }
]