[
    {
        "bot_id": "B01U774L6SJ",
        "type": "message",
        "text": "",
        "user": "U01UE6SLDMH",
        "ts": "1690640577.726319",
        "app_id": "A01BP7R4KNY",
        "team": "T03FVM0K8",
        "bot_profile": {
            "id": "B01U774L6SJ",
            "app_id": "A01BP7R4KNY",
            "name": "GitHub",
            "icons": {
                "image_36": "https:\/\/avatars.slack-edge.com\/2020-11-25\/1527503386626_319578f21381f9641cd8_36.png",
                "image_48": "https:\/\/avatars.slack-edge.com\/2020-11-25\/1527503386626_319578f21381f9641cd8_48.png",
                "image_72": "https:\/\/avatars.slack-edge.com\/2020-11-25\/1527503386626_319578f21381f9641cd8_72.png"
            },
            "deleted": false,
            "updated": 1618484049,
            "team_id": "T03FVM0K8"
        },
        "attachments": [
            {
                "id": 1,
                "footer_icon": "https:\/\/slack.github.com\/static\/img\/favicon-neutral.png",
                "color": "24292f",
                "fallback": "[silverkeytech\/giz-edu-inspection] 3 new commits pushed to _main_ by RehamAbdelraheemAli",
                "text": "`<https:\/\/github.com\/silverkeytech\/giz-edu-inspection\/commit\/c98dfa1649b7aab0a8cf26f764ba69329f9593a1|c98dfa16>` - generate lookupApi, fix dynamic report form\n`<https:\/\/github.com\/silverkeytech\/giz-edu-inspection\/commit\/1fa894784fbce4ef376abf87c79581e4fae9fa9c|1fa89478>` - resolve conflicts\n`<https:\/\/github.com\/silverkeytech\/giz-edu-inspection\/commit\/1bb723b80a0e48754a1348a1ffea28e854118320|1bb723b8>` - Merge pull request #927 from silverkeytech\/reham-abdelraheem",
                "pretext": "<https:\/\/github.com\/silverkeytech\/giz-edu-inspection\/compare\/a3b33818b9b9...1bb723b80a0e|3 new commits> pushed to `<https:\/\/github.com\/silverkeytech\/giz-edu-inspection\/tree\/main|main>` by <https:\/\/github.com\/RehamAbdelraheemAli|RehamAbdelraheemAli>",
                "footer": "<https:\/\/github.com\/silverkeytech\/giz-edu-inspection|silverkeytech\/giz-edu-inspection>",
                "mrkdwn_in": [
                    "text"
                ]
            }
        ]
    },
    {
        "type": "message",
        "subtype": "thread_broadcast",
        "text": "",
        "bot_id": "B01U774L6SJ",
        "ts": "1690640577.809279",
        "thread_ts": "1690556395.887959",
        "root": {
            "bot_id": "B01U774L6SJ",
            "type": "message",
            "text": "",
            "user": "U01UE6SLDMH",
            "ts": "1690556395.887959",
            "app_id": "A01BP7R4KNY",
            "team": "T03FVM0K8",
            "bot_profile": {
                "id": "B01U774L6SJ",
                "app_id": "A01BP7R4KNY",
                "name": "GitHub",
                "icons": {
                    "image_36": "https:\/\/avatars.slack-edge.com\/2020-11-25\/1527503386626_319578f21381f9641cd8_36.png",
                    "image_48": "https:\/\/avatars.slack-edge.com\/2020-11-25\/1527503386626_319578f21381f9641cd8_48.png",
                    "image_72": "https:\/\/avatars.slack-edge.com\/2020-11-25\/1527503386626_319578f21381f9641cd8_72.png"
                },
                "deleted": false,
                "updated": 1618484049,
                "team_id": "T03FVM0K8"
            },
            "edited": {
                "user": "B01U774L6SJ",
                "ts": "1690640578.000000"
            },
            "attachments": [
                {
                    "id": 1,
                    "footer_icon": "https:\/\/slack.github.com\/static\/img\/favicon-neutral.png",
                    "ts": 1690556393,
                    "color": "6f42c1",
                    "fallback": "[silverkeytech\/giz-edu-inspection] Pull request opened by RehamAbdelraheemAli",
                    "pretext": "Pull request opened by <https:\/\/github.com\/RehamAbdelraheemAli|RehamAbdelraheemAli>",
                    "title": "<https:\/\/github.com\/silverkeytech\/giz-edu-inspection\/pull\/927|#927 generate lookupApi, fix dynamic report form>",
                    "callback_id": "pr-opened-interaction",
                    "footer": "<https:\/\/github.com\/silverkeytech\/giz-edu-inspection|silverkeytech\/giz-edu-inspection>",
                    "mrkdwn_in": [
                        "text"
                    ],
                    "actions": [
                        {
                            "id": "1",
                            "name": "comment",
                            "text": "Comment",
                            "type": "button",
                            "value": "{&amp;amp;quot;selectedOrg&amp;amp;quot;:&amp;amp;quot;silverkeytech&amp;amp;quot;,&amp;amp;quot;selectedOrgId&amp;amp;quot;:109834,&amp;amp;quot;selectedRepo&amp;amp;quot;:&amp;amp;quot;giz-edu-inspection&amp;amp;quot;,&amp;amp;quot;selectedRepoId&amp;amp;quot;:385211344,&amp;amp;quot;number&amp;amp;quot;:927,&amp;amp;quot;htmlUrl&amp;amp;quot;:&amp;amp;quot;https:\/\/github.com\/silverkeytech\/giz-edu-inspection\/pull\/927&amp;amp;quot;,&amp;amp;quot;title&amp;amp;quot;:&amp;amp;quot;generate lookupApi, fix dynamic report form&amp;amp;quot;}",
                            "style": ""
                        }
                    ]
                },
                {
                    "id": 2,
                    "color": "28a745",
                    "fallback": "All checks have passed",
                    "text": ":white_check_mark: All checks have passed",
                    "footer": "1\/1 successful checks"
                }
            ],
            "thread_ts": "1690556395.887959",
            "reply_count": 1,
            "reply_users_count": 1,
            "latest_reply": "1690640577.809279",
            "reply_users": [
                "U01UE6SLDMH"
            ],
            "replies": [
                {
                    "user": "U01UE6SLDMH",
                    "ts": "1690640577.809279"
                }
            ],
            "is_locked": false,
            "subscribed": false
        },
        "app_id": "A01BP7R4KNY",
        "attachments": [
            {
                "id": 1,
                "footer_icon": "https:\/\/slack.github.com\/static\/img\/favicon-neutral.png",
                "ts": 1690556393,
                "color": "6f42c1",
                "fallback": "[silverkeytech\/giz-edu-inspection] Pull request merged by RehamAbdelraheemAli",
                "pretext": "Pull request merged by <https:\/\/github.com\/RehamAbdelraheemAli|RehamAbdelraheemAli>",
                "title": "<https:\/\/github.com\/silverkeytech\/giz-edu-inspection\/pull\/927|#927 generate lookupApi, fix dynamic report form>",
                "footer": "<https:\/\/github.com\/silverkeytech\/giz-edu-inspection|silverkeytech\/giz-edu-inspection>"
            }
        ]
    },
    {
        "type": "message",
        "subtype": "thread_broadcast",
        "text": "",
        "bot_id": "B01U774L6SJ",
        "ts": "1690642204.630419",
        "thread_ts": "1690468115.917779",
        "root": {
            "bot_id": "B01U774L6SJ",
            "type": "message",
            "text": "",
            "user": "U01UE6SLDMH",
            "ts": "1690468115.917779",
            "app_id": "A01BP7R4KNY",
            "team": "T03FVM0K8",
            "bot_profile": {
                "id": "B01U774L6SJ",
                "app_id": "A01BP7R4KNY",
                "name": "GitHub",
                "icons": {
                    "image_36": "https:\/\/avatars.slack-edge.com\/2020-11-25\/1527503386626_319578f21381f9641cd8_36.png",
                    "image_48": "https:\/\/avatars.slack-edge.com\/2020-11-25\/1527503386626_319578f21381f9641cd8_48.png",
                    "image_72": "https:\/\/avatars.slack-edge.com\/2020-11-25\/1527503386626_319578f21381f9641cd8_72.png"
                },
                "deleted": false,
                "updated": 1618484049,
                "team_id": "T03FVM0K8"
            },
            "edited": {
                "user": "B01U774L6SJ",
                "ts": "1690905305.000000"
            },
            "attachments": [
                {
                    "id": 1,
                    "footer_icon": "https:\/\/slack.github.com\/static\/img\/favicon-neutral.png",
                    "ts": 1687146167,
                    "color": "36a64f",
                    "fallback": "[silverkeytech\/giz-edu-inspection] Issue opened by Fares4389",
                    "pretext": "Issue created by <https:\/\/github.com\/Fares4389|Fares4389>",
                    "title": "<https:\/\/github.com\/silverkeytech\/giz-edu-inspection\/issues\/774|#774 Add a field for the code of the school and the codes for each building in the school>",
                    "callback_id": "issue-opened-interaction",
                    "footer": "<https:\/\/github.com\/silverkeytech\/giz-edu-inspection|silverkeytech\/giz-edu-inspection>",
                    "fields": [
                        {
                            "value": "<https:\/\/github.com\/manarrn|@manarrn>",
                            "title": "Assignees",
                            "short": true
                        },
                        {
                            "value": "3",
                            "title": "Comments",
                            "short": true
                        }
                    ],
                    "mrkdwn_in": [
                        "text"
                    ],
                    "actions": [
                        {
                            "id": "1",
                            "name": "comment",
                            "text": "Comment",
                            "type": "button",
                            "value": "{&amp;amp;quot;selectedOrg&amp;amp;quot;:&amp;amp;quot;silverkeytech&amp;amp;quot;,&amp;amp;quot;selectedOrgId&amp;amp;quot;:109834,&amp;amp;quot;selectedRepo&amp;amp;quot;:&amp;amp;quot;giz-edu-inspection&amp;amp;quot;,&amp;amp;quot;selectedRepoId&amp;amp;quot;:385211344,&amp;amp;quot;issueNumber&amp;amp;quot;:774,&amp;amp;quot;issueHtmlUrl&amp;amp;quot;:&amp;amp;quot;https:\/\/github.com\/silverkeytech\/giz-edu-inspection\/issues\/774&amp;amp;quot;,&amp;amp;quot;issueTitle&amp;amp;quot;:&amp;amp;quot;Add a field for the code of the school and the codes for each building in the school&amp;amp;quot;}",
                            "style": ""
                        },
                        {
                            "id": "2",
                            "name": "edit",
                            "text": "Edit",
                            "type": "button",
                            "value": "{&amp;amp;quot;selectedOrg&amp;amp;quot;:&amp;amp;quot;silverkeytech&amp;amp;quot;,&amp;amp;quot;selectedOrgId&amp;amp;quot;:109834,&amp;amp;quot;selectedRepo&amp;amp;quot;:&amp;amp;quot;giz-edu-inspection&amp;amp;quot;,&amp;amp;quot;selectedRepoId&amp;amp;quot;:385211344,&amp;amp;quot;issueNumber&amp;amp;quot;:774,&amp;amp;quot;issueHtmlUrl&amp;amp;quot;:&amp;amp;quot;https:\/\/github.com\/silverkeytech\/giz-edu-inspection\/issues\/774&amp;amp;quot;,&amp;amp;quot;issueTitle&amp;amp;quot;:&amp;amp;quot;Add a field for the code of the school and the codes for each building in the school&amp;amp;quot;}",
                            "style": ""
                        },
                        {
                            "id": "3",
                            "name": "close",
                            "text": "Close",
                            "type": "button",
                            "value": "{&amp;amp;quot;selectedOrg&amp;amp;quot;:&amp;amp;quot;silverkeytech&amp;amp;quot;,&amp;amp;quot;selectedOrgId&amp;amp;quot;:109834,&amp;amp;quot;selectedRepo&amp;amp;quot;:&amp;amp;quot;giz-edu-inspection&amp;amp;quot;,&amp;amp;quot;selectedRepoId&amp;amp;quot;:385211344,&amp;amp;quot;issueNumber&amp;amp;quot;:774,&amp;amp;quot;issueHtmlUrl&amp;amp;quot;:&amp;amp;quot;https:\/\/github.com\/silverkeytech\/giz-edu-inspection\/issues\/774&amp;amp;quot;,&amp;amp;quot;issueTitle&amp;amp;quot;:&amp;amp;quot;Add a field for the code of the school and the codes for each building in the school&amp;amp;quot;}",
                            "style": "danger"
                        }
                    ]
                }
            ],
            "thread_ts": "1690468115.917779",
            "reply_count": 4,
            "reply_users_count": 1,
            "latest_reply": "1690905305.394519",
            "reply_users": [
                "U01UE6SLDMH"
            ],
            "replies": [
                {
                    "user": "U01UE6SLDMH",
                    "ts": "1690468116.163739"
                },
                {
                    "user": "U01UE6SLDMH",
                    "ts": "1690642204.630419"
                },
                {
                    "user": "U01UE6SLDMH",
                    "ts": "1690807669.141419"
                },
                {
                    "user": "U01UE6SLDMH",
                    "ts": "1690905305.394519"
                }
            ],
            "is_locked": false,
            "subscribed": false
        },
        "app_id": "A01BP7R4KNY",
        "attachments": [
            {
                "id": 1,
                "footer_icon": "https:\/\/slack.github.com\/static\/img\/favicon-neutral.png",
                "ts": 1687146167,
                "color": "36a64f",
                "fallback": "[silverkeytech\/giz-edu-inspection] Issue reopened by RehamAbdelraheemAli",
                "pretext": "Issue reopened by <https:\/\/github.com\/RehamAbdelraheemAli|RehamAbdelraheemAli>",
                "title": "<https:\/\/github.com\/silverkeytech\/giz-edu-inspection\/issues\/774|#774 Add a field for the code of the school and the codes for each building in the school>",
                "footer": "<https:\/\/github.com\/silverkeytech\/giz-edu-inspection|silverkeytech\/giz-edu-inspection>"
            }
        ]
    },
    {
        "bot_id": "B01U774L6SJ",
        "type": "message",
        "text": "",
        "user": "U01UE6SLDMH",
        "ts": "1690646161.116589",
        "app_id": "A01BP7R4KNY",
        "team": "T03FVM0K8",
        "bot_profile": {
            "id": "B01U774L6SJ",
            "app_id": "A01BP7R4KNY",
            "name": "GitHub",
            "icons": {
                "image_36": "https:\/\/avatars.slack-edge.com\/2020-11-25\/1527503386626_319578f21381f9641cd8_36.png",
                "image_48": "https:\/\/avatars.slack-edge.com\/2020-11-25\/1527503386626_319578f21381f9641cd8_48.png",
                "image_72": "https:\/\/avatars.slack-edge.com\/2020-11-25\/1527503386626_319578f21381f9641cd8_72.png"
            },
            "deleted": false,
            "updated": 1618484049,
            "team_id": "T03FVM0K8"
        },
        "edited": {
            "user": "B01U774L6SJ",
            "ts": "1690646300.000000"
        },
        "attachments": [
            {
                "id": 1,
                "footer_icon": "https:\/\/slack.github.com\/static\/img\/favicon-neutral.png",
                "ts": 1690646158,
                "color": "6f42c1",
                "fallback": "[silverkeytech\/giz-edu-inspection] Pull request opened by RehamAbdelraheemAli",
                "pretext": "Pull request opened by <https:\/\/github.com\/RehamAbdelraheemAli|RehamAbdelraheemAli>",
                "title": "<https:\/\/github.com\/silverkeytech\/giz-edu-inspection\/pull\/928|#928 fix ids in migration files>",
                "callback_id": "pr-opened-interaction",
                "footer": "<https:\/\/github.com\/silverkeytech\/giz-edu-inspection|silverkeytech\/giz-edu-inspection>",
                "mrkdwn_in": [
                    "text"
                ],
                "actions": [
                    {
                        "id": "1",
                        "name": "comment",
                        "text": "Comment",
                        "type": "button",
                        "value": "{&amp;amp;quot;selectedOrg&amp;amp;quot;:&amp;amp;quot;silverkeytech&amp;amp;quot;,&amp;amp;quot;selectedOrgId&amp;amp;quot;:109834,&amp;amp;quot;selectedRepo&amp;amp;quot;:&amp;amp;quot;giz-edu-inspection&amp;amp;quot;,&amp;amp;quot;selectedRepoId&amp;amp;quot;:385211344,&amp;amp;quot;number&amp;amp;quot;:928,&amp;amp;quot;htmlUrl&amp;amp;quot;:&amp;amp;quot;https:\/\/github.com\/silverkeytech\/giz-edu-inspection\/pull\/928&amp;amp;quot;,&amp;amp;quot;title&amp;amp;quot;:&amp;amp;quot;fix ids in migration files&amp;amp;quot;}",
                        "style": ""
                    }
                ]
            },
            {
                "id": 2,
                "color": "28a745",
                "fallback": "All checks have passed",
                "text": ":white_check_mark: All checks have passed",
                "footer": "1\/1 successful checks"
            }
        ],
        "thread_ts": "1690646161.116589",
        "reply_count": 1,
        "reply_users_count": 1,
        "latest_reply": "1690646300.013649",
        "reply_users": [
            "U01UE6SLDMH"
        ],
        "replies": [
            {
                "user": "U01UE6SLDMH",
                "ts": "1690646300.013649"
            }
        ],
        "is_locked": false,
        "subscribed": false
    },
    {
        "bot_id": "B01U774L6SJ",
        "type": "message",
        "text": "",
        "user": "U01UE6SLDMH",
        "ts": "1690646235.838039",
        "app_id": "A01BP7R4KNY",
        "team": "T03FVM0K8",
        "bot_profile": {
            "id": "B01U774L6SJ",
            "app_id": "A01BP7R4KNY",
            "name": "GitHub",
            "icons": {
                "image_36": "https:\/\/avatars.slack-edge.com\/2020-11-25\/1527503386626_319578f21381f9641cd8_36.png",
                "image_48": "https:\/\/avatars.slack-edge.com\/2020-11-25\/1527503386626_319578f21381f9641cd8_48.png",
                "image_72": "https:\/\/avatars.slack-edge.com\/2020-11-25\/1527503386626_319578f21381f9641cd8_72.png"
            },
            "deleted": false,
            "updated": 1618484049,
            "team_id": "T03FVM0K8"
        },
        "edited": {
            "user": "B01U774L6SJ",
            "ts": "1690646400.000000"
        },
        "attachments": [
            {
                "id": 1,
                "footer_icon": "https:\/\/slack.github.com\/static\/img\/favicon-neutral.png",
                "ts": 1690646234,
                "color": "6f42c1",
                "fallback": "[silverkeytech\/giz-edu-inspection] Pull request opened by manarrn",
                "pretext": "Pull request opened by <https:\/\/github.com\/manarrn|manarrn>",
                "title": "<https:\/\/github.com\/silverkeytech\/giz-edu-inspection\/pull\/929|#929 Add Student Type>",
                "callback_id": "pr-opened-interaction",
                "footer": "<https:\/\/github.com\/silverkeytech\/giz-edu-inspection|silverkeytech\/giz-edu-inspection>",
                "mrkdwn_in": [
                    "text"
                ],
                "actions": [
                    {
                        "id": "1",
                        "name": "comment",
                        "text": "Comment",
                        "type": "button",
                        "value": "{&amp;amp;quot;selectedOrg&amp;amp;quot;:&amp;amp;quot;silverkeytech&amp;amp;quot;,&amp;amp;quot;selectedOrgId&amp;amp;quot;:109834,&amp;amp;quot;selectedRepo&amp;amp;quot;:&amp;amp;quot;giz-edu-inspection&amp;amp;quot;,&amp;amp;quot;selectedRepoId&amp;amp;quot;:385211344,&amp;amp;quot;number&amp;amp;quot;:929,&amp;amp;quot;htmlUrl&amp;amp;quot;:&amp;amp;quot;https:\/\/github.com\/silverkeytech\/giz-edu-inspection\/pull\/929&amp;amp;quot;,&amp;amp;quot;title&amp;amp;quot;:&amp;amp;quot;Add Student Type&amp;amp;quot;}",
                        "style": ""
                    }
                ]
            },
            {
                "id": 2,
                "color": "28a745",
                "fallback": "All checks have passed",
                "text": ":white_check_mark: All checks have passed",
                "footer": "1\/1 successful checks"
            }
        ],
        "thread_ts": "1690646235.838039",
        "reply_count": 1,
        "reply_users_count": 1,
        "latest_reply": "1690646400.619369",
        "reply_users": [
            "U01UE6SLDMH"
        ],
        "replies": [
            {
                "user": "U01UE6SLDMH",
                "ts": "1690646400.619369"
            }
        ],
        "is_locked": false,
        "subscribed": false
    },
    {
        "bot_id": "B01U774L6SJ",
        "type": "message",
        "text": "",
        "user": "U01UE6SLDMH",
        "ts": "1690646300.009469",
        "app_id": "A01BP7R4KNY",
        "team": "T03FVM0K8",
        "bot_profile": {
            "id": "B01U774L6SJ",
            "app_id": "A01BP7R4KNY",
            "name": "GitHub",
            "icons": {
                "image_36": "https:\/\/avatars.slack-edge.com\/2020-11-25\/1527503386626_319578f21381f9641cd8_36.png",
                "image_48": "https:\/\/avatars.slack-edge.com\/2020-11-25\/1527503386626_319578f21381f9641cd8_48.png",
                "image_72": "https:\/\/avatars.slack-edge.com\/2020-11-25\/1527503386626_319578f21381f9641cd8_72.png"
            },
            "deleted": false,
            "updated": 1618484049,
            "team_id": "T03FVM0K8"
        },
        "attachments": [
            {
                "id": 1,
                "footer_icon": "https:\/\/slack.github.com\/static\/img\/favicon-neutral.png",
                "color": "24292f",
                "fallback": "[silverkeytech\/giz-edu-inspection] 2 new commits pushed to _main_ by RehamAbdelraheemAli",
                "text": "`<https:\/\/github.com\/silverkeytech\/giz-edu-inspection\/commit\/5b36a77c2cbfda8dfc673ba2f2b9dabec4de1c68|5b36a77c>` - fix ids in migration files\n`<https:\/\/github.com\/silverkeytech\/giz-edu-inspection\/commit\/4b0098bb9087d334702c6cd9d4bfd66f0d3aa21b|4b0098bb>` - Merge pull request #928 from silverkeytech\/reham-abdelraheem",
                "pretext": "<https:\/\/github.com\/silverkeytech\/giz-edu-inspection\/compare\/1bb723b80a0e...4b0098bb9087|2 new commits> pushed to `<https:\/\/github.com\/silverkeytech\/giz-edu-inspection\/tree\/main|main>` by <https:\/\/github.com\/RehamAbdelraheemAli|RehamAbdelraheemAli>",
                "footer": "<https:\/\/github.com\/silverkeytech\/giz-edu-inspection|silverkeytech\/giz-edu-inspection>",
                "mrkdwn_in": [
                    "text"
                ]
            }
        ]
    },
    {
        "type": "message",
        "subtype": "thread_broadcast",
        "text": "",
        "bot_id": "B01U774L6SJ",
        "ts": "1690646300.013649",
        "thread_ts": "1690646161.116589",
        "root": {
            "bot_id": "B01U774L6SJ",
            "type": "message",
            "text": "",
            "user": "U01UE6SLDMH",
            "ts": "1690646161.116589",
            "app_id": "A01BP7R4KNY",
            "team": "T03FVM0K8",
            "bot_profile": {
                "id": "B01U774L6SJ",
                "app_id": "A01BP7R4KNY",
                "name": "GitHub",
                "icons": {
                    "image_36": "https:\/\/avatars.slack-edge.com\/2020-11-25\/1527503386626_319578f21381f9641cd8_36.png",
                    "image_48": "https:\/\/avatars.slack-edge.com\/2020-11-25\/1527503386626_319578f21381f9641cd8_48.png",
                    "image_72": "https:\/\/avatars.slack-edge.com\/2020-11-25\/1527503386626_319578f21381f9641cd8_72.png"
                },
                "deleted": false,
                "updated": 1618484049,
                "team_id": "T03FVM0K8"
            },
            "edited": {
                "user": "B01U774L6SJ",
                "ts": "1690646300.000000"
            },
            "attachments": [
                {
                    "id": 1,
                    "footer_icon": "https:\/\/slack.github.com\/static\/img\/favicon-neutral.png",
                    "ts": 1690646158,
                    "color": "6f42c1",
                    "fallback": "[silverkeytech\/giz-edu-inspection] Pull request opened by RehamAbdelraheemAli",
                    "pretext": "Pull request opened by <https:\/\/github.com\/RehamAbdelraheemAli|RehamAbdelraheemAli>",
                    "title": "<https:\/\/github.com\/silverkeytech\/giz-edu-inspection\/pull\/928|#928 fix ids in migration files>",
                    "callback_id": "pr-opened-interaction",
                    "footer": "<https:\/\/github.com\/silverkeytech\/giz-edu-inspection|silverkeytech\/giz-edu-inspection>",
                    "mrkdwn_in": [
                        "text"
                    ],
                    "actions": [
                        {
                            "id": "1",
                            "name": "comment",
                            "text": "Comment",
                            "type": "button",
                            "value": "{&amp;amp;quot;selectedOrg&amp;amp;quot;:&amp;amp;quot;silverkeytech&amp;amp;quot;,&amp;amp;quot;selectedOrgId&amp;amp;quot;:109834,&amp;amp;quot;selectedRepo&amp;amp;quot;:&amp;amp;quot;giz-edu-inspection&amp;amp;quot;,&amp;amp;quot;selectedRepoId&amp;amp;quot;:385211344,&amp;amp;quot;number&amp;amp;quot;:928,&amp;amp;quot;htmlUrl&amp;amp;quot;:&amp;amp;quot;https:\/\/github.com\/silverkeytech\/giz-edu-inspection\/pull\/928&amp;amp;quot;,&amp;amp;quot;title&amp;amp;quot;:&amp;amp;quot;fix ids in migration files&amp;amp;quot;}",
                            "style": ""
                        }
                    ]
                },
                {
                    "id": 2,
                    "color": "28a745",
                    "fallback": "All checks have passed",
                    "text": ":white_check_mark: All checks have passed",
                    "footer": "1\/1 successful checks"
                }
            ],
            "thread_ts": "1690646161.116589",
            "reply_count": 1,
            "reply_users_count": 1,
            "latest_reply": "1690646300.013649",
            "reply_users": [
                "U01UE6SLDMH"
            ],
            "replies": [
                {
                    "user": "U01UE6SLDMH",
                    "ts": "1690646300.013649"
                }
            ],
            "is_locked": false,
            "subscribed": false
        },
        "app_id": "A01BP7R4KNY",
        "attachments": [
            {
                "id": 1,
                "footer_icon": "https:\/\/slack.github.com\/static\/img\/favicon-neutral.png",
                "ts": 1690646158,
                "color": "6f42c1",
                "fallback": "[silverkeytech\/giz-edu-inspection] Pull request merged by RehamAbdelraheemAli",
                "pretext": "Pull request merged by <https:\/\/github.com\/RehamAbdelraheemAli|RehamAbdelraheemAli>",
                "title": "<https:\/\/github.com\/silverkeytech\/giz-edu-inspection\/pull\/928|#928 fix ids in migration files>",
                "footer": "<https:\/\/github.com\/silverkeytech\/giz-edu-inspection|silverkeytech\/giz-edu-inspection>"
            }
        ]
    },
    {
        "bot_id": "B01U774L6SJ",
        "type": "message",
        "text": "",
        "user": "U01UE6SLDMH",
        "ts": "1690646400.187419",
        "app_id": "A01BP7R4KNY",
        "team": "T03FVM0K8",
        "bot_profile": {
            "id": "B01U774L6SJ",
            "app_id": "A01BP7R4KNY",
            "name": "GitHub",
            "icons": {
                "image_36": "https:\/\/avatars.slack-edge.com\/2020-11-25\/1527503386626_319578f21381f9641cd8_36.png",
                "image_48": "https:\/\/avatars.slack-edge.com\/2020-11-25\/1527503386626_319578f21381f9641cd8_48.png",
                "image_72": "https:\/\/avatars.slack-edge.com\/2020-11-25\/1527503386626_319578f21381f9641cd8_72.png"
            },
            "deleted": false,
            "updated": 1618484049,
            "team_id": "T03FVM0K8"
        },
        "attachments": [
            {
                "id": 1,
                "footer_icon": "https:\/\/slack.github.com\/static\/img\/favicon-neutral.png",
                "color": "24292f",
                "fallback": "[silverkeytech\/giz-edu-inspection] 2 new commits pushed to _main_ by manarrn",
                "text": "`<https:\/\/github.com\/silverkeytech\/giz-edu-inspection\/commit\/c9509431e8f37f4314d8d107d4031691ab91a846|c9509431>` - add student type\n`<https:\/\/github.com\/silverkeytech\/giz-edu-inspection\/commit\/d10fe1281f6d5f9221894397595662342a63612b|d10fe128>` - Merge pull request #929 from silverkeytech\/manar",
                "pretext": "<https:\/\/github.com\/silverkeytech\/giz-edu-inspection\/compare\/4b0098bb9087...d10fe1281f6d|2 new commits> pushed to `<https:\/\/github.com\/silverkeytech\/giz-edu-inspection\/tree\/main|main>` by <https:\/\/github.com\/manarrn|manarrn>",
                "footer": "<https:\/\/github.com\/silverkeytech\/giz-edu-inspection|silverkeytech\/giz-edu-inspection>",
                "mrkdwn_in": [
                    "text"
                ]
            }
        ]
    },
    {
        "type": "message",
        "subtype": "thread_broadcast",
        "text": "",
        "bot_id": "B01U774L6SJ",
        "ts": "1690646400.619369",
        "thread_ts": "1690646235.838039",
        "root": {
            "bot_id": "B01U774L6SJ",
            "type": "message",
            "text": "",
            "user": "U01UE6SLDMH",
            "ts": "1690646235.838039",
            "app_id": "A01BP7R4KNY",
            "team": "T03FVM0K8",
            "bot_profile": {
                "id": "B01U774L6SJ",
                "app_id": "A01BP7R4KNY",
                "name": "GitHub",
                "icons": {
                    "image_36": "https:\/\/avatars.slack-edge.com\/2020-11-25\/1527503386626_319578f21381f9641cd8_36.png",
                    "image_48": "https:\/\/avatars.slack-edge.com\/2020-11-25\/1527503386626_319578f21381f9641cd8_48.png",
                    "image_72": "https:\/\/avatars.slack-edge.com\/2020-11-25\/1527503386626_319578f21381f9641cd8_72.png"
                },
                "deleted": false,
                "updated": 1618484049,
                "team_id": "T03FVM0K8"
            },
            "edited": {
                "user": "B01U774L6SJ",
                "ts": "1690646400.000000"
            },
            "attachments": [
                {
                    "id": 1,
                    "footer_icon": "https:\/\/slack.github.com\/static\/img\/favicon-neutral.png",
                    "ts": 1690646234,
                    "color": "6f42c1",
                    "fallback": "[silverkeytech\/giz-edu-inspection] Pull request opened by manarrn",
                    "pretext": "Pull request opened by <https:\/\/github.com\/manarrn|manarrn>",
                    "title": "<https:\/\/github.com\/silverkeytech\/giz-edu-inspection\/pull\/929|#929 Add Student Type>",
                    "callback_id": "pr-opened-interaction",
                    "footer": "<https:\/\/github.com\/silverkeytech\/giz-edu-inspection|silverkeytech\/giz-edu-inspection>",
                    "mrkdwn_in": [
                        "text"
                    ],
                    "actions": [
                        {
                            "id": "1",
                            "name": "comment",
                            "text": "Comment",
                            "type": "button",
                            "value": "{&amp;amp;quot;selectedOrg&amp;amp;quot;:&amp;amp;quot;silverkeytech&amp;amp;quot;,&amp;amp;quot;selectedOrgId&amp;amp;quot;:109834,&amp;amp;quot;selectedRepo&amp;amp;quot;:&amp;amp;quot;giz-edu-inspection&amp;amp;quot;,&amp;amp;quot;selectedRepoId&amp;amp;quot;:385211344,&amp;amp;quot;number&amp;amp;quot;:929,&amp;amp;quot;htmlUrl&amp;amp;quot;:&amp;amp;quot;https:\/\/github.com\/silverkeytech\/giz-edu-inspection\/pull\/929&amp;amp;quot;,&amp;amp;quot;title&amp;amp;quot;:&amp;amp;quot;Add Student Type&amp;amp;quot;}",
                            "style": ""
                        }
                    ]
                },
                {
                    "id": 2,
                    "color": "28a745",
                    "fallback": "All checks have passed",
                    "text": ":white_check_mark: All checks have passed",
                    "footer": "1\/1 successful checks"
                }
            ],
            "thread_ts": "1690646235.838039",
            "reply_count": 1,
            "reply_users_count": 1,
            "latest_reply": "1690646400.619369",
            "reply_users": [
                "U01UE6SLDMH"
            ],
            "replies": [
                {
                    "user": "U01UE6SLDMH",
                    "ts": "1690646400.619369"
                }
            ],
            "is_locked": false,
            "subscribed": false
        },
        "app_id": "A01BP7R4KNY",
        "attachments": [
            {
                "id": 1,
                "footer_icon": "https:\/\/slack.github.com\/static\/img\/favicon-neutral.png",
                "ts": 1690646234,
                "color": "6f42c1",
                "fallback": "[silverkeytech\/giz-edu-inspection] Pull request merged by manarrn",
                "pretext": "Pull request merged by <https:\/\/github.com\/manarrn|manarrn>",
                "title": "<https:\/\/github.com\/silverkeytech\/giz-edu-inspection\/pull\/929|#929 Add Student Type>",
                "footer": "<https:\/\/github.com\/silverkeytech\/giz-edu-inspection|silverkeytech\/giz-edu-inspection>"
            }
        ]
    },
    {
        "bot_id": "B01U774L6SJ",
        "type": "message",
        "text": "",
        "user": "U01UE6SLDMH",
        "ts": "1690648023.027099",
        "app_id": "A01BP7R4KNY",
        "team": "T03FVM0K8",
        "bot_profile": {
            "id": "B01U774L6SJ",
            "app_id": "A01BP7R4KNY",
            "name": "GitHub",
            "icons": {
                "image_36": "https:\/\/avatars.slack-edge.com\/2020-11-25\/1527503386626_319578f21381f9641cd8_36.png",
                "image_48": "https:\/\/avatars.slack-edge.com\/2020-11-25\/1527503386626_319578f21381f9641cd8_48.png",
                "image_72": "https:\/\/avatars.slack-edge.com\/2020-11-25\/1527503386626_319578f21381f9641cd8_72.png"
            },
            "deleted": false,
            "updated": 1618484049,
            "team_id": "T03FVM0K8"
        },
        "edited": {
            "user": "B01U774L6SJ",
            "ts": "1690648129.000000"
        },
        "attachments": [
            {
                "id": 1,
                "footer_icon": "https:\/\/slack.github.com\/static\/img\/favicon-neutral.png",
                "ts": 1690648021,
                "color": "6f42c1",
                "fallback": "[silverkeytech\/giz-edu-inspection] Pull request opened by manarrn",
                "pretext": "Pull request opened by <https:\/\/github.com\/manarrn|manarrn>",
                "title": "<https:\/\/github.com\/silverkeytech\/giz-edu-inspection\/pull\/930|#930 Move Indicator to Equipment page>",
                "callback_id": "pr-opened-interaction",
                "footer": "<https:\/\/github.com\/silverkeytech\/giz-edu-inspection|silverkeytech\/giz-edu-inspection>",
                "mrkdwn_in": [
                    "text"
                ],
                "actions": [
                    {
                        "id": "1",
                        "name": "comment",
                        "text": "Comment",
                        "type": "button",
                        "value": "{&amp;amp;quot;selectedOrg&amp;amp;quot;:&amp;amp;quot;silverkeytech&amp;amp;quot;,&amp;amp;quot;selectedOrgId&amp;amp;quot;:109834,&amp;amp;quot;selectedRepo&amp;amp;quot;:&amp;amp;quot;giz-edu-inspection&amp;amp;quot;,&amp;amp;quot;selectedRepoId&amp;amp;quot;:385211344,&amp;amp;quot;number&amp;amp;quot;:930,&amp;amp;quot;htmlUrl&amp;amp;quot;:&amp;amp;quot;https:\/\/github.com\/silverkeytech\/giz-edu-inspection\/pull\/930&amp;amp;quot;,&amp;amp;quot;title&amp;amp;quot;:&amp;amp;quot;Move Indicator to Equipment page&amp;amp;quot;}",
                        "style": ""
                    }
                ]
            },
            {
                "id": 2,
                "color": "28a745",
                "fallback": "All checks have passed",
                "text": ":white_check_mark: All checks have passed",
                "footer": "1\/1 successful checks"
            }
        ],
        "thread_ts": "1690648023.027099",
        "reply_count": 1,
        "reply_users_count": 1,
        "latest_reply": "1690648129.220579",
        "reply_users": [
            "U01UE6SLDMH"
        ],
        "replies": [
            {
                "user": "U01UE6SLDMH",
                "ts": "1690648129.220579"
            }
        ],
        "is_locked": false,
        "subscribed": false
    },
    {
        "bot_id": "B01U774L6SJ",
        "type": "message",
        "text": "",
        "user": "U01UE6SLDMH",
        "ts": "1690648129.119449",
        "app_id": "A01BP7R4KNY",
        "team": "T03FVM0K8",
        "bot_profile": {
            "id": "B01U774L6SJ",
            "app_id": "A01BP7R4KNY",
            "name": "GitHub",
            "icons": {
                "image_36": "https:\/\/avatars.slack-edge.com\/2020-11-25\/1527503386626_319578f21381f9641cd8_36.png",
                "image_48": "https:\/\/avatars.slack-edge.com\/2020-11-25\/1527503386626_319578f21381f9641cd8_48.png",
                "image_72": "https:\/\/avatars.slack-edge.com\/2020-11-25\/1527503386626_319578f21381f9641cd8_72.png"
            },
            "deleted": false,
            "updated": 1618484049,
            "team_id": "T03FVM0K8"
        },
        "attachments": [
            {
                "id": 1,
                "footer_icon": "https:\/\/slack.github.com\/static\/img\/favicon-neutral.png",
                "color": "24292f",
                "fallback": "[silverkeytech\/giz-edu-inspection] 2 new commits pushed to _main_ by manarrn",
                "text": "`<https:\/\/github.com\/silverkeytech\/giz-edu-inspection\/commit\/a4b2f4de4619fc9f1246c60cd52927dec6a2f92c|a4b2f4de>` - change indicator\n`<https:\/\/github.com\/silverkeytech\/giz-edu-inspection\/commit\/74d782b6d7ef171dbb7c935f30005e8bddfb40c6|74d782b6>` - Merge pull request #930 from silverkeytech\/manar",
                "pretext": "<https:\/\/github.com\/silverkeytech\/giz-edu-inspection\/compare\/d10fe1281f6d...74d782b6d7ef|2 new commits> pushed to `<https:\/\/github.com\/silverkeytech\/giz-edu-inspection\/tree\/main|main>` by <https:\/\/github.com\/manarrn|manarrn>",
                "footer": "<https:\/\/github.com\/silverkeytech\/giz-edu-inspection|silverkeytech\/giz-edu-inspection>",
                "mrkdwn_in": [
                    "text"
                ]
            }
        ]
    },
    {
        "type": "message",
        "subtype": "thread_broadcast",
        "text": "",
        "bot_id": "B01U774L6SJ",
        "ts": "1690648129.220579",
        "thread_ts": "1690648023.027099",
        "root": {
            "bot_id": "B01U774L6SJ",
            "type": "message",
            "text": "",
            "user": "U01UE6SLDMH",
            "ts": "1690648023.027099",
            "app_id": "A01BP7R4KNY",
            "team": "T03FVM0K8",
            "bot_profile": {
                "id": "B01U774L6SJ",
                "app_id": "A01BP7R4KNY",
                "name": "GitHub",
                "icons": {
                    "image_36": "https:\/\/avatars.slack-edge.com\/2020-11-25\/1527503386626_319578f21381f9641cd8_36.png",
                    "image_48": "https:\/\/avatars.slack-edge.com\/2020-11-25\/1527503386626_319578f21381f9641cd8_48.png",
                    "image_72": "https:\/\/avatars.slack-edge.com\/2020-11-25\/1527503386626_319578f21381f9641cd8_72.png"
                },
                "deleted": false,
                "updated": 1618484049,
                "team_id": "T03FVM0K8"
            },
            "edited": {
                "user": "B01U774L6SJ",
                "ts": "1690648129.000000"
            },
            "attachments": [
                {
                    "id": 1,
                    "footer_icon": "https:\/\/slack.github.com\/static\/img\/favicon-neutral.png",
                    "ts": 1690648021,
                    "color": "6f42c1",
                    "fallback": "[silverkeytech\/giz-edu-inspection] Pull request opened by manarrn",
                    "pretext": "Pull request opened by <https:\/\/github.com\/manarrn|manarrn>",
                    "title": "<https:\/\/github.com\/silverkeytech\/giz-edu-inspection\/pull\/930|#930 Move Indicator to Equipment page>",
                    "callback_id": "pr-opened-interaction",
                    "footer": "<https:\/\/github.com\/silverkeytech\/giz-edu-inspection|silverkeytech\/giz-edu-inspection>",
                    "mrkdwn_in": [
                        "text"
                    ],
                    "actions": [
                        {
                            "id": "1",
                            "name": "comment",
                            "text": "Comment",
                            "type": "button",
                            "value": "{&amp;amp;quot;selectedOrg&amp;amp;quot;:&amp;amp;quot;silverkeytech&amp;amp;quot;,&amp;amp;quot;selectedOrgId&amp;amp;quot;:109834,&amp;amp;quot;selectedRepo&amp;amp;quot;:&amp;amp;quot;giz-edu-inspection&amp;amp;quot;,&amp;amp;quot;selectedRepoId&amp;amp;quot;:385211344,&amp;amp;quot;number&amp;amp;quot;:930,&amp;amp;quot;htmlUrl&amp;amp;quot;:&amp;amp;quot;https:\/\/github.com\/silverkeytech\/giz-edu-inspection\/pull\/930&amp;amp;quot;,&amp;amp;quot;title&amp;amp;quot;:&amp;amp;quot;Move Indicator to Equipment page&amp;amp;quot;}",
                            "style": ""
                        }
                    ]
                },
                {
                    "id": 2,
                    "color": "28a745",
                    "fallback": "All checks have passed",
                    "text": ":white_check_mark: All checks have passed",
                    "footer": "1\/1 successful checks"
                }
            ],
            "thread_ts": "1690648023.027099",
            "reply_count": 1,
            "reply_users_count": 1,
            "latest_reply": "1690648129.220579",
            "reply_users": [
                "U01UE6SLDMH"
            ],
            "replies": [
                {
                    "user": "U01UE6SLDMH",
                    "ts": "1690648129.220579"
                }
            ],
            "is_locked": false,
            "subscribed": false
        },
        "app_id": "A01BP7R4KNY",
        "attachments": [
            {
                "id": 1,
                "footer_icon": "https:\/\/slack.github.com\/static\/img\/favicon-neutral.png",
                "ts": 1690648021,
                "color": "6f42c1",
                "fallback": "[silverkeytech\/giz-edu-inspection] Pull request merged by manarrn",
                "pretext": "Pull request merged by <https:\/\/github.com\/manarrn|manarrn>",
                "title": "<https:\/\/github.com\/silverkeytech\/giz-edu-inspection\/pull\/930|#930 Move Indicator to Equipment page>",
                "footer": "<https:\/\/github.com\/silverkeytech\/giz-edu-inspection|silverkeytech\/giz-edu-inspection>"
            }
        ]
    },
    {
        "bot_id": "B01U774L6SJ",
        "type": "message",
        "text": "",
        "user": "U01UE6SLDMH",
        "ts": "1690656149.259309",
        "app_id": "A01BP7R4KNY",
        "team": "T03FVM0K8",
        "bot_profile": {
            "id": "B01U774L6SJ",
            "app_id": "A01BP7R4KNY",
            "name": "GitHub",
            "icons": {
                "image_36": "https:\/\/avatars.slack-edge.com\/2020-11-25\/1527503386626_319578f21381f9641cd8_36.png",
                "image_48": "https:\/\/avatars.slack-edge.com\/2020-11-25\/1527503386626_319578f21381f9641cd8_48.png",
                "image_72": "https:\/\/avatars.slack-edge.com\/2020-11-25\/1527503386626_319578f21381f9641cd8_72.png"
            },
            "deleted": false,
            "updated": 1618484049,
            "team_id": "T03FVM0K8"
        },
        "edited": {
            "user": "B01U774L6SJ",
            "ts": "1690656254.000000"
        },
        "attachments": [
            {
                "id": 1,
                "footer_icon": "https:\/\/slack.github.com\/static\/img\/favicon-neutral.png",
                "ts": 1690656147,
                "color": "6f42c1",
                "fallback": "[silverkeytech\/giz-edu-inspection] Pull request opened by RehamAbdelraheemAli",
                "pretext": "Pull request opened by <https:\/\/github.com\/RehamAbdelraheemAli|RehamAbdelraheemAli>",
                "title": "<https:\/\/github.com\/silverkeytech\/giz-edu-inspection\/pull\/931|#931 school stats for readiness assessment>",
                "callback_id": "pr-opened-interaction",
                "footer": "<https:\/\/github.com\/silverkeytech\/giz-edu-inspection|silverkeytech\/giz-edu-inspection>",
                "mrkdwn_in": [
                    "text"
                ],
                "actions": [
                    {
                        "id": "1",
                        "name": "comment",
                        "text": "Comment",
                        "type": "button",
                        "value": "{&amp;amp;quot;selectedOrg&amp;amp;quot;:&amp;amp;quot;silverkeytech&amp;amp;quot;,&amp;amp;quot;selectedOrgId&amp;amp;quot;:109834,&amp;amp;quot;selectedRepo&amp;amp;quot;:&amp;amp;quot;giz-edu-inspection&amp;amp;quot;,&amp;amp;quot;selectedRepoId&amp;amp;quot;:385211344,&amp;amp;quot;number&amp;amp;quot;:931,&amp;amp;quot;htmlUrl&amp;amp;quot;:&amp;amp;quot;https:\/\/github.com\/silverkeytech\/giz-edu-inspection\/pull\/931&amp;amp;quot;,&amp;amp;quot;title&amp;amp;quot;:&amp;amp;quot;school stats for readiness assessment&amp;amp;quot;}",
                        "style": ""
                    }
                ]
            },
            {
                "id": 2,
                "color": "28a745",
                "fallback": "All checks have passed",
                "text": ":white_check_mark: All checks have passed",
                "footer": "1\/1 successful checks"
            }
        ],
        "thread_ts": "1690656149.259309",
        "reply_count": 1,
        "reply_users_count": 1,
        "latest_reply": "1690656253.872489",
        "reply_users": [
            "U01UE6SLDMH"
        ],
        "replies": [
            {
                "user": "U01UE6SLDMH",
                "ts": "1690656253.872489"
            }
        ],
        "is_locked": false,
        "subscribed": false
    },
    {
        "bot_id": "B01U774L6SJ",
        "type": "message",
        "text": "",
        "user": "U01UE6SLDMH",
        "ts": "1690656253.774279",
        "app_id": "A01BP7R4KNY",
        "team": "T03FVM0K8",
        "bot_profile": {
            "id": "B01U774L6SJ",
            "app_id": "A01BP7R4KNY",
            "name": "GitHub",
            "icons": {
                "image_36": "https:\/\/avatars.slack-edge.com\/2020-11-25\/1527503386626_319578f21381f9641cd8_36.png",
                "image_48": "https:\/\/avatars.slack-edge.com\/2020-11-25\/1527503386626_319578f21381f9641cd8_48.png",
                "image_72": "https:\/\/avatars.slack-edge.com\/2020-11-25\/1527503386626_319578f21381f9641cd8_72.png"
            },
            "deleted": false,
            "updated": 1618484049,
            "team_id": "T03FVM0K8"
        },
        "attachments": [
            {
                "id": 1,
                "footer_icon": "https:\/\/slack.github.com\/static\/img\/favicon-neutral.png",
                "color": "24292f",
                "fallback": "[silverkeytech\/giz-edu-inspection] 2 new commits pushed to _main_ by RehamAbdelraheemAli",
                "text": "`<https:\/\/github.com\/silverkeytech\/giz-edu-inspection\/commit\/f80407acbf06329c384ad89061b57a3c2ef93684|f80407ac>` - school stats for readiness assessment\n`<https:\/\/github.com\/silverkeytech\/giz-edu-inspection\/commit\/7dac8f58d93a29237ba02e47da38b16ed613b14a|7dac8f58>` - Merge pull request #931 from silverkeytech\/reham-abdelraheem",
                "pretext": "<https:\/\/github.com\/silverkeytech\/giz-edu-inspection\/compare\/74d782b6d7ef...7dac8f58d93a|2 new commits> pushed to `<https:\/\/github.com\/silverkeytech\/giz-edu-inspection\/tree\/main|main>` by <https:\/\/github.com\/RehamAbdelraheemAli|RehamAbdelraheemAli>",
                "footer": "<https:\/\/github.com\/silverkeytech\/giz-edu-inspection|silverkeytech\/giz-edu-inspection>",
                "mrkdwn_in": [
                    "text"
                ]
            }
        ]
    },
    {
        "type": "message",
        "subtype": "thread_broadcast",
        "text": "",
        "bot_id": "B01U774L6SJ",
        "ts": "1690656253.872489",
        "thread_ts": "1690656149.259309",
        "root": {
            "bot_id": "B01U774L6SJ",
            "type": "message",
            "text": "",
            "user": "U01UE6SLDMH",
            "ts": "1690656149.259309",
            "app_id": "A01BP7R4KNY",
            "team": "T03FVM0K8",
            "bot_profile": {
                "id": "B01U774L6SJ",
                "app_id": "A01BP7R4KNY",
                "name": "GitHub",
                "icons": {
                    "image_36": "https:\/\/avatars.slack-edge.com\/2020-11-25\/1527503386626_319578f21381f9641cd8_36.png",
                    "image_48": "https:\/\/avatars.slack-edge.com\/2020-11-25\/1527503386626_319578f21381f9641cd8_48.png",
                    "image_72": "https:\/\/avatars.slack-edge.com\/2020-11-25\/1527503386626_319578f21381f9641cd8_72.png"
                },
                "deleted": false,
                "updated": 1618484049,
                "team_id": "T03FVM0K8"
            },
            "edited": {
                "user": "B01U774L6SJ",
                "ts": "1690656254.000000"
            },
            "attachments": [
                {
                    "id": 1,
                    "footer_icon": "https:\/\/slack.github.com\/static\/img\/favicon-neutral.png",
                    "ts": 1690656147,
                    "color": "6f42c1",
                    "fallback": "[silverkeytech\/giz-edu-inspection] Pull request opened by RehamAbdelraheemAli",
                    "pretext": "Pull request opened by <https:\/\/github.com\/RehamAbdelraheemAli|RehamAbdelraheemAli>",
                    "title": "<https:\/\/github.com\/silverkeytech\/giz-edu-inspection\/pull\/931|#931 school stats for readiness assessment>",
                    "callback_id": "pr-opened-interaction",
                    "footer": "<https:\/\/github.com\/silverkeytech\/giz-edu-inspection|silverkeytech\/giz-edu-inspection>",
                    "mrkdwn_in": [
                        "text"
                    ],
                    "actions": [
                        {
                            "id": "1",
                            "name": "comment",
                            "text": "Comment",
                            "type": "button",
                            "value": "{&amp;amp;quot;selectedOrg&amp;amp;quot;:&amp;amp;quot;silverkeytech&amp;amp;quot;,&amp;amp;quot;selectedOrgId&amp;amp;quot;:109834,&amp;amp;quot;selectedRepo&amp;amp;quot;:&amp;amp;quot;giz-edu-inspection&amp;amp;quot;,&amp;amp;quot;selectedRepoId&amp;amp;quot;:385211344,&amp;amp;quot;number&amp;amp;quot;:931,&amp;amp;quot;htmlUrl&amp;amp;quot;:&amp;amp;quot;https:\/\/github.com\/silverkeytech\/giz-edu-inspection\/pull\/931&amp;amp;quot;,&amp;amp;quot;title&amp;amp;quot;:&amp;amp;quot;school stats for readiness assessment&amp;amp;quot;}",
                            "style": ""
                        }
                    ]
                },
                {
                    "id": 2,
                    "color": "28a745",
                    "fallback": "All checks have passed",
                    "text": ":white_check_mark: All checks have passed",
                    "footer": "1\/1 successful checks"
                }
            ],
            "thread_ts": "1690656149.259309",
            "reply_count": 1,
            "reply_users_count": 1,
            "latest_reply": "1690656253.872489",
            "reply_users": [
                "U01UE6SLDMH"
            ],
            "replies": [
                {
                    "user": "U01UE6SLDMH",
                    "ts": "1690656253.872489"
                }
            ],
            "is_locked": false,
            "subscribed": false
        },
        "app_id": "A01BP7R4KNY",
        "attachments": [
            {
                "id": 1,
                "footer_icon": "https:\/\/slack.github.com\/static\/img\/favicon-neutral.png",
                "ts": 1690656147,
                "color": "6f42c1",
                "fallback": "[silverkeytech\/giz-edu-inspection] Pull request merged by RehamAbdelraheemAli",
                "pretext": "Pull request merged by <https:\/\/github.com\/RehamAbdelraheemAli|RehamAbdelraheemAli>",
                "title": "<https:\/\/github.com\/silverkeytech\/giz-edu-inspection\/pull\/931|#931 school stats for readiness assessment>",
                "footer": "<https:\/\/github.com\/silverkeytech\/giz-edu-inspection|silverkeytech\/giz-edu-inspection>"
            }
        ]
    },
    {
        "bot_id": "B01U774L6SJ",
        "type": "message",
        "text": "",
        "user": "U01UE6SLDMH",
        "ts": "1690660790.956259",
        "app_id": "A01BP7R4KNY",
        "team": "T03FVM0K8",
        "bot_profile": {
            "id": "B01U774L6SJ",
            "app_id": "A01BP7R4KNY",
            "name": "GitHub",
            "icons": {
                "image_36": "https:\/\/avatars.slack-edge.com\/2020-11-25\/1527503386626_319578f21381f9641cd8_36.png",
                "image_48": "https:\/\/avatars.slack-edge.com\/2020-11-25\/1527503386626_319578f21381f9641cd8_48.png",
                "image_72": "https:\/\/avatars.slack-edge.com\/2020-11-25\/1527503386626_319578f21381f9641cd8_72.png"
            },
            "deleted": false,
            "updated": 1618484049,
            "team_id": "T03FVM0K8"
        },
        "attachments": [
            {
                "id": 1,
                "footer_icon": "https:\/\/slack.github.com\/static\/img\/favicon-neutral.png",
                "color": "24292f",
                "fallback": "[silverkeytech\/giz-edu-inspection] 2 new commits pushed to _main_ by AmrTealeb",
                "text": "`<https:\/\/github.com\/silverkeytech\/giz-edu-inspection\/commit\/c01633949300bdd8aaa373e369957afd9903e9c0|c0163394>` - Fix general education calculation in success rates report\n`<https:\/\/github.com\/silverkeytech\/giz-edu-inspection\/commit\/023b191d0d2fec2884a144f6df50aa6794ed6504|023b191d>` - Merge branch 'main' of <https:\/\/github.com\/silverkeytech\/giz-edu-inspection>",
                "pretext": "<https:\/\/github.com\/silverkeytech\/giz-edu-inspection\/compare\/7dac8f58d93a...023b191d0d2f|2 new commits> pushed to `<https:\/\/github.com\/silverkeytech\/giz-edu-inspection\/tree\/main|main>` by <https:\/\/github.com\/AmrTealeb|AmrTealeb>",
                "footer": "<https:\/\/github.com\/silverkeytech\/giz-edu-inspection|silverkeytech\/giz-edu-inspection>",
                "mrkdwn_in": [
                    "text"
                ]
            }
        ]
    },
    {
        "bot_id": "B01U774L6SJ",
        "type": "message",
        "text": "",
        "user": "U01UE6SLDMH",
        "ts": "1690680857.413889",
        "app_id": "A01BP7R4KNY",
        "team": "T03FVM0K8",
        "bot_profile": {
            "id": "B01U774L6SJ",
            "app_id": "A01BP7R4KNY",
            "name": "GitHub",
            "icons": {
                "image_36": "https:\/\/avatars.slack-edge.com\/2020-11-25\/1527503386626_319578f21381f9641cd8_36.png",
                "image_48": "https:\/\/avatars.slack-edge.com\/2020-11-25\/1527503386626_319578f21381f9641cd8_48.png",
                "image_72": "https:\/\/avatars.slack-edge.com\/2020-11-25\/1527503386626_319578f21381f9641cd8_72.png"
            },
            "deleted": false,
            "updated": 1618484049,
            "team_id": "T03FVM0K8"
        },
        "edited": {
            "user": "B01U774L6SJ",
            "ts": "1690681032.000000"
        },
        "attachments": [
            {
                "id": 1,
                "footer_icon": "https:\/\/slack.github.com\/static\/img\/favicon-neutral.png",
                "ts": 1690680855,
                "color": "6f42c1",
                "fallback": "[silverkeytech\/giz-edu-inspection] Pull request opened by RehamAbdelraheemAli",
                "text": "…mic report view\n\nfix dynamic report questions seed",
                "pretext": "Pull request opened by <https:\/\/github.com\/RehamAbdelraheemAli|RehamAbdelraheemAli>",
                "title": "<https:\/\/github.com\/silverkeytech\/giz-edu-inspection\/pull\/932|#932 add absenteeism, success rates, students distribution to program dyna…>",
                "callback_id": "pr-opened-interaction",
                "footer": "<https:\/\/github.com\/silverkeytech\/giz-edu-inspection|silverkeytech\/giz-edu-inspection>",
                "mrkdwn_in": [
                    "text"
                ],
                "actions": [
                    {
                        "id": "1",
                        "name": "comment",
                        "text": "Comment",
                        "type": "button",
                        "value": "{&amp;amp;quot;selectedOrg&amp;amp;quot;:&amp;amp;quot;silverkeytech&amp;amp;quot;,&amp;amp;quot;selectedOrgId&amp;amp;quot;:109834,&amp;amp;quot;selectedRepo&amp;amp;quot;:&amp;amp;quot;giz-edu-inspection&amp;amp;quot;,&amp;amp;quot;selectedRepoId&amp;amp;quot;:385211344,&amp;amp;quot;number&amp;amp;quot;:932,&amp;amp;quot;htmlUrl&amp;amp;quot;:&amp;amp;quot;https:\/\/github.com\/silverkeytech\/giz-edu-inspection\/pull\/932&amp;amp;quot;,&amp;amp;quot;title&amp;amp;quot;:&amp;amp;quot;add absenteeism, success rates, students distribution to program dyna…&amp;amp;quot;}",
                        "style": ""
                    }
                ]
            },
            {
                "id": 2,
                "color": "28a745",
                "fallback": "All checks have passed",
                "text": ":white_check_mark: All checks have passed",
                "footer": "1\/1 successful checks"
            }
        ],
        "thread_ts": "1690680857.413889",
        "reply_count": 1,
        "reply_users_count": 1,
        "latest_reply": "1690681031.811589",
        "reply_users": [
            "U01UE6SLDMH"
        ],
        "replies": [
            {
                "user": "U01UE6SLDMH",
                "ts": "1690681031.811589"
            }
        ],
        "is_locked": false,
        "subscribed": false
    },
    {
        "type": "message",
        "subtype": "thread_broadcast",
        "text": "",
        "bot_id": "B01U774L6SJ",
        "ts": "1690681031.811589",
        "thread_ts": "1690680857.413889",
        "root": {
            "bot_id": "B01U774L6SJ",
            "type": "message",
            "text": "",
            "user": "U01UE6SLDMH",
            "ts": "1690680857.413889",
            "app_id": "A01BP7R4KNY",
            "team": "T03FVM0K8",
            "bot_profile": {
                "id": "B01U774L6SJ",
                "app_id": "A01BP7R4KNY",
                "name": "GitHub",
                "icons": {
                    "image_36": "https:\/\/avatars.slack-edge.com\/2020-11-25\/1527503386626_319578f21381f9641cd8_36.png",
                    "image_48": "https:\/\/avatars.slack-edge.com\/2020-11-25\/1527503386626_319578f21381f9641cd8_48.png",
                    "image_72": "https:\/\/avatars.slack-edge.com\/2020-11-25\/1527503386626_319578f21381f9641cd8_72.png"
                },
                "deleted": false,
                "updated": 1618484049,
                "team_id": "T03FVM0K8"
            },
            "edited": {
                "user": "B01U774L6SJ",
                "ts": "1690681032.000000"
            },
            "attachments": [
                {
                    "id": 1,
                    "footer_icon": "https:\/\/slack.github.com\/static\/img\/favicon-neutral.png",
                    "ts": 1690680855,
                    "color": "6f42c1",
                    "fallback": "[silverkeytech\/giz-edu-inspection] Pull request opened by RehamAbdelraheemAli",
                    "text": "…mic report view\n\nfix dynamic report questions seed",
                    "pretext": "Pull request opened by <https:\/\/github.com\/RehamAbdelraheemAli|RehamAbdelraheemAli>",
                    "title": "<https:\/\/github.com\/silverkeytech\/giz-edu-inspection\/pull\/932|#932 add absenteeism, success rates, students distribution to program dyna…>",
                    "callback_id": "pr-opened-interaction",
                    "footer": "<https:\/\/github.com\/silverkeytech\/giz-edu-inspection|silverkeytech\/giz-edu-inspection>",
                    "mrkdwn_in": [
                        "text"
                    ],
                    "actions": [
                        {
                            "id": "1",
                            "name": "comment",
                            "text": "Comment",
                            "type": "button",
                            "value": "{&amp;amp;quot;selectedOrg&amp;amp;quot;:&amp;amp;quot;silverkeytech&amp;amp;quot;,&amp;amp;quot;selectedOrgId&amp;amp;quot;:109834,&amp;amp;quot;selectedRepo&amp;amp;quot;:&amp;amp;quot;giz-edu-inspection&amp;amp;quot;,&amp;amp;quot;selectedRepoId&amp;amp;quot;:385211344,&amp;amp;quot;number&amp;amp;quot;:932,&amp;amp;quot;htmlUrl&amp;amp;quot;:&amp;amp;quot;https:\/\/github.com\/silverkeytech\/giz-edu-inspection\/pull\/932&amp;amp;quot;,&amp;amp;quot;title&amp;amp;quot;:&amp;amp;quot;add absenteeism, success rates, students distribution to program dyna…&amp;amp;quot;}",
                            "style": ""
                        }
                    ]
                },
                {
                    "id": 2,
                    "color": "28a745",
                    "fallback": "All checks have passed",
                    "text": ":white_check_mark: All checks have passed",
                    "footer": "1\/1 successful checks"
                }
            ],
            "thread_ts": "1690680857.413889",
            "reply_count": 1,
            "reply_users_count": 1,
            "latest_reply": "1690681031.811589",
            "reply_users": [
                "U01UE6SLDMH"
            ],
            "replies": [
                {
                    "user": "U01UE6SLDMH",
                    "ts": "1690681031.811589"
                }
            ],
            "is_locked": false,
            "subscribed": false
        },
        "app_id": "A01BP7R4KNY",
        "attachments": [
            {
                "id": 1,
                "footer_icon": "https:\/\/slack.github.com\/static\/img\/favicon-neutral.png",
                "ts": 1690680855,
                "color": "6f42c1",
                "fallback": "[silverkeytech\/giz-edu-inspection] Pull request merged by RehamAbdelraheemAli",
                "pretext": "Pull request merged by <https:\/\/github.com\/RehamAbdelraheemAli|RehamAbdelraheemAli>",
                "title": "<https:\/\/github.com\/silverkeytech\/giz-edu-inspection\/pull\/932|#932 add absenteeism, success rates, students distribution to program dyna…>",
                "footer": "<https:\/\/github.com\/silverkeytech\/giz-edu-inspection|silverkeytech\/giz-edu-inspection>"
            }
        ]
    },
    {
        "bot_id": "B01U774L6SJ",
        "type": "message",
        "text": "",
        "user": "U01UE6SLDMH",
        "ts": "1690681031.829669",
        "app_id": "A01BP7R4KNY",
        "team": "T03FVM0K8",
        "bot_profile": {
            "id": "B01U774L6SJ",
            "app_id": "A01BP7R4KNY",
            "name": "GitHub",
            "icons": {
                "image_36": "https:\/\/avatars.slack-edge.com\/2020-11-25\/1527503386626_319578f21381f9641cd8_36.png",
                "image_48": "https:\/\/avatars.slack-edge.com\/2020-11-25\/1527503386626_319578f21381f9641cd8_48.png",
                "image_72": "https:\/\/avatars.slack-edge.com\/2020-11-25\/1527503386626_319578f21381f9641cd8_72.png"
            },
            "deleted": false,
            "updated": 1618484049,
            "team_id": "T03FVM0K8"
        },
        "attachments": [
            {
                "id": 1,
                "footer_icon": "https:\/\/slack.github.com\/static\/img\/favicon-neutral.png",
                "color": "24292f",
                "fallback": "[silverkeytech\/giz-edu-inspection] 2 new commits pushed to _main_ by RehamAbdelraheemAli",
                "text": "`<https:\/\/github.com\/silverkeytech\/giz-edu-inspection\/commit\/85bb4dbcbf51d71680996ad25ff9cca1e9251ac3|85bb4dbc>` - add absenteeism, success rates, students distribution to program dynamic report view\n`<https:\/\/github.com\/silverkeytech\/giz-edu-inspection\/commit\/a95cc1741340aa019fb3145dd606a15beed8e882|a95cc174>` - Merge pull request #932 from silverkeytech\/reham-abdelraheem",
                "pretext": "<https:\/\/github.com\/silverkeytech\/giz-edu-inspection\/compare\/023b191d0d2f...a95cc1741340|2 new commits> pushed to `<https:\/\/github.com\/silverkeytech\/giz-edu-inspection\/tree\/main|main>` by <https:\/\/github.com\/RehamAbdelraheemAli|RehamAbdelraheemAli>",
                "footer": "<https:\/\/github.com\/silverkeytech\/giz-edu-inspection|silverkeytech\/giz-edu-inspection>",
                "mrkdwn_in": [
                    "text"
                ]
            }
        ]
    }
]