[
    {
        "bot_id": "B01U774L6SJ",
        "type": "message",
        "text": "",
        "user": "U01UE6SLDMH",
        "ts": "1689961934.733359",
        "app_id": "A01BP7R4KNY",
        "team": "T03FVM0K8",
        "bot_profile": {
            "id": "B01U774L6SJ",
            "app_id": "A01BP7R4KNY",
            "name": "GitHub",
            "icons": {
                "image_36": "https:\/\/avatars.slack-edge.com\/2020-11-25\/1527503386626_319578f21381f9641cd8_36.png",
                "image_48": "https:\/\/avatars.slack-edge.com\/2020-11-25\/1527503386626_319578f21381f9641cd8_48.png",
                "image_72": "https:\/\/avatars.slack-edge.com\/2020-11-25\/1527503386626_319578f21381f9641cd8_72.png"
            },
            "deleted": false,
            "updated": 1618484049,
            "team_id": "T03FVM0K8"
        },
        "attachments": [
            {
                "id": 1,
                "footer_icon": "https:\/\/slack.github.com\/static\/img\/favicon-neutral.png",
                "color": "24292f",
                "fallback": "[silverkeytech\/giz-edu-inspection] 1 new commit pushed to _main_ by AmrTealeb",
                "text": "`<https:\/\/github.com\/silverkeytech\/giz-edu-inspection\/commit\/6a747b8dc6d83390289886362ebbb087a91f312b|6a747b8d>` - Save courses success rates",
                "pretext": "<https:\/\/github.com\/silverkeytech\/giz-edu-inspection\/compare\/18577dfa9adc...6a747b8dc6d8|1 new commit> pushed to `<https:\/\/github.com\/silverkeytech\/giz-edu-inspection\/tree\/main|main>` by <https:\/\/github.com\/AmrTealeb|AmrTealeb>",
                "footer": "<https:\/\/github.com\/silverkeytech\/giz-edu-inspection|silverkeytech\/giz-edu-inspection>",
                "mrkdwn_in": [
                    "text"
                ]
            }
        ]
    }
]