[
    {
        "bot_id": "B01U774L6SJ",
        "type": "message",
        "text": "",
        "user": "U01UE6SLDMH",
        "ts": "1689876591.162009",
        "app_id": "A01BP7R4KNY",
        "team": "T03FVM0K8",
        "bot_profile": {
            "id": "B01U774L6SJ",
            "app_id": "A01BP7R4KNY",
            "name": "GitHub",
            "icons": {
                "image_36": "https:\/\/avatars.slack-edge.com\/2020-11-25\/1527503386626_319578f21381f9641cd8_36.png",
                "image_48": "https:\/\/avatars.slack-edge.com\/2020-11-25\/1527503386626_319578f21381f9641cd8_48.png",
                "image_72": "https:\/\/avatars.slack-edge.com\/2020-11-25\/1527503386626_319578f21381f9641cd8_72.png"
            },
            "deleted": false,
            "updated": 1618484049,
            "team_id": "T03FVM0K8"
        },
        "attachments": [
            {
                "id": 1,
                "footer_icon": "https:\/\/slack.github.com\/static\/img\/favicon-neutral.png",
                "color": "24292f",
                "fallback": "[silverkeytech\/giz-edu-inspection] 2 new commits pushed to _main_ by AmrTealeb",
                "text": "`<https:\/\/github.com\/silverkeytech\/giz-edu-inspection\/commit\/6cef8e8c9429efd9770947520757b941e22c99f9|6cef8e8c>` - Update success rate form from timeline\n`<https:\/\/github.com\/silverkeytech\/giz-edu-inspection\/commit\/50775f0780cf2ff9d1f4360af6f28572cf0b71cd|50775f07>` - Merge branch 'main' of <https:\/\/github.com\/silverkeytech\/giz-edu-inspection>",
                "pretext": "<https:\/\/github.com\/silverkeytech\/giz-edu-inspection\/compare\/5d64e1057f45...50775f0780cf|2 new commits> pushed to `<https:\/\/github.com\/silverkeytech\/giz-edu-inspection\/tree\/main|main>` by <https:\/\/github.com\/AmrTealeb|AmrTealeb>",
                "footer": "<https:\/\/github.com\/silverkeytech\/giz-edu-inspection|silverkeytech\/giz-edu-inspection>",
                "mrkdwn_in": [
                    "text"
                ]
            }
        ]
    },
    {
        "bot_id": "B01U774L6SJ",
        "type": "message",
        "text": "",
        "user": "U01UE6SLDMH",
        "ts": "1689877311.687889",
        "app_id": "A01BP7R4KNY",
        "team": "T03FVM0K8",
        "bot_profile": {
            "id": "B01U774L6SJ",
            "app_id": "A01BP7R4KNY",
            "name": "GitHub",
            "icons": {
                "image_36": "https:\/\/avatars.slack-edge.com\/2020-11-25\/1527503386626_319578f21381f9641cd8_36.png",
                "image_48": "https:\/\/avatars.slack-edge.com\/2020-11-25\/1527503386626_319578f21381f9641cd8_48.png",
                "image_72": "https:\/\/avatars.slack-edge.com\/2020-11-25\/1527503386626_319578f21381f9641cd8_72.png"
            },
            "deleted": false,
            "updated": 1618484049,
            "team_id": "T03FVM0K8"
        },
        "attachments": [
            {
                "id": 1,
                "footer_icon": "https:\/\/slack.github.com\/static\/img\/favicon-neutral.png",
                "color": "24292f",
                "fallback": "[silverkeytech\/giz-edu-inspection] 1 new commit pushed to _main_ by AmrTealeb",
                "text": "`<https:\/\/github.com\/silverkeytech\/giz-edu-inspection\/commit\/e34ab199112138e4e075bf9f0cb519ff28ebf968|e34ab199>` - Generate llbl",
                "pretext": "<https:\/\/github.com\/silverkeytech\/giz-edu-inspection\/compare\/50775f0780cf...e34ab1991121|1 new commit> pushed to `<https:\/\/github.com\/silverkeytech\/giz-edu-inspection\/tree\/main|main>` by <https:\/\/github.com\/AmrTealeb|AmrTealeb>",
                "footer": "<https:\/\/github.com\/silverkeytech\/giz-edu-inspection|silverkeytech\/giz-edu-inspection>",
                "mrkdwn_in": [
                    "text"
                ]
            }
        ]
    },
    {
        "bot_id": "B01U774L6SJ",
        "type": "message",
        "text": "",
        "user": "U01UE6SLDMH",
        "ts": "1689888172.389779",
        "app_id": "A01BP7R4KNY",
        "team": "T03FVM0K8",
        "bot_profile": {
            "id": "B01U774L6SJ",
            "app_id": "A01BP7R4KNY",
            "name": "GitHub",
            "icons": {
                "image_36": "https:\/\/avatars.slack-edge.com\/2020-11-25\/1527503386626_319578f21381f9641cd8_36.png",
                "image_48": "https:\/\/avatars.slack-edge.com\/2020-11-25\/1527503386626_319578f21381f9641cd8_48.png",
                "image_72": "https:\/\/avatars.slack-edge.com\/2020-11-25\/1527503386626_319578f21381f9641cd8_72.png"
            },
            "deleted": false,
            "updated": 1618484049,
            "team_id": "T03FVM0K8"
        },
        "attachments": [
            {
                "id": 1,
                "footer_icon": "https:\/\/slack.github.com\/static\/img\/favicon-neutral.png",
                "color": "24292f",
                "fallback": "[silverkeytech\/giz-edu-inspection] 1 new commit pushed to _main_ by AmrTealeb",
                "text": "`<https:\/\/github.com\/silverkeytech\/giz-edu-inspection\/commit\/18577dfa9adc54d6363468aeb591006c81b3e16b|18577dfa>` - Add school department course tables",
                "pretext": "<https:\/\/github.com\/silverkeytech\/giz-edu-inspection\/compare\/e34ab1991121...18577dfa9adc|1 new commit> pushed to `<https:\/\/github.com\/silverkeytech\/giz-edu-inspection\/tree\/main|main>` by <https:\/\/github.com\/AmrTealeb|AmrTealeb>",
                "footer": "<https:\/\/github.com\/silverkeytech\/giz-edu-inspection|silverkeytech\/giz-edu-inspection>",
                "mrkdwn_in": [
                    "text"
                ]
            }
        ]
    }
]