[
    {
        "bot_id": "B01U774L6SJ",
        "type": "message",
        "text": "",
        "user": "U01UE6SLDMH",
        "ts": "1689715022.080779",
        "app_id": "A01BP7R4KNY",
        "team": "T03FVM0K8",
        "bot_profile": {
            "id": "B01U774L6SJ",
            "app_id": "A01BP7R4KNY",
            "name": "GitHub",
            "icons": {
                "image_36": "https:\/\/avatars.slack-edge.com\/2020-11-25\/1527503386626_319578f21381f9641cd8_36.png",
                "image_48": "https:\/\/avatars.slack-edge.com\/2020-11-25\/1527503386626_319578f21381f9641cd8_48.png",
                "image_72": "https:\/\/avatars.slack-edge.com\/2020-11-25\/1527503386626_319578f21381f9641cd8_72.png"
            },
            "deleted": false,
            "updated": 1618484049,
            "team_id": "T03FVM0K8"
        },
        "attachments": [
            {
                "id": 1,
                "footer_icon": "https:\/\/slack.github.com\/static\/img\/favicon-neutral.png",
                "color": "24292f",
                "fallback": "[silverkeytech\/giz-edu-inspection] 2 new commits pushed to _main_ by AmrTealeb",
                "text": "`<https:\/\/github.com\/silverkeytech\/giz-edu-inspection\/commit\/586fbd848caa8844596c64706641ec32a327eb86|586fbd84>` - Teachers shortage statistics\n`<https:\/\/github.com\/silverkeytech\/giz-edu-inspection\/commit\/3f00a287762c60eb57d712f942926d88642fd953|3f00a287>` - Merge branch 'main' of <https:\/\/github.com\/silverkeytech\/giz-edu-inspection>",
                "pretext": "<https:\/\/github.com\/silverkeytech\/giz-edu-inspection\/compare\/3641adcc31d2...3f00a287762c|2 new commits> pushed to `<https:\/\/github.com\/silverkeytech\/giz-edu-inspection\/tree\/main|main>` by <https:\/\/github.com\/AmrTealeb|AmrTealeb>",
                "footer": "<https:\/\/github.com\/silverkeytech\/giz-edu-inspection|silverkeytech\/giz-edu-inspection>",
                "mrkdwn_in": [
                    "text"
                ]
            }
        ]
    },
    {
        "bot_id": "B01U774L6SJ",
        "type": "message",
        "text": "",
        "user": "U01UE6SLDMH",
        "ts": "1689732809.796969",
        "app_id": "A01BP7R4KNY",
        "team": "T03FVM0K8",
        "bot_profile": {
            "id": "B01U774L6SJ",
            "app_id": "A01BP7R4KNY",
            "name": "GitHub",
            "icons": {
                "image_36": "https:\/\/avatars.slack-edge.com\/2020-11-25\/1527503386626_319578f21381f9641cd8_36.png",
                "image_48": "https:\/\/avatars.slack-edge.com\/2020-11-25\/1527503386626_319578f21381f9641cd8_48.png",
                "image_72": "https:\/\/avatars.slack-edge.com\/2020-11-25\/1527503386626_319578f21381f9641cd8_72.png"
            },
            "deleted": false,
            "updated": 1618484049,
            "team_id": "T03FVM0K8"
        },
        "edited": {
            "user": "B01U774L6SJ",
            "ts": "1689733169.000000"
        },
        "attachments": [
            {
                "id": 1,
                "footer_icon": "https:\/\/slack.github.com\/static\/img\/favicon-neutral.png",
                "ts": 1689732807,
                "color": "6f42c1",
                "fallback": "[silverkeytech\/giz-edu-inspection] Pull request opened by mazenamr",
                "pretext": "Pull request opened by <https:\/\/github.com\/mazenamr|mazenamr>",
                "title": "<https:\/\/github.com\/silverkeytech\/giz-edu-inspection\/pull\/861|#861 Entering Accreditation Entity and Year from Admin and School Portals>",
                "callback_id": "pr-opened-interaction",
                "footer": "<https:\/\/github.com\/silverkeytech\/giz-edu-inspection|silverkeytech\/giz-edu-inspection>",
                "mrkdwn_in": [
                    "text"
                ],
                "actions": [
                    {
                        "id": "1",
                        "name": "comment",
                        "text": "Comment",
                        "type": "button",
                        "value": "{&amp;amp;quot;selectedOrg&amp;amp;quot;:&amp;amp;quot;silverkeytech&amp;amp;quot;,&amp;amp;quot;selectedOrgId&amp;amp;quot;:109834,&amp;amp;quot;selectedRepo&amp;amp;quot;:&amp;amp;quot;giz-edu-inspection&amp;amp;quot;,&amp;amp;quot;selectedRepoId&amp;amp;quot;:385211344,&amp;amp;quot;number&amp;amp;quot;:861,&amp;amp;quot;htmlUrl&amp;amp;quot;:&amp;amp;quot;https:\/\/github.com\/silverkeytech\/giz-edu-inspection\/pull\/861&amp;amp;quot;,&amp;amp;quot;title&amp;amp;quot;:&amp;amp;quot;Entering Accreditation Entity and Year from Admin and School Portals&amp;amp;quot;}",
                        "style": ""
                    }
                ]
            },
            {
                "id": 2,
                "color": "28a745",
                "fallback": "All checks have passed",
                "text": ":white_check_mark: All checks have passed",
                "footer": "1\/1 successful checks"
            }
        ],
        "thread_ts": "1689732809.796969",
        "reply_count": 1,
        "reply_users_count": 1,
        "latest_reply": "1689733168.920989",
        "reply_users": [
            "U01UE6SLDMH"
        ],
        "replies": [
            {
                "user": "U01UE6SLDMH",
                "ts": "1689733168.920989"
            }
        ],
        "is_locked": false,
        "subscribed": false
    },
    {
        "type": "message",
        "subtype": "thread_broadcast",
        "text": "",
        "bot_id": "B01U774L6SJ",
        "ts": "1689733168.920989",
        "thread_ts": "1689732809.796969",
        "root": {
            "bot_id": "B01U774L6SJ",
            "type": "message",
            "text": "",
            "user": "U01UE6SLDMH",
            "ts": "1689732809.796969",
            "app_id": "A01BP7R4KNY",
            "team": "T03FVM0K8",
            "bot_profile": {
                "id": "B01U774L6SJ",
                "app_id": "A01BP7R4KNY",
                "name": "GitHub",
                "icons": {
                    "image_36": "https:\/\/avatars.slack-edge.com\/2020-11-25\/1527503386626_319578f21381f9641cd8_36.png",
                    "image_48": "https:\/\/avatars.slack-edge.com\/2020-11-25\/1527503386626_319578f21381f9641cd8_48.png",
                    "image_72": "https:\/\/avatars.slack-edge.com\/2020-11-25\/1527503386626_319578f21381f9641cd8_72.png"
                },
                "deleted": false,
                "updated": 1618484049,
                "team_id": "T03FVM0K8"
            },
            "edited": {
                "user": "B01U774L6SJ",
                "ts": "1689733169.000000"
            },
            "attachments": [
                {
                    "id": 1,
                    "footer_icon": "https:\/\/slack.github.com\/static\/img\/favicon-neutral.png",
                    "ts": 1689732807,
                    "color": "6f42c1",
                    "fallback": "[silverkeytech\/giz-edu-inspection] Pull request opened by mazenamr",
                    "pretext": "Pull request opened by <https:\/\/github.com\/mazenamr|mazenamr>",
                    "title": "<https:\/\/github.com\/silverkeytech\/giz-edu-inspection\/pull\/861|#861 Entering Accreditation Entity and Year from Admin and School Portals>",
                    "callback_id": "pr-opened-interaction",
                    "footer": "<https:\/\/github.com\/silverkeytech\/giz-edu-inspection|silverkeytech\/giz-edu-inspection>",
                    "mrkdwn_in": [
                        "text"
                    ],
                    "actions": [
                        {
                            "id": "1",
                            "name": "comment",
                            "text": "Comment",
                            "type": "button",
                            "value": "{&amp;amp;quot;selectedOrg&amp;amp;quot;:&amp;amp;quot;silverkeytech&amp;amp;quot;,&amp;amp;quot;selectedOrgId&amp;amp;quot;:109834,&amp;amp;quot;selectedRepo&amp;amp;quot;:&amp;amp;quot;giz-edu-inspection&amp;amp;quot;,&amp;amp;quot;selectedRepoId&amp;amp;quot;:385211344,&amp;amp;quot;number&amp;amp;quot;:861,&amp;amp;quot;htmlUrl&amp;amp;quot;:&amp;amp;quot;https:\/\/github.com\/silverkeytech\/giz-edu-inspection\/pull\/861&amp;amp;quot;,&amp;amp;quot;title&amp;amp;quot;:&amp;amp;quot;Entering Accreditation Entity and Year from Admin and School Portals&amp;amp;quot;}",
                            "style": ""
                        }
                    ]
                },
                {
                    "id": 2,
                    "color": "28a745",
                    "fallback": "All checks have passed",
                    "text": ":white_check_mark: All checks have passed",
                    "footer": "1\/1 successful checks"
                }
            ],
            "thread_ts": "1689732809.796969",
            "reply_count": 1,
            "reply_users_count": 1,
            "latest_reply": "1689733168.920989",
            "reply_users": [
                "U01UE6SLDMH"
            ],
            "replies": [
                {
                    "user": "U01UE6SLDMH",
                    "ts": "1689733168.920989"
                }
            ],
            "is_locked": false,
            "subscribed": false
        },
        "app_id": "A01BP7R4KNY",
        "attachments": [
            {
                "id": 1,
                "footer_icon": "https:\/\/slack.github.com\/static\/img\/favicon-neutral.png",
                "ts": 1689732807,
                "color": "6f42c1",
                "fallback": "[silverkeytech\/giz-edu-inspection] Pull request merged by mazenamr",
                "pretext": "Pull request merged by <https:\/\/github.com\/mazenamr|mazenamr>",
                "title": "<https:\/\/github.com\/silverkeytech\/giz-edu-inspection\/pull\/861|#861 Entering Accreditation Entity and Year from Admin and School Portals>",
                "footer": "<https:\/\/github.com\/silverkeytech\/giz-edu-inspection|silverkeytech\/giz-edu-inspection>"
            }
        ]
    },
    {
        "bot_id": "B01U774L6SJ",
        "type": "message",
        "text": "",
        "user": "U01UE6SLDMH",
        "ts": "1689733169.067129",
        "app_id": "A01BP7R4KNY",
        "team": "T03FVM0K8",
        "bot_profile": {
            "id": "B01U774L6SJ",
            "app_id": "A01BP7R4KNY",
            "name": "GitHub",
            "icons": {
                "image_36": "https:\/\/avatars.slack-edge.com\/2020-11-25\/1527503386626_319578f21381f9641cd8_36.png",
                "image_48": "https:\/\/avatars.slack-edge.com\/2020-11-25\/1527503386626_319578f21381f9641cd8_48.png",
                "image_72": "https:\/\/avatars.slack-edge.com\/2020-11-25\/1527503386626_319578f21381f9641cd8_72.png"
            },
            "deleted": false,
            "updated": 1618484049,
            "team_id": "T03FVM0K8"
        },
        "attachments": [
            {
                "id": 1,
                "footer_icon": "https:\/\/slack.github.com\/static\/img\/favicon-neutral.png",
                "color": "24292f",
                "fallback": "[silverkeytech\/giz-edu-inspection] 6 new commits pushed to _main_ by mazenamr",
                "text": "`<https:\/\/github.com\/silverkeytech\/giz-edu-inspection\/commit\/d8bb47df0ddcc9a99b782d8877d3aaee18ff0911|d8bb47df>` - Generate LookupAPI\n`<https:\/\/github.com\/silverkeytech\/giz-edu-inspection\/commit\/8ce8666801a66f25624d36b7b3be87257ae5f2dc|8ce86668>` - LLBL and API\n`<https:\/\/github.com\/silverkeytech\/giz-edu-inspection\/commit\/d4f6a2fe055c129498cf4278cfec218b799c90c2|d4f6a2fe>` - Add Entering Accreditation Entity and Year from Admin Portal\n`<https:\/\/github.com\/silverkeytech\/giz-edu-inspection\/commit\/d6288809f89e0705050ebe1175c1c9ec4da5118f|d6288809>` - Add Entering Accreditation Entity and Year from School Portal\n`<https:\/\/github.com\/silverkeytech\/giz-edu-inspection\/commit\/b88c5e949740a43cd44ecf50fc5b6ce663c67828|b88c5e94>` - Clean Up\n`<https:\/\/github.com\/silverkeytech\/giz-edu-inspection\/commit\/3e1b7d6838492d35ca495d85b4dbd80334f91082|3e1b7d68>` - Merge pull request #861 from silverkeytech\/Mazen",
                "pretext": "<https:\/\/github.com\/silverkeytech\/giz-edu-inspection\/compare\/3f00a287762c...3e1b7d683849|6 new commits> pushed to `<https:\/\/github.com\/silverkeytech\/giz-edu-inspection\/tree\/main|main>` by <https:\/\/github.com\/mazenamr|mazenamr>",
                "footer": "<https:\/\/github.com\/silverkeytech\/giz-edu-inspection|silverkeytech\/giz-edu-inspection>",
                "mrkdwn_in": [
                    "text"
                ]
            }
        ]
    },
    {
        "bot_id": "B01U774L6SJ",
        "type": "message",
        "text": "",
        "user": "U01UE6SLDMH",
        "ts": "1689733169.948069",
        "app_id": "A01BP7R4KNY",
        "team": "T03FVM0K8",
        "bot_profile": {
            "id": "B01U774L6SJ",
            "app_id": "A01BP7R4KNY",
            "name": "GitHub",
            "icons": {
                "image_36": "https:\/\/avatars.slack-edge.com\/2020-11-25\/1527503386626_319578f21381f9641cd8_36.png",
                "image_48": "https:\/\/avatars.slack-edge.com\/2020-11-25\/1527503386626_319578f21381f9641cd8_48.png",
                "image_72": "https:\/\/avatars.slack-edge.com\/2020-11-25\/1527503386626_319578f21381f9641cd8_72.png"
            },
            "deleted": false,
            "updated": 1618484049,
            "team_id": "T03FVM0K8"
        },
        "edited": {
            "user": "B01U774L6SJ",
            "ts": "1689733170.000000"
        },
        "attachments": [
            {
                "id": 1,
                "footer_icon": "https:\/\/slack.github.com\/static\/img\/favicon-neutral.png",
                "ts": 1686725990,
                "color": "8250df",
                "fallback": "[silverkeytech\/giz-edu-inspection] Issue opened by Fares4389",
                "pretext": "Issue created by <https:\/\/github.com\/Fares4389|Fares4389>",
                "title": "<https:\/\/github.com\/silverkeytech\/giz-edu-inspection\/issues\/761|#761 For accredited schools allow them to enter the year of accreditation and accreditation entity>",
                "callback_id": "issue-opened-interaction",
                "footer": "<https:\/\/github.com\/silverkeytech\/giz-edu-inspection|silverkeytech\/giz-edu-inspection>",
                "fields": [
                    {
                        "value": "<https:\/\/github.com\/mazenamr|@mazenamr>",
                        "title": "Assignees",
                        "short": true
                    },
                    {
                        "value": "Readiness Assessment",
                        "title": "Labels",
                        "short": true
                    }
                ],
                "mrkdwn_in": [
                    "text"
                ],
                "actions": [
                    {
                        "id": "1",
                        "name": "comment",
                        "text": "Comment",
                        "type": "button",
                        "value": "{&amp;amp;quot;selectedOrg&amp;amp;quot;:&amp;amp;quot;silverkeytech&amp;amp;quot;,&amp;amp;quot;selectedOrgId&amp;amp;quot;:109834,&amp;amp;quot;selectedRepo&amp;amp;quot;:&amp;amp;quot;giz-edu-inspection&amp;amp;quot;,&amp;amp;quot;selectedRepoId&amp;amp;quot;:385211344,&amp;amp;quot;issueNumber&amp;amp;quot;:761,&amp;amp;quot;issueHtmlUrl&amp;amp;quot;:&amp;amp;quot;https:\/\/github.com\/silverkeytech\/giz-edu-inspection\/issues\/761&amp;amp;quot;,&amp;amp;quot;issueTitle&amp;amp;quot;:&amp;amp;quot;For accredited schools allow them to enter the year of accreditation and accreditation entity&amp;amp;quot;}",
                        "style": ""
                    },
                    {
                        "id": "2",
                        "name": "edit",
                        "text": "Edit",
                        "type": "button",
                        "value": "{&amp;amp;quot;selectedOrg&amp;amp;quot;:&amp;amp;quot;silverkeytech&amp;amp;quot;,&amp;amp;quot;selectedOrgId&amp;amp;quot;:109834,&amp;amp;quot;selectedRepo&amp;amp;quot;:&amp;amp;quot;giz-edu-inspection&amp;amp;quot;,&amp;amp;quot;selectedRepoId&amp;amp;quot;:385211344,&amp;amp;quot;issueNumber&amp;amp;quot;:761,&amp;amp;quot;issueHtmlUrl&amp;amp;quot;:&amp;amp;quot;https:\/\/github.com\/silverkeytech\/giz-edu-inspection\/issues\/761&amp;amp;quot;,&amp;amp;quot;issueTitle&amp;amp;quot;:&amp;amp;quot;For accredited schools allow them to enter the year of accreditation and accreditation entity&amp;amp;quot;}",
                        "style": ""
                    },
                    {
                        "id": "3",
                        "name": "reopen",
                        "text": "Reopen",
                        "type": "button",
                        "value": "{&amp;amp;quot;selectedOrg&amp;amp;quot;:&amp;amp;quot;silverkeytech&amp;amp;quot;,&amp;amp;quot;selectedOrgId&amp;amp;quot;:109834,&amp;amp;quot;selectedRepo&amp;amp;quot;:&amp;amp;quot;giz-edu-inspection&amp;amp;quot;,&amp;amp;quot;selectedRepoId&amp;amp;quot;:385211344,&amp;amp;quot;issueNumber&amp;amp;quot;:761,&amp;amp;quot;issueHtmlUrl&amp;amp;quot;:&amp;amp;quot;https:\/\/github.com\/silverkeytech\/giz-edu-inspection\/issues\/761&amp;amp;quot;,&amp;amp;quot;issueTitle&amp;amp;quot;:&amp;amp;quot;For accredited schools allow them to enter the year of accreditation and accreditation entity&amp;amp;quot;}",
                        "style": ""
                    }
                ]
            }
        ],
        "thread_ts": "1689733169.948069",
        "reply_count": 1,
        "reply_users_count": 1,
        "latest_reply": "1689733170.141809",
        "reply_users": [
            "U01UE6SLDMH"
        ],
        "replies": [
            {
                "user": "U01UE6SLDMH",
                "ts": "1689733170.141809"
            }
        ],
        "is_locked": false,
        "subscribed": false
    },
    {
        "type": "message",
        "subtype": "thread_broadcast",
        "text": "",
        "bot_id": "B01U774L6SJ",
        "ts": "1689733170.141809",
        "thread_ts": "1689733169.948069",
        "root": {
            "bot_id": "B01U774L6SJ",
            "type": "message",
            "text": "",
            "user": "U01UE6SLDMH",
            "ts": "1689733169.948069",
            "app_id": "A01BP7R4KNY",
            "team": "T03FVM0K8",
            "bot_profile": {
                "id": "B01U774L6SJ",
                "app_id": "A01BP7R4KNY",
                "name": "GitHub",
                "icons": {
                    "image_36": "https:\/\/avatars.slack-edge.com\/2020-11-25\/1527503386626_319578f21381f9641cd8_36.png",
                    "image_48": "https:\/\/avatars.slack-edge.com\/2020-11-25\/1527503386626_319578f21381f9641cd8_48.png",
                    "image_72": "https:\/\/avatars.slack-edge.com\/2020-11-25\/1527503386626_319578f21381f9641cd8_72.png"
                },
                "deleted": false,
                "updated": 1618484049,
                "team_id": "T03FVM0K8"
            },
            "edited": {
                "user": "B01U774L6SJ",
                "ts": "1689733170.000000"
            },
            "attachments": [
                {
                    "id": 1,
                    "footer_icon": "https:\/\/slack.github.com\/static\/img\/favicon-neutral.png",
                    "ts": 1686725990,
                    "color": "8250df",
                    "fallback": "[silverkeytech\/giz-edu-inspection] Issue opened by Fares4389",
                    "pretext": "Issue created by <https:\/\/github.com\/Fares4389|Fares4389>",
                    "title": "<https:\/\/github.com\/silverkeytech\/giz-edu-inspection\/issues\/761|#761 For accredited schools allow them to enter the year of accreditation and accreditation entity>",
                    "callback_id": "issue-opened-interaction",
                    "footer": "<https:\/\/github.com\/silverkeytech\/giz-edu-inspection|silverkeytech\/giz-edu-inspection>",
                    "fields": [
                        {
                            "value": "<https:\/\/github.com\/mazenamr|@mazenamr>",
                            "title": "Assignees",
                            "short": true
                        },
                        {
                            "value": "Readiness Assessment",
                            "title": "Labels",
                            "short": true
                        }
                    ],
                    "mrkdwn_in": [
                        "text"
                    ],
                    "actions": [
                        {
                            "id": "1",
                            "name": "comment",
                            "text": "Comment",
                            "type": "button",
                            "value": "{&amp;amp;quot;selectedOrg&amp;amp;quot;:&amp;amp;quot;silverkeytech&amp;amp;quot;,&amp;amp;quot;selectedOrgId&amp;amp;quot;:109834,&amp;amp;quot;selectedRepo&amp;amp;quot;:&amp;amp;quot;giz-edu-inspection&amp;amp;quot;,&amp;amp;quot;selectedRepoId&amp;amp;quot;:385211344,&amp;amp;quot;issueNumber&amp;amp;quot;:761,&amp;amp;quot;issueHtmlUrl&amp;amp;quot;:&amp;amp;quot;https:\/\/github.com\/silverkeytech\/giz-edu-inspection\/issues\/761&amp;amp;quot;,&amp;amp;quot;issueTitle&amp;amp;quot;:&amp;amp;quot;For accredited schools allow them to enter the year of accreditation and accreditation entity&amp;amp;quot;}",
                            "style": ""
                        },
                        {
                            "id": "2",
                            "name": "edit",
                            "text": "Edit",
                            "type": "button",
                            "value": "{&amp;amp;quot;selectedOrg&amp;amp;quot;:&amp;amp;quot;silverkeytech&amp;amp;quot;,&amp;amp;quot;selectedOrgId&amp;amp;quot;:109834,&amp;amp;quot;selectedRepo&amp;amp;quot;:&amp;amp;quot;giz-edu-inspection&amp;amp;quot;,&amp;amp;quot;selectedRepoId&amp;amp;quot;:385211344,&amp;amp;quot;issueNumber&amp;amp;quot;:761,&amp;amp;quot;issueHtmlUrl&amp;amp;quot;:&amp;amp;quot;https:\/\/github.com\/silverkeytech\/giz-edu-inspection\/issues\/761&amp;amp;quot;,&amp;amp;quot;issueTitle&amp;amp;quot;:&amp;amp;quot;For accredited schools allow them to enter the year of accreditation and accreditation entity&amp;amp;quot;}",
                            "style": ""
                        },
                        {
                            "id": "3",
                            "name": "reopen",
                            "text": "Reopen",
                            "type": "button",
                            "value": "{&amp;amp;quot;selectedOrg&amp;amp;quot;:&amp;amp;quot;silverkeytech&amp;amp;quot;,&amp;amp;quot;selectedOrgId&amp;amp;quot;:109834,&amp;amp;quot;selectedRepo&amp;amp;quot;:&amp;amp;quot;giz-edu-inspection&amp;amp;quot;,&amp;amp;quot;selectedRepoId&amp;amp;quot;:385211344,&amp;amp;quot;issueNumber&amp;amp;quot;:761,&amp;amp;quot;issueHtmlUrl&amp;amp;quot;:&amp;amp;quot;https:\/\/github.com\/silverkeytech\/giz-edu-inspection\/issues\/761&amp;amp;quot;,&amp;amp;quot;issueTitle&amp;amp;quot;:&amp;amp;quot;For accredited schools allow them to enter the year of accreditation and accreditation entity&amp;amp;quot;}",
                            "style": ""
                        }
                    ]
                }
            ],
            "thread_ts": "1689733169.948069",
            "reply_count": 1,
            "reply_users_count": 1,
            "latest_reply": "1689733170.141809",
            "reply_users": [
                "U01UE6SLDMH"
            ],
            "replies": [
                {
                    "user": "U01UE6SLDMH",
                    "ts": "1689733170.141809"
                }
            ],
            "is_locked": false,
            "subscribed": false
        },
        "app_id": "A01BP7R4KNY",
        "attachments": [
            {
                "id": 1,
                "footer_icon": "https:\/\/slack.github.com\/static\/img\/favicon-neutral.png",
                "ts": 1686725990,
                "color": "8250df",
                "fallback": "[silverkeytech\/giz-edu-inspection] Issue closed as completed by mazenamr",
                "pretext": "Issue closed as completed by <https:\/\/github.com\/mazenamr|mazenamr>",
                "title": "<https:\/\/github.com\/silverkeytech\/giz-edu-inspection\/issues\/761|#761 For accredited schools allow them to enter the year of accreditation and accreditation entity>",
                "footer": "<https:\/\/github.com\/silverkeytech\/giz-edu-inspection|silverkeytech\/giz-edu-inspection>"
            }
        ]
    },
    {
        "type": "message",
        "subtype": "thread_broadcast",
        "text": "",
        "bot_id": "B01U774L6SJ",
        "ts": "1689733170.349539",
        "thread_ts": "1689267587.859609",
        "root": {
            "bot_id": "B01U774L6SJ",
            "type": "message",
            "text": "",
            "user": "U01UE6SLDMH",
            "ts": "1689267587.859609",
            "app_id": "A01BP7R4KNY",
            "team": "T03FVM0K8",
            "bot_profile": {
                "id": "B01U774L6SJ",
                "app_id": "A01BP7R4KNY",
                "name": "GitHub",
                "icons": {
                    "image_36": "https:\/\/avatars.slack-edge.com\/2020-11-25\/1527503386626_319578f21381f9641cd8_36.png",
                    "image_48": "https:\/\/avatars.slack-edge.com\/2020-11-25\/1527503386626_319578f21381f9641cd8_48.png",
                    "image_72": "https:\/\/avatars.slack-edge.com\/2020-11-25\/1527503386626_319578f21381f9641cd8_72.png"
                },
                "deleted": false,
                "updated": 1618484049,
                "team_id": "T03FVM0K8"
            },
            "edited": {
                "user": "B01U774L6SJ",
                "ts": "1689733170.000000"
            },
            "attachments": [
                {
                    "id": 1,
                    "footer_icon": "https:\/\/slack.github.com\/static\/img\/favicon-neutral.png",
                    "ts": 1689267584,
                    "color": "8250df",
                    "fallback": "[silverkeytech\/giz-edu-inspection] Issue opened by mazenamr",
                    "pretext": "Issue created by <https:\/\/github.com\/mazenamr|mazenamr>",
                    "title": "<https:\/\/github.com\/silverkeytech\/giz-edu-inspection\/issues\/831|#831 For accreditation entities allow them to enter the year of accreditation and accreditation entity for acccredited schools>",
                    "callback_id": "issue-opened-interaction",
                    "footer": "<https:\/\/github.com\/silverkeytech\/giz-edu-inspection|silverkeytech\/giz-edu-inspection>",
                    "fields": [
                        {
                            "value": "<https:\/\/github.com\/mazenamr|@mazenamr>",
                            "title": "Assignees",
                            "short": true
                        },
                        {
                            "value": "<https:\/\/github.com\/silverkeytech\/giz-edu-inspection\/milestone\/2|Week 2 >",
                            "title": "Milestone",
                            "short": true
                        }
                    ],
                    "mrkdwn_in": [
                        "text"
                    ],
                    "actions": [
                        {
                            "id": "1",
                            "name": "comment",
                            "text": "Comment",
                            "type": "button",
                            "value": "{&amp;amp;quot;selectedOrg&amp;amp;quot;:&amp;amp;quot;silverkeytech&amp;amp;quot;,&amp;amp;quot;selectedOrgId&amp;amp;quot;:109834,&amp;amp;quot;selectedRepo&amp;amp;quot;:&amp;amp;quot;giz-edu-inspection&amp;amp;quot;,&amp;amp;quot;selectedRepoId&amp;amp;quot;:385211344,&amp;amp;quot;issueNumber&amp;amp;quot;:831,&amp;amp;quot;issueHtmlUrl&amp;amp;quot;:&amp;amp;quot;https:\/\/github.com\/silverkeytech\/giz-edu-inspection\/issues\/831&amp;amp;quot;,&amp;amp;quot;issueTitle&amp;amp;quot;:&amp;amp;quot;For accreditation entities allow them to enter the year of accreditation and accreditation entity for acccredited schools&amp;amp;quot;}",
                            "style": ""
                        },
                        {
                            "id": "2",
                            "name": "edit",
                            "text": "Edit",
                            "type": "button",
                            "value": "{&amp;amp;quot;selectedOrg&amp;amp;quot;:&amp;amp;quot;silverkeytech&amp;amp;quot;,&amp;amp;quot;selectedOrgId&amp;amp;quot;:109834,&amp;amp;quot;selectedRepo&amp;amp;quot;:&amp;amp;quot;giz-edu-inspection&amp;amp;quot;,&amp;amp;quot;selectedRepoId&amp;amp;quot;:385211344,&amp;amp;quot;issueNumber&amp;amp;quot;:831,&amp;amp;quot;issueHtmlUrl&amp;amp;quot;:&amp;amp;quot;https:\/\/github.com\/silverkeytech\/giz-edu-inspection\/issues\/831&amp;amp;quot;,&amp;amp;quot;issueTitle&amp;amp;quot;:&amp;amp;quot;For accreditation entities allow them to enter the year of accreditation and accreditation entity for acccredited schools&amp;amp;quot;}",
                            "style": ""
                        },
                        {
                            "id": "3",
                            "name": "reopen",
                            "text": "Reopen",
                            "type": "button",
                            "value": "{&amp;amp;quot;selectedOrg&amp;amp;quot;:&amp;amp;quot;silverkeytech&amp;amp;quot;,&amp;amp;quot;selectedOrgId&amp;amp;quot;:109834,&amp;amp;quot;selectedRepo&amp;amp;quot;:&amp;amp;quot;giz-edu-inspection&amp;amp;quot;,&amp;amp;quot;selectedRepoId&amp;amp;quot;:385211344,&amp;amp;quot;issueNumber&amp;amp;quot;:831,&amp;amp;quot;issueHtmlUrl&amp;amp;quot;:&amp;amp;quot;https:\/\/github.com\/silverkeytech\/giz-edu-inspection\/issues\/831&amp;amp;quot;,&amp;amp;quot;issueTitle&amp;amp;quot;:&amp;amp;quot;For accreditation entities allow them to enter the year of accreditation and accreditation entity for acccredited schools&amp;amp;quot;}",
                            "style": ""
                        }
                    ]
                }
            ],
            "thread_ts": "1689267587.859609",
            "reply_count": 1,
            "reply_users_count": 1,
            "latest_reply": "1689733170.349539",
            "reply_users": [
                "U01UE6SLDMH"
            ],
            "replies": [
                {
                    "user": "U01UE6SLDMH",
                    "ts": "1689733170.349539"
                }
            ],
            "is_locked": false,
            "subscribed": false
        },
        "app_id": "A01BP7R4KNY",
        "attachments": [
            {
                "id": 1,
                "footer_icon": "https:\/\/slack.github.com\/static\/img\/favicon-neutral.png",
                "ts": 1689267584,
                "color": "8250df",
                "fallback": "[silverkeytech\/giz-edu-inspection] Issue closed as completed by mazenamr",
                "pretext": "Issue closed as completed by <https:\/\/github.com\/mazenamr|mazenamr>",
                "title": "<https:\/\/github.com\/silverkeytech\/giz-edu-inspection\/issues\/831|#831 For accreditation entities allow them to enter the year of accreditation and accreditation entity for acccredited schools>",
                "footer": "<https:\/\/github.com\/silverkeytech\/giz-edu-inspection|silverkeytech\/giz-edu-inspection>"
            }
        ]
    }
]