[
    {
        "bot_id": "B01U774L6SJ",
        "type": "message",
        "text": "",
        "user": "U01UE6SLDMH",
        "ts": "1691157759.334559",
        "app_id": "A01BP7R4KNY",
        "team": "T03FVM0K8",
        "bot_profile": {
            "id": "B01U774L6SJ",
            "app_id": "A01BP7R4KNY",
            "name": "GitHub",
            "icons": {
                "image_36": "https:\/\/avatars.slack-edge.com\/2020-11-25\/1527503386626_319578f21381f9641cd8_36.png",
                "image_48": "https:\/\/avatars.slack-edge.com\/2020-11-25\/1527503386626_319578f21381f9641cd8_48.png",
                "image_72": "https:\/\/avatars.slack-edge.com\/2020-11-25\/1527503386626_319578f21381f9641cd8_72.png"
            },
            "deleted": false,
            "updated": 1618484049,
            "team_id": "T03FVM0K8"
        },
        "attachments": [
            {
                "id": 1,
                "footer_icon": "https:\/\/slack.github.com\/static\/img\/favicon-neutral.png",
                "color": "24292f",
                "fallback": "[silverkeytech\/giz-edu-inspection] 1 new commit pushed to _main_ by AmrTealeb",
                "text": "`<https:\/\/github.com\/silverkeytech\/giz-edu-inspection\/commit\/eb54687aa6f01033f07dae50dc61c69adac4802e|eb54687a>` - Update redirection for readiness assessment report",
                "pretext": "<https:\/\/github.com\/silverkeytech\/giz-edu-inspection\/compare\/0477f5665547...eb54687aa6f0|1 new commit> pushed to `<https:\/\/github.com\/silverkeytech\/giz-edu-inspection\/tree\/main|main>` by <https:\/\/github.com\/AmrTealeb|AmrTealeb>",
                "footer": "<https:\/\/github.com\/silverkeytech\/giz-edu-inspection|silverkeytech\/giz-edu-inspection>",
                "mrkdwn_in": [
                    "text"
                ]
            }
        ]
    },
    {
        "bot_id": "B01U774L6SJ",
        "type": "message",
        "text": "",
        "user": "U01UE6SLDMH",
        "ts": "1691172664.236359",
        "app_id": "A01BP7R4KNY",
        "team": "T03FVM0K8",
        "bot_profile": {
            "id": "B01U774L6SJ",
            "app_id": "A01BP7R4KNY",
            "name": "GitHub",
            "icons": {
                "image_36": "https:\/\/avatars.slack-edge.com\/2020-11-25\/1527503386626_319578f21381f9641cd8_36.png",
                "image_48": "https:\/\/avatars.slack-edge.com\/2020-11-25\/1527503386626_319578f21381f9641cd8_48.png",
                "image_72": "https:\/\/avatars.slack-edge.com\/2020-11-25\/1527503386626_319578f21381f9641cd8_72.png"
            },
            "deleted": false,
            "updated": 1618484049,
            "team_id": "T03FVM0K8"
        },
        "attachments": [
            {
                "id": 1,
                "footer_icon": "https:\/\/slack.github.com\/static\/img\/favicon-neutral.png",
                "color": "24292f",
                "fallback": "[silverkeytech\/giz-edu-inspection] 1 new commit pushed to _main_ by AmrTealeb",
                "text": "`<https:\/\/github.com\/silverkeytech\/giz-edu-inspection\/commit\/005ffb28a885de1720876e5d64a686e71522fd76|005ffb28>` - Update school visits users to add TE Quality assurance officers",
                "pretext": "<https:\/\/github.com\/silverkeytech\/giz-edu-inspection\/compare\/eb54687aa6f0...005ffb28a885|1 new commit> pushed to `<https:\/\/github.com\/silverkeytech\/giz-edu-inspection\/tree\/main|main>` by <https:\/\/github.com\/AmrTealeb|AmrTealeb>",
                "footer": "<https:\/\/github.com\/silverkeytech\/giz-edu-inspection|silverkeytech\/giz-edu-inspection>",
                "mrkdwn_in": [
                    "text"
                ]
            }
        ]
    }
]