[
    {
        "bot_id": "B01U774L6SJ",
        "type": "message",
        "text": "",
        "user": "U01UE6SLDMH",
        "ts": "1690126841.620829",
        "app_id": "A01BP7R4KNY",
        "team": "T03FVM0K8",
        "bot_profile": {
            "id": "B01U774L6SJ",
            "app_id": "A01BP7R4KNY",
            "name": "GitHub",
            "icons": {
                "image_36": "https:\/\/avatars.slack-edge.com\/2020-11-25\/1527503386626_319578f21381f9641cd8_36.png",
                "image_48": "https:\/\/avatars.slack-edge.com\/2020-11-25\/1527503386626_319578f21381f9641cd8_48.png",
                "image_72": "https:\/\/avatars.slack-edge.com\/2020-11-25\/1527503386626_319578f21381f9641cd8_72.png"
            },
            "deleted": false,
            "updated": 1618484049,
            "team_id": "T03FVM0K8"
        },
        "attachments": [
            {
                "id": 1,
                "footer_icon": "https:\/\/slack.github.com\/static\/img\/favicon-neutral.png",
                "color": "24292f",
                "fallback": "[silverkeytech\/giz-edu-inspection] 1 new commit pushed to _main_ by AmrTealeb",
                "text": "`<https:\/\/github.com\/silverkeytech\/giz-edu-inspection\/commit\/2304223bbbdcfdea7b7fba3ffc68de1e1b618e76|2304223b>` - Update school success rates report",
                "pretext": "<https:\/\/github.com\/silverkeytech\/giz-edu-inspection\/compare\/363211ddf7e7...2304223bbbdc|1 new commit> pushed to `<https:\/\/github.com\/silverkeytech\/giz-edu-inspection\/tree\/main|main>` by <https:\/\/github.com\/AmrTealeb|AmrTealeb>",
                "footer": "<https:\/\/github.com\/silverkeytech\/giz-edu-inspection|silverkeytech\/giz-edu-inspection>",
                "mrkdwn_in": [
                    "text"
                ]
            }
        ]
    },
    {
        "bot_id": "B01U774L6SJ",
        "type": "message",
        "text": "",
        "user": "U01UE6SLDMH",
        "ts": "1690169026.921659",
        "app_id": "A01BP7R4KNY",
        "team": "T03FVM0K8",
        "bot_profile": {
            "id": "B01U774L6SJ",
            "app_id": "A01BP7R4KNY",
            "name": "GitHub",
            "icons": {
                "image_36": "https:\/\/avatars.slack-edge.com\/2020-11-25\/1527503386626_319578f21381f9641cd8_36.png",
                "image_48": "https:\/\/avatars.slack-edge.com\/2020-11-25\/1527503386626_319578f21381f9641cd8_48.png",
                "image_72": "https:\/\/avatars.slack-edge.com\/2020-11-25\/1527503386626_319578f21381f9641cd8_72.png"
            },
            "deleted": false,
            "updated": 1618484049,
            "team_id": "T03FVM0K8"
        },
        "edited": {
            "user": "B01U774L6SJ",
            "ts": "1690169235.000000"
        },
        "attachments": [
            {
                "id": 1,
                "footer_icon": "https:\/\/slack.github.com\/static\/img\/favicon-neutral.png",
                "ts": 1690169025,
                "color": "6f42c1",
                "fallback": "[silverkeytech\/giz-edu-inspection] Pull request opened by mazenamr",
                "pretext": "Pull request opened by <https:\/\/github.com\/mazenamr|mazenamr>",
                "title": "<https:\/\/github.com\/silverkeytech\/giz-edu-inspection\/pull\/872|#872 Add Entering Accreditation Entity and Year for Each School Department>",
                "callback_id": "pr-opened-interaction",
                "footer": "<https:\/\/github.com\/silverkeytech\/giz-edu-inspection|silverkeytech\/giz-edu-inspection>",
                "mrkdwn_in": [
                    "text"
                ],
                "actions": [
                    {
                        "id": "1",
                        "name": "comment",
                        "text": "Comment",
                        "type": "button",
                        "value": "{&amp;amp;quot;selectedOrg&amp;amp;quot;:&amp;amp;quot;silverkeytech&amp;amp;quot;,&amp;amp;quot;selectedOrgId&amp;amp;quot;:109834,&amp;amp;quot;selectedRepo&amp;amp;quot;:&amp;amp;quot;giz-edu-inspection&amp;amp;quot;,&amp;amp;quot;selectedRepoId&amp;amp;quot;:385211344,&amp;amp;quot;number&amp;amp;quot;:872,&amp;amp;quot;htmlUrl&amp;amp;quot;:&amp;amp;quot;https:\/\/github.com\/silverkeytech\/giz-edu-inspection\/pull\/872&amp;amp;quot;,&amp;amp;quot;title&amp;amp;quot;:&amp;amp;quot;Add Entering Accreditation Entity and Year for Each School Department&amp;amp;quot;}",
                        "style": ""
                    }
                ]
            },
            {
                "id": 2,
                "color": "28a745",
                "fallback": "All checks have passed",
                "text": ":white_check_mark: All checks have passed",
                "footer": "1\/1 successful checks"
            }
        ],
        "thread_ts": "1690169026.921659",
        "reply_count": 1,
        "reply_users_count": 1,
        "latest_reply": "1690169235.540229",
        "reply_users": [
            "U01UE6SLDMH"
        ],
        "replies": [
            {
                "user": "U01UE6SLDMH",
                "ts": "1690169235.540229"
            }
        ],
        "is_locked": false,
        "subscribed": false
    },
    {
        "bot_id": "B01U774L6SJ",
        "type": "message",
        "text": "",
        "user": "U01UE6SLDMH",
        "ts": "1690169235.520529",
        "app_id": "A01BP7R4KNY",
        "team": "T03FVM0K8",
        "bot_profile": {
            "id": "B01U774L6SJ",
            "app_id": "A01BP7R4KNY",
            "name": "GitHub",
            "icons": {
                "image_36": "https:\/\/avatars.slack-edge.com\/2020-11-25\/1527503386626_319578f21381f9641cd8_36.png",
                "image_48": "https:\/\/avatars.slack-edge.com\/2020-11-25\/1527503386626_319578f21381f9641cd8_48.png",
                "image_72": "https:\/\/avatars.slack-edge.com\/2020-11-25\/1527503386626_319578f21381f9641cd8_72.png"
            },
            "deleted": false,
            "updated": 1618484049,
            "team_id": "T03FVM0K8"
        },
        "attachments": [
            {
                "id": 1,
                "footer_icon": "https:\/\/slack.github.com\/static\/img\/favicon-neutral.png",
                "color": "24292f",
                "fallback": "[silverkeytech\/giz-edu-inspection] 9 new commits pushed to _main_ by mazenamr",
                "text": "`<https:\/\/github.com\/silverkeytech\/giz-edu-inspection\/commit\/481d25b8f100b017f2d4af7c55be8638d28fe830|481d25b8>` - Generate LookupAPI\n`<https:\/\/github.com\/silverkeytech\/giz-edu-inspection\/commit\/9cb80dd5f0414a0d8edbbccf3341491cc48efd47|9cb80dd5>` - Add Accreditation Entity ID and Year Fields to Department Yearly History Table\n`<https:\/\/github.com\/silverkeytech\/giz-edu-inspection\/commit\/f9d419ab6459d3054da89433c7f942ef453151f7|f9d419ab>` - Generate LLBL\n`<https:\/\/github.com\/silverkeytech\/giz-edu-inspection\/commit\/5eb537b02d715709073e23be23bd961acf72a920|5eb537b0>` - Update API to Save Accreditation Entity ID and Year to School Department\n`<https:\/\/github.com\/silverkeytech\/giz-edu-inspection\/commit\/9b22f9c05d7aad8fe964987a2353618cad220b4d|9b22f9c0>` - Generate LookupAPI\n`<https:\/\/github.com\/silverkeytech\/giz-edu-inspection\/commit\/3d0e31120d07173fdb99bda1ddf14fc5aaeb3268|3d0e3112>` - Add Setting Accreditation Entity ID and Year to Departments from School View\n`<https:\/\/github.com\/silverkeytech\/giz-edu-inspection\/commit\/999b04cecf2b7442ffc14f60147f25ed038f9a31|999b04ce>` - Add Updating Accreditation Entity ID and Year to Departments from Admin View\n`<https:\/\/github.com\/silverkeytech\/giz-edu-inspection\/commit\/fe515fcd2cd608f6c537bb201cb2a0327727f395|fe515fcd>` - Remove Accreditation Provider Info Input from Basic Info in School View\n`<https:\/\/github.com\/silverkeytech\/giz-edu-inspection\/commit\/ca1329c3f6b9b136cf55139b438573e392016895|ca1329c3>` - Merge pull request #872 from silverkeytech\/Mazen",
                "pretext": "<https:\/\/github.com\/silverkeytech\/giz-edu-inspection\/compare\/2304223bbbdc...ca1329c3f6b9|9 new commits> pushed to `<https:\/\/github.com\/silverkeytech\/giz-edu-inspection\/tree\/main|main>` by <https:\/\/github.com\/mazenamr|mazenamr>",
                "footer": "<https:\/\/github.com\/silverkeytech\/giz-edu-inspection|silverkeytech\/giz-edu-inspection>",
                "mrkdwn_in": [
                    "text"
                ]
            }
        ]
    },
    {
        "type": "message",
        "subtype": "thread_broadcast",
        "text": "",
        "bot_id": "B01U774L6SJ",
        "ts": "1690169235.540229",
        "thread_ts": "1690169026.921659",
        "root": {
            "bot_id": "B01U774L6SJ",
            "type": "message",
            "text": "",
            "user": "U01UE6SLDMH",
            "ts": "1690169026.921659",
            "app_id": "A01BP7R4KNY",
            "team": "T03FVM0K8",
            "bot_profile": {
                "id": "B01U774L6SJ",
                "app_id": "A01BP7R4KNY",
                "name": "GitHub",
                "icons": {
                    "image_36": "https:\/\/avatars.slack-edge.com\/2020-11-25\/1527503386626_319578f21381f9641cd8_36.png",
                    "image_48": "https:\/\/avatars.slack-edge.com\/2020-11-25\/1527503386626_319578f21381f9641cd8_48.png",
                    "image_72": "https:\/\/avatars.slack-edge.com\/2020-11-25\/1527503386626_319578f21381f9641cd8_72.png"
                },
                "deleted": false,
                "updated": 1618484049,
                "team_id": "T03FVM0K8"
            },
            "edited": {
                "user": "B01U774L6SJ",
                "ts": "1690169235.000000"
            },
            "attachments": [
                {
                    "id": 1,
                    "footer_icon": "https:\/\/slack.github.com\/static\/img\/favicon-neutral.png",
                    "ts": 1690169025,
                    "color": "6f42c1",
                    "fallback": "[silverkeytech\/giz-edu-inspection] Pull request opened by mazenamr",
                    "pretext": "Pull request opened by <https:\/\/github.com\/mazenamr|mazenamr>",
                    "title": "<https:\/\/github.com\/silverkeytech\/giz-edu-inspection\/pull\/872|#872 Add Entering Accreditation Entity and Year for Each School Department>",
                    "callback_id": "pr-opened-interaction",
                    "footer": "<https:\/\/github.com\/silverkeytech\/giz-edu-inspection|silverkeytech\/giz-edu-inspection>",
                    "mrkdwn_in": [
                        "text"
                    ],
                    "actions": [
                        {
                            "id": "1",
                            "name": "comment",
                            "text": "Comment",
                            "type": "button",
                            "value": "{&amp;amp;quot;selectedOrg&amp;amp;quot;:&amp;amp;quot;silverkeytech&amp;amp;quot;,&amp;amp;quot;selectedOrgId&amp;amp;quot;:109834,&amp;amp;quot;selectedRepo&amp;amp;quot;:&amp;amp;quot;giz-edu-inspection&amp;amp;quot;,&amp;amp;quot;selectedRepoId&amp;amp;quot;:385211344,&amp;amp;quot;number&amp;amp;quot;:872,&amp;amp;quot;htmlUrl&amp;amp;quot;:&amp;amp;quot;https:\/\/github.com\/silverkeytech\/giz-edu-inspection\/pull\/872&amp;amp;quot;,&amp;amp;quot;title&amp;amp;quot;:&amp;amp;quot;Add Entering Accreditation Entity and Year for Each School Department&amp;amp;quot;}",
                            "style": ""
                        }
                    ]
                },
                {
                    "id": 2,
                    "color": "28a745",
                    "fallback": "All checks have passed",
                    "text": ":white_check_mark: All checks have passed",
                    "footer": "1\/1 successful checks"
                }
            ],
            "thread_ts": "1690169026.921659",
            "reply_count": 1,
            "reply_users_count": 1,
            "latest_reply": "1690169235.540229",
            "reply_users": [
                "U01UE6SLDMH"
            ],
            "replies": [
                {
                    "user": "U01UE6SLDMH",
                    "ts": "1690169235.540229"
                }
            ],
            "is_locked": false,
            "subscribed": false
        },
        "app_id": "A01BP7R4KNY",
        "attachments": [
            {
                "id": 1,
                "footer_icon": "https:\/\/slack.github.com\/static\/img\/favicon-neutral.png",
                "ts": 1690169025,
                "color": "6f42c1",
                "fallback": "[silverkeytech\/giz-edu-inspection] Pull request merged by mazenamr",
                "pretext": "Pull request merged by <https:\/\/github.com\/mazenamr|mazenamr>",
                "title": "<https:\/\/github.com\/silverkeytech\/giz-edu-inspection\/pull\/872|#872 Add Entering Accreditation Entity and Year for Each School Department>",
                "footer": "<https:\/\/github.com\/silverkeytech\/giz-edu-inspection|silverkeytech\/giz-edu-inspection>"
            }
        ]
    },
    {
        "type": "message",
        "subtype": "thread_broadcast",
        "text": "",
        "bot_id": "B01U774L6SJ",
        "ts": "1690169236.025769",
        "thread_ts": "1689267723.336559",
        "root": {
            "bot_id": "B01U774L6SJ",
            "type": "message",
            "text": "",
            "user": "U01UE6SLDMH",
            "ts": "1689267723.336559",
            "app_id": "A01BP7R4KNY",
            "team": "T03FVM0K8",
            "bot_profile": {
                "id": "B01U774L6SJ",
                "app_id": "A01BP7R4KNY",
                "name": "GitHub",
                "icons": {
                    "image_36": "https:\/\/avatars.slack-edge.com\/2020-11-25\/1527503386626_319578f21381f9641cd8_36.png",
                    "image_48": "https:\/\/avatars.slack-edge.com\/2020-11-25\/1527503386626_319578f21381f9641cd8_48.png",
                    "image_72": "https:\/\/avatars.slack-edge.com\/2020-11-25\/1527503386626_319578f21381f9641cd8_72.png"
                },
                "deleted": false,
                "updated": 1618484049,
                "team_id": "T03FVM0K8"
            },
            "edited": {
                "user": "B01U774L6SJ",
                "ts": "1690169236.000000"
            },
            "attachments": [
                {
                    "id": 1,
                    "footer_icon": "https:\/\/slack.github.com\/static\/img\/favicon-neutral.png",
                    "ts": 1689267721,
                    "color": "8250df",
                    "fallback": "[silverkeytech\/giz-edu-inspection] Issue opened by mazenamr",
                    "text": "Blocked waiting for directions on whether each program is allowed to have a different accreditation entity or just different accreditation years.",
                    "pretext": "Issue created by <https:\/\/github.com\/mazenamr|mazenamr>",
                    "title": "<https:\/\/github.com\/silverkeytech\/giz-edu-inspection\/issues\/832|#832 For accredited schools allow them to enter the year of accreditation and accreditation entity for each program>",
                    "callback_id": "issue-opened-interaction",
                    "footer": "<https:\/\/github.com\/silverkeytech\/giz-edu-inspection|silverkeytech\/giz-edu-inspection>",
                    "fields": [
                        {
                            "value": "<https:\/\/github.com\/mazenamr|@mazenamr>",
                            "title": "Assignees",
                            "short": true
                        },
                        {
                            "value": "1",
                            "title": "Comments",
                            "short": true
                        }
                    ],
                    "mrkdwn_in": [
                        "text"
                    ],
                    "actions": [
                        {
                            "id": "1",
                            "name": "comment",
                            "text": "Comment",
                            "type": "button",
                            "value": "{&amp;amp;quot;selectedOrg&amp;amp;quot;:&amp;amp;quot;silverkeytech&amp;amp;quot;,&amp;amp;quot;selectedOrgId&amp;amp;quot;:109834,&amp;amp;quot;selectedRepo&amp;amp;quot;:&amp;amp;quot;giz-edu-inspection&amp;amp;quot;,&amp;amp;quot;selectedRepoId&amp;amp;quot;:385211344,&amp;amp;quot;issueNumber&amp;amp;quot;:832,&amp;amp;quot;issueHtmlUrl&amp;amp;quot;:&amp;amp;quot;https:\/\/github.com\/silverkeytech\/giz-edu-inspection\/issues\/832&amp;amp;quot;,&amp;amp;quot;issueTitle&amp;amp;quot;:&amp;amp;quot;For accredited schools allow them to enter the year of accreditation and accreditation entity for each program&amp;amp;quot;}",
                            "style": ""
                        },
                        {
                            "id": "2",
                            "name": "edit",
                            "text": "Edit",
                            "type": "button",
                            "value": "{&amp;amp;quot;selectedOrg&amp;amp;quot;:&amp;amp;quot;silverkeytech&amp;amp;quot;,&amp;amp;quot;selectedOrgId&amp;amp;quot;:109834,&amp;amp;quot;selectedRepo&amp;amp;quot;:&amp;amp;quot;giz-edu-inspection&amp;amp;quot;,&amp;amp;quot;selectedRepoId&amp;amp;quot;:385211344,&amp;amp;quot;issueNumber&amp;amp;quot;:832,&amp;amp;quot;issueHtmlUrl&amp;amp;quot;:&amp;amp;quot;https:\/\/github.com\/silverkeytech\/giz-edu-inspection\/issues\/832&amp;amp;quot;,&amp;amp;quot;issueTitle&amp;amp;quot;:&amp;amp;quot;For accredited schools allow them to enter the year of accreditation and accreditation entity for each program&amp;amp;quot;}",
                            "style": ""
                        },
                        {
                            "id": "3",
                            "name": "reopen",
                            "text": "Reopen",
                            "type": "button",
                            "value": "{&amp;amp;quot;selectedOrg&amp;amp;quot;:&amp;amp;quot;silverkeytech&amp;amp;quot;,&amp;amp;quot;selectedOrgId&amp;amp;quot;:109834,&amp;amp;quot;selectedRepo&amp;amp;quot;:&amp;amp;quot;giz-edu-inspection&amp;amp;quot;,&amp;amp;quot;selectedRepoId&amp;amp;quot;:385211344,&amp;amp;quot;issueNumber&amp;amp;quot;:832,&amp;amp;quot;issueHtmlUrl&amp;amp;quot;:&amp;amp;quot;https:\/\/github.com\/silverkeytech\/giz-edu-inspection\/issues\/832&amp;amp;quot;,&amp;amp;quot;issueTitle&amp;amp;quot;:&amp;amp;quot;For accredited schools allow them to enter the year of accreditation and accreditation entity for each program&amp;amp;quot;}",
                            "style": ""
                        }
                    ]
                }
            ],
            "thread_ts": "1689267723.336559",
            "reply_count": 1,
            "reply_users_count": 1,
            "latest_reply": "1690169236.025769",
            "reply_users": [
                "U01UE6SLDMH"
            ],
            "replies": [
                {
                    "user": "U01UE6SLDMH",
                    "ts": "1690169236.025769"
                }
            ],
            "is_locked": false,
            "subscribed": false
        },
        "app_id": "A01BP7R4KNY",
        "attachments": [
            {
                "id": 1,
                "footer_icon": "https:\/\/slack.github.com\/static\/img\/favicon-neutral.png",
                "ts": 1689267721,
                "color": "8250df",
                "fallback": "[silverkeytech\/giz-edu-inspection] Issue closed as completed by mazenamr",
                "pretext": "Issue closed as completed by <https:\/\/github.com\/mazenamr|mazenamr>",
                "title": "<https:\/\/github.com\/silverkeytech\/giz-edu-inspection\/issues\/832|#832 For accredited schools allow them to enter the year of accreditation and accreditation entity for each program>",
                "footer": "<https:\/\/github.com\/silverkeytech\/giz-edu-inspection|silverkeytech\/giz-edu-inspection>"
            }
        ]
    },
    {
        "type": "message",
        "subtype": "thread_broadcast",
        "text": "",
        "bot_id": "B01U774L6SJ",
        "ts": "1690180388.014099",
        "thread_ts": "1689679941.185389",
        "root": {
            "bot_id": "B01U774L6SJ",
            "type": "message",
            "text": "",
            "user": "U01UE6SLDMH",
            "ts": "1689679941.185389",
            "app_id": "A01BP7R4KNY",
            "team": "T03FVM0K8",
            "bot_profile": {
                "id": "B01U774L6SJ",
                "app_id": "A01BP7R4KNY",
                "name": "GitHub",
                "icons": {
                    "image_36": "https:\/\/avatars.slack-edge.com\/2020-11-25\/1527503386626_319578f21381f9641cd8_36.png",
                    "image_48": "https:\/\/avatars.slack-edge.com\/2020-11-25\/1527503386626_319578f21381f9641cd8_48.png",
                    "image_72": "https:\/\/avatars.slack-edge.com\/2020-11-25\/1527503386626_319578f21381f9641cd8_72.png"
                },
                "deleted": false,
                "updated": 1618484049,
                "team_id": "T03FVM0K8"
            },
            "edited": {
                "user": "B01U774L6SJ",
                "ts": "1690180388.000000"
            },
            "attachments": [
                {
                    "id": 1,
                    "footer_icon": "https:\/\/slack.github.com\/static\/img\/favicon-neutral.png",
                    "ts": 1689679937,
                    "color": "8250df",
                    "fallback": "[silverkeytech\/giz-edu-inspection] Issue opened by RehamAbdelraheemAli",
                    "pretext": "Issue created by <https:\/\/github.com\/RehamAbdelraheemAli|RehamAbdelraheemAli>",
                    "title": "<https:\/\/github.com\/silverkeytech\/giz-edu-inspection\/issues\/853|#853 Update the visits seeded types into (دعم في التقييم الذاتي, دعم في خطة التحسين, مراجعة داخلية)>",
                    "callback_id": "issue-opened-interaction",
                    "footer": "<https:\/\/github.com\/silverkeytech\/giz-edu-inspection|silverkeytech\/giz-edu-inspection>",
                    "fields": [
                        {
                            "value": "<https:\/\/github.com\/RehamAbdelraheemAli|@RehamAbdelraheemAli>",
                            "title": "Assignees",
                            "short": true
                        },
                        {
                            "value": "<https:\/\/github.com\/silverkeytech\/giz-edu-inspection\/milestone\/2|Week 2 >",
                            "title": "Milestone",
                            "short": true
                        }
                    ],
                    "mrkdwn_in": [
                        "text"
                    ],
                    "actions": [
                        {
                            "id": "1",
                            "name": "comment",
                            "text": "Comment",
                            "type": "button",
                            "value": "{&amp;amp;quot;selectedOrg&amp;amp;quot;:&amp;amp;quot;silverkeytech&amp;amp;quot;,&amp;amp;quot;selectedOrgId&amp;amp;quot;:109834,&amp;amp;quot;selectedRepo&amp;amp;quot;:&amp;amp;quot;giz-edu-inspection&amp;amp;quot;,&amp;amp;quot;selectedRepoId&amp;amp;quot;:385211344,&amp;amp;quot;issueNumber&amp;amp;quot;:853,&amp;amp;quot;issueHtmlUrl&amp;amp;quot;:&amp;amp;quot;https:\/\/github.com\/silverkeytech\/giz-edu-inspection\/issues\/853&amp;amp;quot;,&amp;amp;quot;issueTitle&amp;amp;quot;:&amp;amp;quot;Update the visits seeded types into (دعم في التقييم الذاتي, دعم في خطة التحسين, مراجعة داخلية)&amp;amp;quot;}",
                            "style": ""
                        },
                        {
                            "id": "2",
                            "name": "edit",
                            "text": "Edit",
                            "type": "button",
                            "value": "{&amp;amp;quot;selectedOrg&amp;amp;quot;:&amp;amp;quot;silverkeytech&amp;amp;quot;,&amp;amp;quot;selectedOrgId&amp;amp;quot;:109834,&amp;amp;quot;selectedRepo&amp;amp;quot;:&amp;amp;quot;giz-edu-inspection&amp;amp;quot;,&amp;amp;quot;selectedRepoId&amp;amp;quot;:385211344,&amp;amp;quot;issueNumber&amp;amp;quot;:853,&amp;amp;quot;issueHtmlUrl&amp;amp;quot;:&amp;amp;quot;https:\/\/github.com\/silverkeytech\/giz-edu-inspection\/issues\/853&amp;amp;quot;,&amp;amp;quot;issueTitle&amp;amp;quot;:&amp;amp;quot;Update the visits seeded types into (دعم في التقييم الذاتي, دعم في خطة التحسين, مراجعة داخلية)&amp;amp;quot;}",
                            "style": ""
                        },
                        {
                            "id": "3",
                            "name": "reopen",
                            "text": "Reopen",
                            "type": "button",
                            "value": "{&amp;amp;quot;selectedOrg&amp;amp;quot;:&amp;amp;quot;silverkeytech&amp;amp;quot;,&amp;amp;quot;selectedOrgId&amp;amp;quot;:109834,&amp;amp;quot;selectedRepo&amp;amp;quot;:&amp;amp;quot;giz-edu-inspection&amp;amp;quot;,&amp;amp;quot;selectedRepoId&amp;amp;quot;:385211344,&amp;amp;quot;issueNumber&amp;amp;quot;:853,&amp;amp;quot;issueHtmlUrl&amp;amp;quot;:&amp;amp;quot;https:\/\/github.com\/silverkeytech\/giz-edu-inspection\/issues\/853&amp;amp;quot;,&amp;amp;quot;issueTitle&amp;amp;quot;:&amp;amp;quot;Update the visits seeded types into (دعم في التقييم الذاتي, دعم في خطة التحسين, مراجعة داخلية)&amp;amp;quot;}",
                            "style": ""
                        }
                    ]
                }
            ],
            "thread_ts": "1689679941.185389",
            "reply_count": 1,
            "reply_users_count": 1,
            "latest_reply": "1690180388.014099",
            "reply_users": [
                "U01UE6SLDMH"
            ],
            "replies": [
                {
                    "user": "U01UE6SLDMH",
                    "ts": "1690180388.014099"
                }
            ],
            "is_locked": false,
            "subscribed": false
        },
        "app_id": "A01BP7R4KNY",
        "attachments": [
            {
                "id": 1,
                "footer_icon": "https:\/\/slack.github.com\/static\/img\/favicon-neutral.png",
                "ts": 1689679937,
                "color": "8250df",
                "fallback": "[silverkeytech\/giz-edu-inspection] Issue closed as completed by RehamAbdelraheemAli",
                "pretext": "Issue closed as completed by <https:\/\/github.com\/RehamAbdelraheemAli|RehamAbdelraheemAli>",
                "title": "<https:\/\/github.com\/silverkeytech\/giz-edu-inspection\/issues\/853|#853 Update the visits seeded types into (دعم في التقييم الذاتي, دعم في خطة التحسين, مراجعة داخلية)>",
                "footer": "<https:\/\/github.com\/silverkeytech\/giz-edu-inspection|silverkeytech\/giz-edu-inspection>"
            }
        ]
    }
]